mode,scenario,variant,round,iterations,total_ns,ns_per_iteration,events
bytes_tokio,small_data_whole_stream_chunk,data_only,0,1,3921052,3921052,100000
bytes_tokio,small_data_whole_stream_chunk,step2,0,1,4214874,4214874,100000
bytes_tokio,small_data_whole_stream_chunk,step1,0,1,3806269,3806269,100000
bytes_tokio,small_data_whole_stream_chunk,baseline,0,1,3991020,3991020,100000
bytes_tokio,small_data_whole_stream_chunk,cold_copy,0,1,4605996,4605996,100000
bytes_tokio,small_data_whole_stream_chunk,step2,1,1,3955222,3955222,100000
bytes_tokio,small_data_whole_stream_chunk,step1,1,1,3679166,3679166,100000
bytes_tokio,small_data_whole_stream_chunk,data_only,1,1,3824865,3824865,100000
bytes_tokio,small_data_whole_stream_chunk,cold_copy,1,1,3851527,3851527,100000
bytes_tokio,small_data_whole_stream_chunk,baseline,1,1,3731230,3731230,100000
bytes_tokio,small_data_whole_stream_chunk,cold_copy,2,1,3810977,3810977,100000
bytes_tokio,small_data_whole_stream_chunk,data_only,2,1,3848433,3848433,100000
bytes_tokio,small_data_whole_stream_chunk,step1,2,1,3703217,3703217,100000
bytes_tokio,small_data_whole_stream_chunk,baseline,2,1,3741886,3741886,100000
bytes_tokio,small_data_whole_stream_chunk,step2,2,1,3850355,3850355,100000
bytes_tokio,small_data_whole_stream_chunk,baseline,3,1,3710534,3710534,100000
bytes_tokio,small_data_whole_stream_chunk,step2,3,1,4047645,4047645,100000
bytes_tokio,small_data_whole_stream_chunk,cold_copy,3,1,3819967,3819967,100000
bytes_tokio,small_data_whole_stream_chunk,data_only,3,1,3834507,3834507,100000
bytes_tokio,small_data_whole_stream_chunk,step1,3,1,3663407,3663407,100000
bytes_tokio,small_data_whole_stream_chunk,step1,4,1,3724933,3724933,100000
bytes_tokio,small_data_whole_stream_chunk,data_only,4,1,4040581,4040581,100000
bytes_tokio,small_data_whole_stream_chunk,baseline,4,1,3730364,3730364,100000
bytes_tokio,small_data_whole_stream_chunk,cold_copy,4,1,3861103,3861103,100000
bytes_tokio,small_data_whole_stream_chunk,step2,4,1,3817056,3817056,100000
bytes_tokio,small_data_whole_stream_chunk,baseline,5,1,3761938,3761938,100000
bytes_tokio,small_data_whole_stream_chunk,data_only,5,1,3849373,3849373,100000
bytes_tokio,small_data_whole_stream_chunk,step1,5,1,3709823,3709823,100000
bytes_tokio,small_data_whole_stream_chunk,cold_copy,5,1,3829162,3829162,100000
bytes_tokio,small_data_whole_stream_chunk,step2,5,1,3810216,3810216,100000
bytes_tokio,small_data_whole_stream_chunk,step1,6,1,3694872,3694872,100000
bytes_tokio,small_data_whole_stream_chunk,baseline,6,1,3801809,3801809,100000
bytes_tokio,small_data_whole_stream_chunk,step2,6,1,3811189,3811189,100000
bytes_tokio,small_data_whole_stream_chunk,data_only,6,1,3841260,3841260,100000
bytes_tokio,small_data_whole_stream_chunk,cold_copy,6,1,3797868,3797868,100000
bytes_tokio,small_data_whole_stream_chunk,cold_copy,7,1,3837914,3837914,100000
bytes_tokio,small_data_whole_stream_chunk,baseline,7,1,3722604,3722604,100000
bytes_tokio,small_data_whole_stream_chunk,step1,7,1,3681472,3681472,100000
bytes_tokio,small_data_whole_stream_chunk,data_only,7,1,3828817,3828817,100000
bytes_tokio,small_data_whole_stream_chunk,step2,7,1,3844718,3844718,100000
bytes_tokio,small_data_whole_stream_chunk,step2,8,1,3826056,3826056,100000
bytes_tokio,small_data_whole_stream_chunk,data_only,8,1,3819959,3819959,100000
bytes_tokio,small_data_whole_stream_chunk,baseline,8,1,3761911,3761911,100000
bytes_tokio,small_data_whole_stream_chunk,cold_copy,8,1,3781472,3781472,100000
bytes_tokio,small_data_whole_stream_chunk,step1,8,1,3681669,3681669,100000
bytes_tokio,small_data_whole_stream_chunk,step2,9,1,3820594,3820594,100000
bytes_tokio,small_data_whole_stream_chunk,baseline,9,1,3782734,3782734,100000
bytes_tokio,small_data_whole_stream_chunk,data_only,9,1,3794467,3794467,100000
bytes_tokio,small_data_whole_stream_chunk,cold_copy,9,1,3876905,3876905,100000
bytes_tokio,small_data_whole_stream_chunk,step1,9,1,3704787,3704787,100000
bytes_tokio,small_data_whole_stream_chunk,step1,10,1,3743478,3743478,100000
bytes_tokio,small_data_whole_stream_chunk,data_only,10,1,3967086,3967086,100000
bytes_tokio,small_data_whole_stream_chunk,baseline,10,1,3787858,3787858,100000
bytes_tokio,small_data_whole_stream_chunk,step2,10,1,3789599,3789599,100000
bytes_tokio,small_data_whole_stream_chunk,cold_copy,10,1,3853927,3853927,100000
bytes_tokio,small_data_whole_stream_chunk,step2,11,1,3838576,3838576,100000
bytes_tokio,small_data_whole_stream_chunk,baseline,11,1,3737766,3737766,100000
bytes_tokio,small_data_whole_stream_chunk,step1,11,1,3781860,3781860,100000
bytes_tokio,small_data_whole_stream_chunk,data_only,11,1,3831112,3831112,100000
bytes_tokio,small_data_whole_stream_chunk,cold_copy,11,1,3799631,3799631,100000
bytes_tokio,small_data_whole_stream_chunk,step1,12,1,3670449,3670449,100000
bytes_tokio,small_data_whole_stream_chunk,cold_copy,12,1,3819990,3819990,100000
bytes_tokio,small_data_whole_stream_chunk,step2,12,1,3818306,3818306,100000
bytes_tokio,small_data_whole_stream_chunk,baseline,12,1,3697618,3697618,100000
bytes_tokio,small_data_whole_stream_chunk,data_only,12,1,3832701,3832701,100000
bytes_tokio,small_data_whole_stream_chunk,step1,13,1,3656379,3656379,100000
bytes_tokio,small_data_whole_stream_chunk,cold_copy,13,1,3826713,3826713,100000
bytes_tokio,small_data_whole_stream_chunk,data_only,13,1,3826249,3826249,100000
bytes_tokio,small_data_whole_stream_chunk,baseline,13,1,4008826,4008826,100000
bytes_tokio,small_data_whole_stream_chunk,step2,13,1,4038426,4038426,100000
bytes_tokio,small_data_whole_stream_chunk,step1,14,1,3730581,3730581,100000
bytes_tokio,small_data_whole_stream_chunk,baseline,14,1,3743075,3743075,100000
bytes_tokio,small_data_whole_stream_chunk,cold_copy,14,1,3896797,3896797,100000
bytes_tokio,small_data_whole_stream_chunk,data_only,14,1,3806627,3806627,100000
bytes_tokio,small_data_whole_stream_chunk,step2,14,1,3832577,3832577,100000
bytes_tokio,small_data_whole_stream_chunk,step1,15,1,3692181,3692181,100000
bytes_tokio,small_data_whole_stream_chunk,step2,15,1,3814965,3814965,100000
bytes_tokio,small_data_whole_stream_chunk,baseline,15,1,3742261,3742261,100000
bytes_tokio,small_data_whole_stream_chunk,cold_copy,15,1,3872918,3872918,100000
bytes_tokio,small_data_whole_stream_chunk,data_only,15,1,4414346,4414346,100000
bytes_tokio,small_data_whole_stream_chunk,baseline,16,1,3981740,3981740,100000
bytes_tokio,small_data_whole_stream_chunk,step1,16,1,3681195,3681195,100000
bytes_tokio,small_data_whole_stream_chunk,cold_copy,16,1,3846955,3846955,100000
bytes_tokio,small_data_whole_stream_chunk,data_only,16,1,3832885,3832885,100000
bytes_tokio,small_data_whole_stream_chunk,step2,16,1,3845175,3845175,100000
bytes_tokio,small_data_whole_stream_chunk,step1,17,1,3670742,3670742,100000
bytes_tokio,small_data_whole_stream_chunk,baseline,17,1,3739830,3739830,100000
bytes_tokio,small_data_whole_stream_chunk,step2,17,1,3830285,3830285,100000
bytes_tokio,small_data_whole_stream_chunk,cold_copy,17,1,3800722,3800722,100000
bytes_tokio,small_data_whole_stream_chunk,data_only,17,1,3810016,3810016,100000
bytes_tokio,small_data_whole_stream_chunk,step1,18,1,3693387,3693387,100000
bytes_tokio,small_data_whole_stream_chunk,baseline,18,1,3776648,3776648,100000
bytes_tokio,small_data_whole_stream_chunk,cold_copy,18,1,3787920,3787920,100000
bytes_tokio,small_data_whole_stream_chunk,step2,18,1,3851684,3851684,100000
bytes_tokio,small_data_whole_stream_chunk,data_only,18,1,3805254,3805254,100000
bytes_tokio,small_data_whole_stream_chunk,step2,19,1,3808036,3808036,100000
bytes_tokio,small_data_whole_stream_chunk,step1,19,1,3691184,3691184,100000
bytes_tokio,small_data_whole_stream_chunk,baseline,19,1,3756056,3756056,100000
bytes_tokio,small_data_whole_stream_chunk,data_only,19,1,3821964,3821964,100000
bytes_tokio,small_data_whole_stream_chunk,cold_copy,19,1,3759744,3759744,100000
bytes_tokio,small_data_whole_stream_chunk,cold_copy,20,1,3834060,3834060,100000
bytes_tokio,small_data_whole_stream_chunk,step1,20,1,3752101,3752101,100000
bytes_tokio,small_data_whole_stream_chunk,step2,20,1,3814309,3814309,100000
bytes_tokio,small_data_whole_stream_chunk,data_only,20,1,3861996,3861996,100000
bytes_tokio,small_data_whole_stream_chunk,baseline,20,1,3718266,3718266,100000
bytes_tokio,small_data_whole_stream_chunk,step1,21,1,3704781,3704781,100000
bytes_tokio,small_data_whole_stream_chunk,baseline,21,1,3727696,3727696,100000
bytes_tokio,small_data_whole_stream_chunk,step2,21,1,4006555,4006555,100000
bytes_tokio,small_data_whole_stream_chunk,data_only,21,1,3941653,3941653,100000
bytes_tokio,small_data_whole_stream_chunk,cold_copy,21,1,4729860,4729860,100000
bytes_tokio,small_data_whole_stream_chunk,data_only,22,1,4599014,4599014,100000
bytes_tokio,small_data_whole_stream_chunk,step2,22,1,4684926,4684926,100000
bytes_tokio,small_data_whole_stream_chunk,step1,22,1,4468692,4468692,100000
bytes_tokio,small_data_whole_stream_chunk,cold_copy,22,1,4477368,4477368,100000
bytes_tokio,small_data_whole_stream_chunk,baseline,22,1,4612072,4612072,100000
bytes_tokio,small_data_whole_stream_chunk,step1,23,1,4331804,4331804,100000
bytes_tokio,small_data_whole_stream_chunk,data_only,23,1,4421436,4421436,100000
bytes_tokio,small_data_whole_stream_chunk,cold_copy,23,1,4924720,4924720,100000
bytes_tokio,small_data_whole_stream_chunk,baseline,23,1,4727640,4727640,100000
bytes_tokio,small_data_whole_stream_chunk,step2,23,1,4631455,4631455,100000
bytes_tokio,small_data_whole_stream_chunk,data_only,24,1,4650733,4650733,100000
bytes_tokio,small_data_whole_stream_chunk,step1,24,1,4463214,4463214,100000
bytes_tokio,small_data_whole_stream_chunk,step2,24,1,4619440,4619440,100000
bytes_tokio,small_data_whole_stream_chunk,baseline,24,1,4608436,4608436,100000
bytes_tokio,small_data_whole_stream_chunk,cold_copy,24,1,4453787,4453787,100000
bytes_tokio,small_data_whole_stream_chunk,step2,25,1,4725880,4725880,100000
bytes_tokio,small_data_whole_stream_chunk,baseline,25,1,4331657,4331657,100000
bytes_tokio,small_data_whole_stream_chunk,step1,25,1,4356848,4356848,100000
bytes_tokio,small_data_whole_stream_chunk,cold_copy,25,1,4611789,4611789,100000
bytes_tokio,small_data_whole_stream_chunk,data_only,25,1,4438941,4438941,100000
bytes_tokio,small_data_whole_stream_chunk,step1,26,1,4328033,4328033,100000
bytes_tokio,small_data_whole_stream_chunk,baseline,26,1,4049664,4049664,100000
bytes_tokio,small_data_whole_stream_chunk,step2,26,1,3876505,3876505,100000
bytes_tokio,small_data_whole_stream_chunk,cold_copy,26,1,3851644,3851644,100000
bytes_tokio,small_data_whole_stream_chunk,data_only,26,1,3817033,3817033,100000
bytes_tokio,small_data_whole_stream_chunk,baseline,27,1,3757743,3757743,100000
bytes_tokio,small_data_whole_stream_chunk,cold_copy,27,1,3793893,3793893,100000
bytes_tokio,small_data_whole_stream_chunk,step1,27,1,3874035,3874035,100000
bytes_tokio,small_data_whole_stream_chunk,step2,27,1,3926541,3926541,100000
bytes_tokio,small_data_whole_stream_chunk,data_only,27,1,4321490,4321490,100000
bytes_tokio,small_data_whole_stream_chunk,data_only,28,1,3919349,3919349,100000
bytes_tokio,small_data_whole_stream_chunk,cold_copy,28,1,3844353,3844353,100000
bytes_tokio,small_data_whole_stream_chunk,step1,28,1,3738179,3738179,100000
bytes_tokio,small_data_whole_stream_chunk,step2,28,1,3838592,3838592,100000
bytes_tokio,small_data_whole_stream_chunk,baseline,28,1,3793304,3793304,100000
bytes_tokio,small_data_whole_stream_chunk,baseline,29,1,3903992,3903992,100000
bytes_tokio,small_data_whole_stream_chunk,step2,29,1,3814544,3814544,100000
bytes_tokio,small_data_whole_stream_chunk,cold_copy,29,1,3870015,3870015,100000
bytes_tokio,small_data_whole_stream_chunk,step1,29,1,3749885,3749885,100000
bytes_tokio,small_data_whole_stream_chunk,data_only,29,1,3861410,3861410,100000
bytes_tokio,small_data_whole_stream_chunk,data_only,30,1,3852956,3852956,100000
bytes_tokio,small_data_whole_stream_chunk,step1,30,1,3707321,3707321,100000
bytes_tokio,small_data_whole_stream_chunk,cold_copy,30,1,3807966,3807966,100000
bytes_tokio,small_data_whole_stream_chunk,step2,30,1,3827065,3827065,100000
bytes_tokio,small_data_whole_stream_chunk,baseline,30,1,3733883,3733883,100000
bytes_tokio,small_data_tcp_chunks,data_only,0,1,3853080,3853080,100000
bytes_tokio,small_data_tcp_chunks,step2,0,1,3873201,3873201,100000
bytes_tokio,small_data_tcp_chunks,step1,0,1,3718639,3718639,100000
bytes_tokio,small_data_tcp_chunks,baseline,0,1,3811996,3811996,100000
bytes_tokio,small_data_tcp_chunks,cold_copy,0,1,3860128,3860128,100000
bytes_tokio,small_data_tcp_chunks,step2,1,1,3847455,3847455,100000
bytes_tokio,small_data_tcp_chunks,step1,1,1,3706401,3706401,100000
bytes_tokio,small_data_tcp_chunks,data_only,1,1,3858773,3858773,100000
bytes_tokio,small_data_tcp_chunks,cold_copy,1,1,3839645,3839645,100000
bytes_tokio,small_data_tcp_chunks,baseline,1,1,3774317,3774317,100000
bytes_tokio,small_data_tcp_chunks,cold_copy,2,1,3835254,3835254,100000
bytes_tokio,small_data_tcp_chunks,data_only,2,1,3841458,3841458,100000
bytes_tokio,small_data_tcp_chunks,step1,2,1,3699650,3699650,100000
bytes_tokio,small_data_tcp_chunks,baseline,2,1,3784730,3784730,100000
bytes_tokio,small_data_tcp_chunks,step2,2,1,3847020,3847020,100000
bytes_tokio,small_data_tcp_chunks,baseline,3,1,3782553,3782553,100000
bytes_tokio,small_data_tcp_chunks,step2,3,1,3860706,3860706,100000
bytes_tokio,small_data_tcp_chunks,cold_copy,3,1,3845124,3845124,100000
bytes_tokio,small_data_tcp_chunks,data_only,3,1,3876114,3876114,100000
bytes_tokio,small_data_tcp_chunks,step1,3,1,3700330,3700330,100000
bytes_tokio,small_data_tcp_chunks,step1,4,1,3707696,3707696,100000
bytes_tokio,small_data_tcp_chunks,data_only,4,1,3852140,3852140,100000
bytes_tokio,small_data_tcp_chunks,baseline,4,1,3774433,3774433,100000
bytes_tokio,small_data_tcp_chunks,cold_copy,4,1,3843193,3843193,100000
bytes_tokio,small_data_tcp_chunks,step2,4,1,3864277,3864277,100000
bytes_tokio,small_data_tcp_chunks,baseline,5,1,3767278,3767278,100000
bytes_tokio,small_data_tcp_chunks,data_only,5,1,3889176,3889176,100000
bytes_tokio,small_data_tcp_chunks,step1,5,1,3699284,3699284,100000
bytes_tokio,small_data_tcp_chunks,cold_copy,5,1,3824392,3824392,100000
bytes_tokio,small_data_tcp_chunks,step2,5,1,3819448,3819448,100000
bytes_tokio,small_data_tcp_chunks,step1,6,1,3724309,3724309,100000
bytes_tokio,small_data_tcp_chunks,baseline,6,1,3792283,3792283,100000
bytes_tokio,small_data_tcp_chunks,step2,6,1,3851038,3851038,100000
bytes_tokio,small_data_tcp_chunks,data_only,6,1,3867475,3867475,100000
bytes_tokio,small_data_tcp_chunks,cold_copy,6,1,3826267,3826267,100000
bytes_tokio,small_data_tcp_chunks,cold_copy,7,1,3843814,3843814,100000
bytes_tokio,small_data_tcp_chunks,baseline,7,1,3800322,3800322,100000
bytes_tokio,small_data_tcp_chunks,step1,7,1,3720584,3720584,100000
bytes_tokio,small_data_tcp_chunks,data_only,7,1,3872121,3872121,100000
bytes_tokio,small_data_tcp_chunks,step2,7,1,3860323,3860323,100000
bytes_tokio,small_data_tcp_chunks,step2,8,1,3843479,3843479,100000
bytes_tokio,small_data_tcp_chunks,data_only,8,1,3881493,3881493,100000
bytes_tokio,small_data_tcp_chunks,baseline,8,1,3790086,3790086,100000
bytes_tokio,small_data_tcp_chunks,cold_copy,8,1,3848230,3848230,100000
bytes_tokio,small_data_tcp_chunks,step1,8,1,3699667,3699667,100000
bytes_tokio,small_data_tcp_chunks,step2,9,1,3840164,3840164,100000
bytes_tokio,small_data_tcp_chunks,baseline,9,1,3763338,3763338,100000
bytes_tokio,small_data_tcp_chunks,data_only,9,1,3891806,3891806,100000
bytes_tokio,small_data_tcp_chunks,cold_copy,9,1,3895518,3895518,100000
bytes_tokio,small_data_tcp_chunks,step1,9,1,3756500,3756500,100000
bytes_tokio,small_data_tcp_chunks,step1,10,1,3746424,3746424,100000
bytes_tokio,small_data_tcp_chunks,data_only,10,1,3872637,3872637,100000
bytes_tokio,small_data_tcp_chunks,baseline,10,1,3771513,3771513,100000
bytes_tokio,small_data_tcp_chunks,step2,10,1,3856446,3856446,100000
bytes_tokio,small_data_tcp_chunks,cold_copy,10,1,3834335,3834335,100000
bytes_tokio,small_data_tcp_chunks,step2,11,1,3850155,3850155,100000
bytes_tokio,small_data_tcp_chunks,baseline,11,1,3748703,3748703,100000
bytes_tokio,small_data_tcp_chunks,step1,11,1,3721461,3721461,100000
bytes_tokio,small_data_tcp_chunks,data_only,11,1,3875376,3875376,100000
bytes_tokio,small_data_tcp_chunks,cold_copy,11,1,3825921,3825921,100000
bytes_tokio,small_data_tcp_chunks,step1,12,1,3727270,3727270,100000
bytes_tokio,small_data_tcp_chunks,cold_copy,12,1,3865499,3865499,100000
bytes_tokio,small_data_tcp_chunks,step2,12,1,3874171,3874171,100000
bytes_tokio,small_data_tcp_chunks,baseline,12,1,3763726,3763726,100000
bytes_tokio,small_data_tcp_chunks,data_only,12,1,3877355,3877355,100000
bytes_tokio,small_data_tcp_chunks,step1,13,1,3742588,3742588,100000
bytes_tokio,small_data_tcp_chunks,cold_copy,13,1,3849899,3849899,100000
bytes_tokio,small_data_tcp_chunks,data_only,13,1,3885507,3885507,100000
bytes_tokio,small_data_tcp_chunks,baseline,13,1,3776274,3776274,100000
bytes_tokio,small_data_tcp_chunks,step2,13,1,3842204,3842204,100000
bytes_tokio,small_data_tcp_chunks,step1,14,1,3726162,3726162,100000
bytes_tokio,small_data_tcp_chunks,baseline,14,1,3749621,3749621,100000
bytes_tokio,small_data_tcp_chunks,cold_copy,14,1,3822042,3822042,100000
bytes_tokio,small_data_tcp_chunks,data_only,14,1,3850482,3850482,100000
bytes_tokio,small_data_tcp_chunks,step2,14,1,3857357,3857357,100000
bytes_tokio,small_data_tcp_chunks,step1,15,1,3824142,3824142,100000
bytes_tokio,small_data_tcp_chunks,step2,15,1,3863863,3863863,100000
bytes_tokio,small_data_tcp_chunks,baseline,15,1,3804618,3804618,100000
bytes_tokio,small_data_tcp_chunks,cold_copy,15,1,3852892,3852892,100000
bytes_tokio,small_data_tcp_chunks,data_only,15,1,3864840,3864840,100000
bytes_tokio,small_data_tcp_chunks,baseline,16,1,3769345,3769345,100000
bytes_tokio,small_data_tcp_chunks,step1,16,1,3715541,3715541,100000
bytes_tokio,small_data_tcp_chunks,cold_copy,16,1,3836365,3836365,100000
bytes_tokio,small_data_tcp_chunks,data_only,16,1,3881102,3881102,100000
bytes_tokio,small_data_tcp_chunks,step2,16,1,3832323,3832323,100000
bytes_tokio,small_data_tcp_chunks,step1,17,1,3718866,3718866,100000
bytes_tokio,small_data_tcp_chunks,baseline,17,1,3766075,3766075,100000
bytes_tokio,small_data_tcp_chunks,step2,17,1,3839568,3839568,100000
bytes_tokio,small_data_tcp_chunks,cold_copy,17,1,3831306,3831306,100000
bytes_tokio,small_data_tcp_chunks,data_only,17,1,3865486,3865486,100000
bytes_tokio,small_data_tcp_chunks,step1,18,1,3718417,3718417,100000
bytes_tokio,small_data_tcp_chunks,baseline,18,1,3761678,3761678,100000
bytes_tokio,small_data_tcp_chunks,cold_copy,18,1,3858961,3858961,100000
bytes_tokio,small_data_tcp_chunks,step2,18,1,3861412,3861412,100000
bytes_tokio,small_data_tcp_chunks,data_only,18,1,3896078,3896078,100000
bytes_tokio,small_data_tcp_chunks,step2,19,1,3857290,3857290,100000
bytes_tokio,small_data_tcp_chunks,step1,19,1,3714630,3714630,100000
bytes_tokio,small_data_tcp_chunks,baseline,19,1,3768603,3768603,100000
bytes_tokio,small_data_tcp_chunks,data_only,19,1,3886969,3886969,100000
bytes_tokio,small_data_tcp_chunks,cold_copy,19,1,3833593,3833593,100000
bytes_tokio,small_data_tcp_chunks,cold_copy,20,1,3844903,3844903,100000
bytes_tokio,small_data_tcp_chunks,step1,20,1,3723887,3723887,100000
bytes_tokio,small_data_tcp_chunks,step2,20,1,3846645,3846645,100000
bytes_tokio,small_data_tcp_chunks,data_only,20,1,3871112,3871112,100000
bytes_tokio,small_data_tcp_chunks,baseline,20,1,3775411,3775411,100000
bytes_tokio,small_data_tcp_chunks,step1,21,1,3720140,3720140,100000
bytes_tokio,small_data_tcp_chunks,baseline,21,1,3755639,3755639,100000
bytes_tokio,small_data_tcp_chunks,step2,21,1,3900361,3900361,100000
bytes_tokio,small_data_tcp_chunks,data_only,21,1,3916687,3916687,100000
bytes_tokio,small_data_tcp_chunks,cold_copy,21,1,3872206,3872206,100000
bytes_tokio,small_data_tcp_chunks,data_only,22,1,3882202,3882202,100000
bytes_tokio,small_data_tcp_chunks,step2,22,1,3860342,3860342,100000
bytes_tokio,small_data_tcp_chunks,step1,22,1,3739951,3739951,100000
bytes_tokio,small_data_tcp_chunks,cold_copy,22,1,3836962,3836962,100000
bytes_tokio,small_data_tcp_chunks,baseline,22,1,3760189,3760189,100000
bytes_tokio,small_data_tcp_chunks,step1,23,1,3830917,3830917,100000
bytes_tokio,small_data_tcp_chunks,data_only,23,1,3859919,3859919,100000
bytes_tokio,small_data_tcp_chunks,cold_copy,23,1,3824489,3824489,100000
bytes_tokio,small_data_tcp_chunks,baseline,23,1,3764407,3764407,100000
bytes_tokio,small_data_tcp_chunks,step2,23,1,3847917,3847917,100000
bytes_tokio,small_data_tcp_chunks,data_only,24,1,3878293,3878293,100000
bytes_tokio,small_data_tcp_chunks,step1,24,1,3711220,3711220,100000
bytes_tokio,small_data_tcp_chunks,step2,24,1,3849466,3849466,100000
bytes_tokio,small_data_tcp_chunks,baseline,24,1,3746387,3746387,100000
bytes_tokio,small_data_tcp_chunks,cold_copy,24,1,3825771,3825771,100000
bytes_tokio,small_data_tcp_chunks,step2,25,1,3838555,3838555,100000
bytes_tokio,small_data_tcp_chunks,baseline,25,1,3764898,3764898,100000
bytes_tokio,small_data_tcp_chunks,step1,25,1,3707522,3707522,100000
bytes_tokio,small_data_tcp_chunks,cold_copy,25,1,3826569,3826569,100000
bytes_tokio,small_data_tcp_chunks,data_only,25,1,3911473,3911473,100000
bytes_tokio,small_data_tcp_chunks,step1,26,1,3723063,3723063,100000
bytes_tokio,small_data_tcp_chunks,baseline,26,1,3773547,3773547,100000
bytes_tokio,small_data_tcp_chunks,step2,26,1,3864121,3864121,100000
bytes_tokio,small_data_tcp_chunks,cold_copy,26,1,3838186,3838186,100000
bytes_tokio,small_data_tcp_chunks,data_only,26,1,3887552,3887552,100000
bytes_tokio,small_data_tcp_chunks,baseline,27,1,3771139,3771139,100000
bytes_tokio,small_data_tcp_chunks,cold_copy,27,1,3823065,3823065,100000
bytes_tokio,small_data_tcp_chunks,step1,27,1,3763345,3763345,100000
bytes_tokio,small_data_tcp_chunks,step2,27,1,3850148,3850148,100000
bytes_tokio,small_data_tcp_chunks,data_only,27,1,3903456,3903456,100000
bytes_tokio,small_data_tcp_chunks,data_only,28,1,3898395,3898395,100000
bytes_tokio,small_data_tcp_chunks,cold_copy,28,1,3841171,3841171,100000
bytes_tokio,small_data_tcp_chunks,step1,28,1,3711896,3711896,100000
bytes_tokio,small_data_tcp_chunks,step2,28,1,3865713,3865713,100000
bytes_tokio,small_data_tcp_chunks,baseline,28,1,3774468,3774468,100000
bytes_tokio,small_data_tcp_chunks,baseline,29,1,3777361,3777361,100000
bytes_tokio,small_data_tcp_chunks,step2,29,1,3834000,3834000,100000
bytes_tokio,small_data_tcp_chunks,cold_copy,29,1,3847690,3847690,100000
bytes_tokio,small_data_tcp_chunks,step1,29,1,3720251,3720251,100000
bytes_tokio,small_data_tcp_chunks,data_only,29,1,3871444,3871444,100000
bytes_tokio,small_data_tcp_chunks,data_only,30,1,3873265,3873265,100000
bytes_tokio,small_data_tcp_chunks,step1,30,1,3701847,3701847,100000
bytes_tokio,small_data_tcp_chunks,cold_copy,30,1,3826288,3826288,100000
bytes_tokio,small_data_tcp_chunks,step2,30,1,3866216,3866216,100000
bytes_tokio,small_data_tcp_chunks,baseline,30,1,3769141,3769141,100000
bytes_tokio,small_data_4b_chunks,data_only,0,1,13798386,13798386,100000
bytes_tokio,small_data_4b_chunks,step2,0,1,13757939,13757939,100000
bytes_tokio,small_data_4b_chunks,step1,0,1,13448999,13448999,100000
bytes_tokio,small_data_4b_chunks,baseline,0,1,13464917,13464917,100000
bytes_tokio,small_data_4b_chunks,cold_copy,0,1,13377168,13377168,100000
bytes_tokio,small_data_4b_chunks,step2,1,1,12688067,12688067,100000
bytes_tokio,small_data_4b_chunks,step1,1,1,12179271,12179271,100000
bytes_tokio,small_data_4b_chunks,data_only,1,1,12225242,12225242,100000
bytes_tokio,small_data_4b_chunks,cold_copy,1,1,12494858,12494858,100000
bytes_tokio,small_data_4b_chunks,baseline,1,1,12100049,12100049,100000
bytes_tokio,small_data_4b_chunks,cold_copy,2,1,12470442,12470442,100000
bytes_tokio,small_data_4b_chunks,data_only,2,1,12164881,12164881,100000
bytes_tokio,small_data_4b_chunks,step1,2,1,11996069,11996069,100000
bytes_tokio,small_data_4b_chunks,baseline,2,1,11914824,11914824,100000
bytes_tokio,small_data_4b_chunks,step2,2,1,11995856,11995856,100000
bytes_tokio,small_data_4b_chunks,baseline,3,1,11920591,11920591,100000
bytes_tokio,small_data_4b_chunks,step2,3,1,11896497,11896497,100000
bytes_tokio,small_data_4b_chunks,cold_copy,3,1,12371004,12371004,100000
bytes_tokio,small_data_4b_chunks,data_only,3,1,12146496,12146496,100000
bytes_tokio,small_data_4b_chunks,step1,3,1,12005735,12005735,100000
bytes_tokio,small_data_4b_chunks,step1,4,1,11975758,11975758,100000
bytes_tokio,small_data_4b_chunks,data_only,4,1,12186227,12186227,100000
bytes_tokio,small_data_4b_chunks,baseline,4,1,11930328,11930328,100000
bytes_tokio,small_data_4b_chunks,cold_copy,4,1,12047046,12047046,100000
bytes_tokio,small_data_4b_chunks,step2,4,1,11950909,11950909,100000
bytes_tokio,small_data_4b_chunks,baseline,5,1,11927584,11927584,100000
bytes_tokio,small_data_4b_chunks,data_only,5,1,12085640,12085640,100000
bytes_tokio,small_data_4b_chunks,step1,5,1,11927244,11927244,100000
bytes_tokio,small_data_4b_chunks,cold_copy,5,1,12049785,12049785,100000
bytes_tokio,small_data_4b_chunks,step2,5,1,11865239,11865239,100000
bytes_tokio,small_data_4b_chunks,step1,6,1,11957302,11957302,100000
bytes_tokio,small_data_4b_chunks,baseline,6,1,11989017,11989017,100000
bytes_tokio,small_data_4b_chunks,step2,6,1,11879905,11879905,100000
bytes_tokio,small_data_4b_chunks,data_only,6,1,12089969,12089969,100000
bytes_tokio,small_data_4b_chunks,cold_copy,6,1,12079773,12079773,100000
bytes_tokio,small_data_4b_chunks,cold_copy,7,1,12087233,12087233,100000
bytes_tokio,small_data_4b_chunks,baseline,7,1,11932915,11932915,100000
bytes_tokio,small_data_4b_chunks,step1,7,1,11930559,11930559,100000
bytes_tokio,small_data_4b_chunks,data_only,7,1,12055971,12055971,100000
bytes_tokio,small_data_4b_chunks,step2,7,1,11906181,11906181,100000
bytes_tokio,small_data_4b_chunks,step2,8,1,11849796,11849796,100000
bytes_tokio,small_data_4b_chunks,data_only,8,1,12034755,12034755,100000
bytes_tokio,small_data_4b_chunks,baseline,8,1,11901665,11901665,100000
bytes_tokio,small_data_4b_chunks,cold_copy,8,1,12051632,12051632,100000
bytes_tokio,small_data_4b_chunks,step1,8,1,11901294,11901294,100000
bytes_tokio,small_data_4b_chunks,step2,9,1,11978328,11978328,100000
bytes_tokio,small_data_4b_chunks,baseline,9,1,11930012,11930012,100000
bytes_tokio,small_data_4b_chunks,data_only,9,1,12059170,12059170,100000
bytes_tokio,small_data_4b_chunks,cold_copy,9,1,12046365,12046365,100000
bytes_tokio,small_data_4b_chunks,step1,9,1,11904729,11904729,100000
bytes_tokio,small_data_4b_chunks,step1,10,1,11972535,11972535,100000
bytes_tokio,small_data_4b_chunks,data_only,10,1,12107278,12107278,100000
bytes_tokio,small_data_4b_chunks,baseline,10,1,11955967,11955967,100000
bytes_tokio,small_data_4b_chunks,step2,10,1,11932974,11932974,100000
bytes_tokio,small_data_4b_chunks,cold_copy,10,1,12048079,12048079,100000
bytes_tokio,small_data_4b_chunks,step2,11,1,11951288,11951288,100000
bytes_tokio,small_data_4b_chunks,baseline,11,1,11983024,11983024,100000
bytes_tokio,small_data_4b_chunks,step1,11,1,11985520,11985520,100000
bytes_tokio,small_data_4b_chunks,data_only,11,1,12071334,12071334,100000
bytes_tokio,small_data_4b_chunks,cold_copy,11,1,12045695,12045695,100000
bytes_tokio,small_data_4b_chunks,step1,12,1,11935797,11935797,100000
bytes_tokio,small_data_4b_chunks,cold_copy,12,1,12158320,12158320,100000
bytes_tokio,small_data_4b_chunks,step2,12,1,11928188,11928188,100000
bytes_tokio,small_data_4b_chunks,baseline,12,1,11905443,11905443,100000
bytes_tokio,small_data_4b_chunks,data_only,12,1,12188422,12188422,100000
bytes_tokio,small_data_4b_chunks,step1,13,1,11888159,11888159,100000
bytes_tokio,small_data_4b_chunks,cold_copy,13,1,12046109,12046109,100000
bytes_tokio,small_data_4b_chunks,data_only,13,1,12106718,12106718,100000
bytes_tokio,small_data_4b_chunks,baseline,13,1,11920471,11920471,100000
bytes_tokio,small_data_4b_chunks,step2,13,1,11932646,11932646,100000
bytes_tokio,small_data_4b_chunks,step1,14,1,11964019,11964019,100000
bytes_tokio,small_data_4b_chunks,baseline,14,1,11903761,11903761,100000
bytes_tokio,small_data_4b_chunks,cold_copy,14,1,12062282,12062282,100000
bytes_tokio,small_data_4b_chunks,data_only,14,1,12046500,12046500,100000
bytes_tokio,small_data_4b_chunks,step2,14,1,11893322,11893322,100000
bytes_tokio,small_data_4b_chunks,step1,15,1,11939905,11939905,100000
bytes_tokio,small_data_4b_chunks,step2,15,1,11901583,11901583,100000
bytes_tokio,small_data_4b_chunks,baseline,15,1,11891491,11891491,100000
bytes_tokio,small_data_4b_chunks,cold_copy,15,1,12021175,12021175,100000
bytes_tokio,small_data_4b_chunks,data_only,15,1,12153204,12153204,100000
bytes_tokio,small_data_4b_chunks,baseline,16,1,13163290,13163290,100000
bytes_tokio,small_data_4b_chunks,step1,16,1,13833165,13833165,100000
bytes_tokio,small_data_4b_chunks,cold_copy,16,1,13828156,13828156,100000
bytes_tokio,small_data_4b_chunks,data_only,16,1,14269347,14269347,100000
bytes_tokio,small_data_4b_chunks,step2,16,1,14010541,14010541,100000
bytes_tokio,small_data_4b_chunks,step1,17,1,13859496,13859496,100000
bytes_tokio,small_data_4b_chunks,baseline,17,1,13649200,13649200,100000
bytes_tokio,small_data_4b_chunks,step2,17,1,12881665,12881665,100000
bytes_tokio,small_data_4b_chunks,cold_copy,17,1,12370439,12370439,100000
bytes_tokio,small_data_4b_chunks,data_only,17,1,12246715,12246715,100000
bytes_tokio,small_data_4b_chunks,step1,18,1,12400002,12400002,100000
bytes_tokio,small_data_4b_chunks,baseline,18,1,12008847,12008847,100000
bytes_tokio,small_data_4b_chunks,cold_copy,18,1,12268288,12268288,100000
bytes_tokio,small_data_4b_chunks,step2,18,1,11966687,11966687,100000
bytes_tokio,small_data_4b_chunks,data_only,18,1,12094011,12094011,100000
bytes_tokio,small_data_4b_chunks,step2,19,1,11956170,11956170,100000
bytes_tokio,small_data_4b_chunks,step1,19,1,11974356,11974356,100000
bytes_tokio,small_data_4b_chunks,baseline,19,1,11948210,11948210,100000
bytes_tokio,small_data_4b_chunks,data_only,19,1,12117059,12117059,100000
bytes_tokio,small_data_4b_chunks,cold_copy,19,1,12402569,12402569,100000
bytes_tokio,small_data_4b_chunks,cold_copy,20,1,12129795,12129795,100000
bytes_tokio,small_data_4b_chunks,step1,20,1,11973796,11973796,100000
bytes_tokio,small_data_4b_chunks,step2,20,1,11895787,11895787,100000
bytes_tokio,small_data_4b_chunks,data_only,20,1,12184576,12184576,100000
bytes_tokio,small_data_4b_chunks,baseline,20,1,11910167,11910167,100000
bytes_tokio,small_data_4b_chunks,step1,21,1,11962294,11962294,100000
bytes_tokio,small_data_4b_chunks,baseline,21,1,11914981,11914981,100000
bytes_tokio,small_data_4b_chunks,step2,21,1,11901444,11901444,100000
bytes_tokio,small_data_4b_chunks,data_only,21,1,12076859,12076859,100000
bytes_tokio,small_data_4b_chunks,cold_copy,21,1,12082199,12082199,100000
bytes_tokio,small_data_4b_chunks,data_only,22,1,12090322,12090322,100000
bytes_tokio,small_data_4b_chunks,step2,22,1,11917112,11917112,100000
bytes_tokio,small_data_4b_chunks,step1,22,1,11978970,11978970,100000
bytes_tokio,small_data_4b_chunks,cold_copy,22,1,12023948,12023948,100000
bytes_tokio,small_data_4b_chunks,baseline,22,1,11921036,11921036,100000
bytes_tokio,small_data_4b_chunks,step1,23,1,11979761,11979761,100000
bytes_tokio,small_data_4b_chunks,data_only,23,1,12076999,12076999,100000
bytes_tokio,small_data_4b_chunks,cold_copy,23,1,12093808,12093808,100000
bytes_tokio,small_data_4b_chunks,baseline,23,1,11875122,11875122,100000
bytes_tokio,small_data_4b_chunks,step2,23,1,11883859,11883859,100000
bytes_tokio,small_data_4b_chunks,data_only,24,1,11905943,11905943,100000
bytes_tokio,small_data_4b_chunks,step1,24,1,11893704,11893704,100000
bytes_tokio,small_data_4b_chunks,step2,24,1,11878620,11878620,100000
bytes_tokio,small_data_4b_chunks,baseline,24,1,11868479,11868479,100000
bytes_tokio,small_data_4b_chunks,cold_copy,24,1,12045125,12045125,100000
bytes_tokio,small_data_4b_chunks,step2,25,1,12013434,12013434,100000
bytes_tokio,small_data_4b_chunks,baseline,25,1,11947786,11947786,100000
bytes_tokio,small_data_4b_chunks,step1,25,1,11894016,11894016,100000
bytes_tokio,small_data_4b_chunks,cold_copy,25,1,12018140,12018140,100000
bytes_tokio,small_data_4b_chunks,data_only,25,1,12045428,12045428,100000
bytes_tokio,small_data_4b_chunks,step1,26,1,11934308,11934308,100000
bytes_tokio,small_data_4b_chunks,baseline,26,1,11997827,11997827,100000
bytes_tokio,small_data_4b_chunks,step2,26,1,11936630,11936630,100000
bytes_tokio,small_data_4b_chunks,cold_copy,26,1,12079993,12079993,100000
bytes_tokio,small_data_4b_chunks,data_only,26,1,12116465,12116465,100000
bytes_tokio,small_data_4b_chunks,baseline,27,1,11909277,11909277,100000
bytes_tokio,small_data_4b_chunks,cold_copy,27,1,12088731,12088731,100000
bytes_tokio,small_data_4b_chunks,step1,27,1,11932152,11932152,100000
bytes_tokio,small_data_4b_chunks,step2,27,1,11919675,11919675,100000
bytes_tokio,small_data_4b_chunks,data_only,27,1,12062159,12062159,100000
bytes_tokio,small_data_4b_chunks,data_only,28,1,12240682,12240682,100000
bytes_tokio,small_data_4b_chunks,cold_copy,28,1,12083398,12083398,100000
bytes_tokio,small_data_4b_chunks,step1,28,1,11924719,11924719,100000
bytes_tokio,small_data_4b_chunks,step2,28,1,11925799,11925799,100000
bytes_tokio,small_data_4b_chunks,baseline,28,1,11909082,11909082,100000
bytes_tokio,small_data_4b_chunks,baseline,29,1,11876701,11876701,100000
bytes_tokio,small_data_4b_chunks,step2,29,1,11871526,11871526,100000
bytes_tokio,small_data_4b_chunks,cold_copy,29,1,12025950,12025950,100000
bytes_tokio,small_data_4b_chunks,step1,29,1,11911499,11911499,100000
bytes_tokio,small_data_4b_chunks,data_only,29,1,12058996,12058996,100000
bytes_tokio,small_data_4b_chunks,data_only,30,1,12006824,12006824,100000
bytes_tokio,small_data_4b_chunks,step1,30,1,11910245,11910245,100000
bytes_tokio,small_data_4b_chunks,cold_copy,30,1,12082839,12082839,100000
bytes_tokio,small_data_4b_chunks,step2,30,1,11908285,11908285,100000
bytes_tokio,small_data_4b_chunks,baseline,30,1,11902947,11902947,100000
bytes_tokio,metadata_events_tcp_chunks,data_only,0,1,4472281,4472281,50000
bytes_tokio,metadata_events_tcp_chunks,step2,0,1,4271279,4271279,50000
bytes_tokio,metadata_events_tcp_chunks,step1,0,1,4213695,4213695,50000
bytes_tokio,metadata_events_tcp_chunks,baseline,0,1,3925137,3925137,50000
bytes_tokio,metadata_events_tcp_chunks,cold_copy,0,1,4524196,4524196,50000
bytes_tokio,metadata_events_tcp_chunks,step2,1,1,5053782,5053782,50000
bytes_tokio,metadata_events_tcp_chunks,step1,1,1,5182764,5182764,50000
bytes_tokio,metadata_events_tcp_chunks,data_only,1,1,5496800,5496800,50000
bytes_tokio,metadata_events_tcp_chunks,cold_copy,1,1,5026427,5026427,50000
bytes_tokio,metadata_events_tcp_chunks,baseline,1,1,5200230,5200230,50000
bytes_tokio,metadata_events_tcp_chunks,cold_copy,2,1,5418390,5418390,50000
bytes_tokio,metadata_events_tcp_chunks,data_only,2,1,5734104,5734104,50000
bytes_tokio,metadata_events_tcp_chunks,step1,2,1,5073820,5073820,50000
bytes_tokio,metadata_events_tcp_chunks,baseline,2,1,4705779,4705779,50000
bytes_tokio,metadata_events_tcp_chunks,step2,2,1,5579549,5579549,50000
bytes_tokio,metadata_events_tcp_chunks,baseline,3,1,4745976,4745976,50000
bytes_tokio,metadata_events_tcp_chunks,step2,3,1,5151796,5151796,50000
bytes_tokio,metadata_events_tcp_chunks,cold_copy,3,1,5161566,5161566,50000
bytes_tokio,metadata_events_tcp_chunks,data_only,3,1,5640413,5640413,50000
bytes_tokio,metadata_events_tcp_chunks,step1,3,1,5211882,5211882,50000
bytes_tokio,metadata_events_tcp_chunks,step1,4,1,5249989,5249989,50000
bytes_tokio,metadata_events_tcp_chunks,data_only,4,1,5706830,5706830,50000
bytes_tokio,metadata_events_tcp_chunks,baseline,4,1,4581729,4581729,50000
bytes_tokio,metadata_events_tcp_chunks,cold_copy,4,1,5080187,5080187,50000
bytes_tokio,metadata_events_tcp_chunks,step2,4,1,4382872,4382872,50000
bytes_tokio,metadata_events_tcp_chunks,baseline,5,1,3960572,3960572,50000
bytes_tokio,metadata_events_tcp_chunks,data_only,5,1,4443070,4443070,50000
bytes_tokio,metadata_events_tcp_chunks,step1,5,1,4144560,4144560,50000
bytes_tokio,metadata_events_tcp_chunks,cold_copy,5,1,4401564,4401564,50000
bytes_tokio,metadata_events_tcp_chunks,step2,5,1,4284516,4284516,50000
bytes_tokio,metadata_events_tcp_chunks,step1,6,1,4211360,4211360,50000
bytes_tokio,metadata_events_tcp_chunks,baseline,6,1,4114089,4114089,50000
bytes_tokio,metadata_events_tcp_chunks,step2,6,1,4309909,4309909,50000
bytes_tokio,metadata_events_tcp_chunks,data_only,6,1,4587359,4587359,50000
bytes_tokio,metadata_events_tcp_chunks,cold_copy,6,1,4290834,4290834,50000
bytes_tokio,metadata_events_tcp_chunks,cold_copy,7,1,4395924,4395924,50000
bytes_tokio,metadata_events_tcp_chunks,baseline,7,1,3952746,3952746,50000
bytes_tokio,metadata_events_tcp_chunks,step1,7,1,4205171,4205171,50000
bytes_tokio,metadata_events_tcp_chunks,data_only,7,1,4461220,4461220,50000
bytes_tokio,metadata_events_tcp_chunks,step2,7,1,4389003,4389003,50000
bytes_tokio,metadata_events_tcp_chunks,step2,8,1,4290696,4290696,50000
bytes_tokio,metadata_events_tcp_chunks,data_only,8,1,4427241,4427241,50000
bytes_tokio,metadata_events_tcp_chunks,baseline,8,1,3981775,3981775,50000
bytes_tokio,metadata_events_tcp_chunks,cold_copy,8,1,4248673,4248673,50000
bytes_tokio,metadata_events_tcp_chunks,step1,8,1,4242157,4242157,50000
bytes_tokio,metadata_events_tcp_chunks,step2,9,1,4279650,4279650,50000
bytes_tokio,metadata_events_tcp_chunks,baseline,9,1,3988467,3988467,50000
bytes_tokio,metadata_events_tcp_chunks,data_only,9,1,4480643,4480643,50000
bytes_tokio,metadata_events_tcp_chunks,cold_copy,9,1,4243774,4243774,50000
bytes_tokio,metadata_events_tcp_chunks,step1,9,1,4270692,4270692,50000
bytes_tokio,metadata_events_tcp_chunks,step1,10,1,4229752,4229752,50000
bytes_tokio,metadata_events_tcp_chunks,data_only,10,1,4479864,4479864,50000
bytes_tokio,metadata_events_tcp_chunks,baseline,10,1,3934592,3934592,50000
bytes_tokio,metadata_events_tcp_chunks,step2,10,1,4301080,4301080,50000
bytes_tokio,metadata_events_tcp_chunks,cold_copy,10,1,4283666,4283666,50000
bytes_tokio,metadata_events_tcp_chunks,step2,11,1,4310153,4310153,50000
bytes_tokio,metadata_events_tcp_chunks,baseline,11,1,3999846,3999846,50000
bytes_tokio,metadata_events_tcp_chunks,step1,11,1,5259624,5259624,50000
bytes_tokio,metadata_events_tcp_chunks,data_only,11,1,6131933,6131933,50000
bytes_tokio,metadata_events_tcp_chunks,cold_copy,11,1,4282516,4282516,50000
bytes_tokio,metadata_events_tcp_chunks,step1,12,1,4267859,4267859,50000
bytes_tokio,metadata_events_tcp_chunks,cold_copy,12,1,4245440,4245440,50000
bytes_tokio,metadata_events_tcp_chunks,step2,12,1,4309659,4309659,50000
bytes_tokio,metadata_events_tcp_chunks,baseline,12,1,4000197,4000197,50000
bytes_tokio,metadata_events_tcp_chunks,data_only,12,1,4427433,4427433,50000
bytes_tokio,metadata_events_tcp_chunks,step1,13,1,4211737,4211737,50000
bytes_tokio,metadata_events_tcp_chunks,cold_copy,13,1,4244494,4244494,50000
bytes_tokio,metadata_events_tcp_chunks,data_only,13,1,4438474,4438474,50000
bytes_tokio,metadata_events_tcp_chunks,baseline,13,1,4031576,4031576,50000
bytes_tokio,metadata_events_tcp_chunks,step2,13,1,4312789,4312789,50000
bytes_tokio,metadata_events_tcp_chunks,step1,14,1,4206913,4206913,50000
bytes_tokio,metadata_events_tcp_chunks,baseline,14,1,4093233,4093233,50000
bytes_tokio,metadata_events_tcp_chunks,cold_copy,14,1,4264403,4264403,50000
bytes_tokio,metadata_events_tcp_chunks,data_only,14,1,4474338,4474338,50000
bytes_tokio,metadata_events_tcp_chunks,step2,14,1,4308207,4308207,50000
bytes_tokio,metadata_events_tcp_chunks,step1,15,1,4202564,4202564,50000
bytes_tokio,metadata_events_tcp_chunks,step2,15,1,4281118,4281118,50000
bytes_tokio,metadata_events_tcp_chunks,baseline,15,1,4090853,4090853,50000
bytes_tokio,metadata_events_tcp_chunks,cold_copy,15,1,4294705,4294705,50000
bytes_tokio,metadata_events_tcp_chunks,data_only,15,1,4446402,4446402,50000
bytes_tokio,metadata_events_tcp_chunks,baseline,16,1,4058130,4058130,50000
bytes_tokio,metadata_events_tcp_chunks,step1,16,1,4193647,4193647,50000
bytes_tokio,metadata_events_tcp_chunks,cold_copy,16,1,4271019,4271019,50000
bytes_tokio,metadata_events_tcp_chunks,data_only,16,1,4469557,4469557,50000
bytes_tokio,metadata_events_tcp_chunks,step2,16,1,4280352,4280352,50000
bytes_tokio,metadata_events_tcp_chunks,step1,17,1,4275017,4275017,50000
bytes_tokio,metadata_events_tcp_chunks,baseline,17,1,4063679,4063679,50000
bytes_tokio,metadata_events_tcp_chunks,step2,17,1,4278106,4278106,50000
bytes_tokio,metadata_events_tcp_chunks,cold_copy,17,1,4286190,4286190,50000
bytes_tokio,metadata_events_tcp_chunks,data_only,17,1,4433787,4433787,50000
bytes_tokio,metadata_events_tcp_chunks,step1,18,1,4140361,4140361,50000
bytes_tokio,metadata_events_tcp_chunks,baseline,18,1,4064678,4064678,50000
bytes_tokio,metadata_events_tcp_chunks,cold_copy,18,1,4261967,4261967,50000
bytes_tokio,metadata_events_tcp_chunks,step2,18,1,4273804,4273804,50000
bytes_tokio,metadata_events_tcp_chunks,data_only,18,1,4479859,4479859,50000
bytes_tokio,metadata_events_tcp_chunks,step2,19,1,4251277,4251277,50000
bytes_tokio,metadata_events_tcp_chunks,step1,19,1,4183405,4183405,50000
bytes_tokio,metadata_events_tcp_chunks,baseline,19,1,3987136,3987136,50000
bytes_tokio,metadata_events_tcp_chunks,data_only,19,1,4454643,4454643,50000
bytes_tokio,metadata_events_tcp_chunks,cold_copy,19,1,4249422,4249422,50000
bytes_tokio,metadata_events_tcp_chunks,cold_copy,20,1,4249510,4249510,50000
bytes_tokio,metadata_events_tcp_chunks,step1,20,1,4223367,4223367,50000
bytes_tokio,metadata_events_tcp_chunks,step2,20,1,4294105,4294105,50000
bytes_tokio,metadata_events_tcp_chunks,data_only,20,1,4461132,4461132,50000
bytes_tokio,metadata_events_tcp_chunks,baseline,20,1,4023071,4023071,50000
bytes_tokio,metadata_events_tcp_chunks,step1,21,1,4223935,4223935,50000
bytes_tokio,metadata_events_tcp_chunks,baseline,21,1,4059394,4059394,50000
bytes_tokio,metadata_events_tcp_chunks,step2,21,1,4279283,4279283,50000
bytes_tokio,metadata_events_tcp_chunks,data_only,21,1,4477488,4477488,50000
bytes_tokio,metadata_events_tcp_chunks,cold_copy,21,1,4268557,4268557,50000
bytes_tokio,metadata_events_tcp_chunks,data_only,22,1,4486850,4486850,50000
bytes_tokio,metadata_events_tcp_chunks,step2,22,1,4269132,4269132,50000
bytes_tokio,metadata_events_tcp_chunks,step1,22,1,4224914,4224914,50000
bytes_tokio,metadata_events_tcp_chunks,cold_copy,22,1,4240867,4240867,50000
bytes_tokio,metadata_events_tcp_chunks,baseline,22,1,4048301,4048301,50000
bytes_tokio,metadata_events_tcp_chunks,step1,23,1,4204408,4204408,50000
bytes_tokio,metadata_events_tcp_chunks,data_only,23,1,4486611,4486611,50000
bytes_tokio,metadata_events_tcp_chunks,cold_copy,23,1,4263662,4263662,50000
bytes_tokio,metadata_events_tcp_chunks,baseline,23,1,4075671,4075671,50000
bytes_tokio,metadata_events_tcp_chunks,step2,23,1,4265547,4265547,50000
bytes_tokio,metadata_events_tcp_chunks,data_only,24,1,4466833,4466833,50000
bytes_tokio,metadata_events_tcp_chunks,step1,24,1,4247803,4247803,50000
bytes_tokio,metadata_events_tcp_chunks,step2,24,1,4310561,4310561,50000
bytes_tokio,metadata_events_tcp_chunks,baseline,24,1,3926018,3926018,50000
bytes_tokio,metadata_events_tcp_chunks,cold_copy,24,1,4281606,4281606,50000
bytes_tokio,metadata_events_tcp_chunks,step2,25,1,4291436,4291436,50000
bytes_tokio,metadata_events_tcp_chunks,baseline,25,1,3960693,3960693,50000
bytes_tokio,metadata_events_tcp_chunks,step1,25,1,4161372,4161372,50000
bytes_tokio,metadata_events_tcp_chunks,cold_copy,25,1,4328175,4328175,50000
bytes_tokio,metadata_events_tcp_chunks,data_only,25,1,4476195,4476195,50000
bytes_tokio,metadata_events_tcp_chunks,step1,26,1,4274468,4274468,50000
bytes_tokio,metadata_events_tcp_chunks,baseline,26,1,3976968,3976968,50000
bytes_tokio,metadata_events_tcp_chunks,step2,26,1,4274470,4274470,50000
bytes_tokio,metadata_events_tcp_chunks,cold_copy,26,1,4288665,4288665,50000
bytes_tokio,metadata_events_tcp_chunks,data_only,26,1,4497242,4497242,50000
bytes_tokio,metadata_events_tcp_chunks,baseline,27,1,3961324,3961324,50000
bytes_tokio,metadata_events_tcp_chunks,cold_copy,27,1,4250494,4250494,50000
bytes_tokio,metadata_events_tcp_chunks,step1,27,1,4246961,4246961,50000
bytes_tokio,metadata_events_tcp_chunks,step2,27,1,4257155,4257155,50000
bytes_tokio,metadata_events_tcp_chunks,data_only,27,1,4469225,4469225,50000
bytes_tokio,metadata_events_tcp_chunks,data_only,28,1,4495713,4495713,50000
bytes_tokio,metadata_events_tcp_chunks,cold_copy,28,1,4266023,4266023,50000
bytes_tokio,metadata_events_tcp_chunks,step1,28,1,4210877,4210877,50000
bytes_tokio,metadata_events_tcp_chunks,step2,28,1,4268817,4268817,50000
bytes_tokio,metadata_events_tcp_chunks,baseline,28,1,3957593,3957593,50000
bytes_tokio,metadata_events_tcp_chunks,baseline,29,1,3999876,3999876,50000
bytes_tokio,metadata_events_tcp_chunks,step2,29,1,4285775,4285775,50000
bytes_tokio,metadata_events_tcp_chunks,cold_copy,29,1,4276291,4276291,50000
bytes_tokio,metadata_events_tcp_chunks,step1,29,1,4218279,4218279,50000
bytes_tokio,metadata_events_tcp_chunks,data_only,29,1,4510312,4510312,50000
bytes_tokio,metadata_events_tcp_chunks,data_only,30,1,4523647,4523647,50000
bytes_tokio,metadata_events_tcp_chunks,step1,30,1,4260782,4260782,50000
bytes_tokio,metadata_events_tcp_chunks,cold_copy,30,1,4260585,4260585,50000
bytes_tokio,metadata_events_tcp_chunks,step2,30,1,4291974,4291974,50000
bytes_tokio,metadata_events_tcp_chunks,baseline,30,1,3972102,3972102,50000
bytes_tokio,multiline_data_tcp_chunks,data_only,0,1,2825809,2825809,50000
bytes_tokio,multiline_data_tcp_chunks,step2,0,1,2773236,2773236,50000
bytes_tokio,multiline_data_tcp_chunks,step1,0,1,2745223,2745223,50000
bytes_tokio,multiline_data_tcp_chunks,baseline,0,1,2668527,2668527,50000
bytes_tokio,multiline_data_tcp_chunks,cold_copy,0,1,2787756,2787756,50000
bytes_tokio,multiline_data_tcp_chunks,step2,1,1,2756160,2756160,50000
bytes_tokio,multiline_data_tcp_chunks,step1,1,1,2719021,2719021,50000
bytes_tokio,multiline_data_tcp_chunks,data_only,1,1,2799393,2799393,50000
bytes_tokio,multiline_data_tcp_chunks,cold_copy,1,1,2785815,2785815,50000
bytes_tokio,multiline_data_tcp_chunks,baseline,1,1,2693087,2693087,50000
bytes_tokio,multiline_data_tcp_chunks,cold_copy,2,1,2807356,2807356,50000
bytes_tokio,multiline_data_tcp_chunks,data_only,2,1,2818018,2818018,50000
bytes_tokio,multiline_data_tcp_chunks,step1,2,1,2767033,2767033,50000
bytes_tokio,multiline_data_tcp_chunks,baseline,2,1,2670836,2670836,50000
bytes_tokio,multiline_data_tcp_chunks,step2,2,1,2735522,2735522,50000
bytes_tokio,multiline_data_tcp_chunks,baseline,3,1,2673617,2673617,50000
bytes_tokio,multiline_data_tcp_chunks,step2,3,1,2723512,2723512,50000
bytes_tokio,multiline_data_tcp_chunks,cold_copy,3,1,2796158,2796158,50000
bytes_tokio,multiline_data_tcp_chunks,data_only,3,1,2826519,2826519,50000
bytes_tokio,multiline_data_tcp_chunks,step1,3,1,2740852,2740852,50000
bytes_tokio,multiline_data_tcp_chunks,step1,4,1,2772079,2772079,50000
bytes_tokio,multiline_data_tcp_chunks,data_only,4,1,2856277,2856277,50000
bytes_tokio,multiline_data_tcp_chunks,baseline,4,1,2811973,2811973,50000
bytes_tokio,multiline_data_tcp_chunks,cold_copy,4,1,2797465,2797465,50000
bytes_tokio,multiline_data_tcp_chunks,step2,4,1,2785736,2785736,50000
bytes_tokio,multiline_data_tcp_chunks,baseline,5,1,2676365,2676365,50000
bytes_tokio,multiline_data_tcp_chunks,data_only,5,1,2822061,2822061,50000
bytes_tokio,multiline_data_tcp_chunks,step1,5,1,2720872,2720872,50000
bytes_tokio,multiline_data_tcp_chunks,cold_copy,5,1,2811565,2811565,50000
bytes_tokio,multiline_data_tcp_chunks,step2,5,1,2783814,2783814,50000
bytes_tokio,multiline_data_tcp_chunks,step1,6,1,2733134,2733134,50000
bytes_tokio,multiline_data_tcp_chunks,baseline,6,1,2675065,2675065,50000
bytes_tokio,multiline_data_tcp_chunks,step2,6,1,2796555,2796555,50000
bytes_tokio,multiline_data_tcp_chunks,data_only,6,1,2854733,2854733,50000
bytes_tokio,multiline_data_tcp_chunks,cold_copy,6,1,2795509,2795509,50000
bytes_tokio,multiline_data_tcp_chunks,cold_copy,7,1,2806544,2806544,50000
bytes_tokio,multiline_data_tcp_chunks,baseline,7,1,2684491,2684491,50000
bytes_tokio,multiline_data_tcp_chunks,step1,7,1,2742964,2742964,50000
bytes_tokio,multiline_data_tcp_chunks,data_only,7,1,2783022,2783022,50000
bytes_tokio,multiline_data_tcp_chunks,step2,7,1,2757333,2757333,50000
bytes_tokio,multiline_data_tcp_chunks,step2,8,1,2762321,2762321,50000
bytes_tokio,multiline_data_tcp_chunks,data_only,8,1,2863391,2863391,50000
bytes_tokio,multiline_data_tcp_chunks,baseline,8,1,2714594,2714594,50000
bytes_tokio,multiline_data_tcp_chunks,cold_copy,8,1,2794160,2794160,50000
bytes_tokio,multiline_data_tcp_chunks,step1,8,1,2724312,2724312,50000
bytes_tokio,multiline_data_tcp_chunks,step2,9,1,2782246,2782246,50000
bytes_tokio,multiline_data_tcp_chunks,baseline,9,1,2710087,2710087,50000
bytes_tokio,multiline_data_tcp_chunks,data_only,9,1,2867106,2867106,50000
bytes_tokio,multiline_data_tcp_chunks,cold_copy,9,1,2807025,2807025,50000
bytes_tokio,multiline_data_tcp_chunks,step1,9,1,2770351,2770351,50000
bytes_tokio,multiline_data_tcp_chunks,step1,10,1,2723587,2723587,50000
bytes_tokio,multiline_data_tcp_chunks,data_only,10,1,2872532,2872532,50000
bytes_tokio,multiline_data_tcp_chunks,baseline,10,1,2658296,2658296,50000
bytes_tokio,multiline_data_tcp_chunks,step2,10,1,2724902,2724902,50000
bytes_tokio,multiline_data_tcp_chunks,cold_copy,10,1,2805024,2805024,50000
bytes_tokio,multiline_data_tcp_chunks,step2,11,1,2763709,2763709,50000
bytes_tokio,multiline_data_tcp_chunks,baseline,11,1,2681712,2681712,50000
bytes_tokio,multiline_data_tcp_chunks,step1,11,1,2734023,2734023,50000
bytes_tokio,multiline_data_tcp_chunks,data_only,11,1,2851530,2851530,50000
bytes_tokio,multiline_data_tcp_chunks,cold_copy,11,1,2791091,2791091,50000
bytes_tokio,multiline_data_tcp_chunks,step1,12,1,2754945,2754945,50000
bytes_tokio,multiline_data_tcp_chunks,cold_copy,12,1,2776935,2776935,50000
bytes_tokio,multiline_data_tcp_chunks,step2,12,1,2777268,2777268,50000
bytes_tokio,multiline_data_tcp_chunks,baseline,12,1,2680433,2680433,50000
bytes_tokio,multiline_data_tcp_chunks,data_only,12,1,2850245,2850245,50000
bytes_tokio,multiline_data_tcp_chunks,step1,13,1,2767255,2767255,50000
bytes_tokio,multiline_data_tcp_chunks,cold_copy,13,1,2803646,2803646,50000
bytes_tokio,multiline_data_tcp_chunks,data_only,13,1,2820935,2820935,50000
bytes_tokio,multiline_data_tcp_chunks,baseline,13,1,2663204,2663204,50000
bytes_tokio,multiline_data_tcp_chunks,step2,13,1,2734824,2734824,50000
bytes_tokio,multiline_data_tcp_chunks,step1,14,1,2740384,2740384,50000
bytes_tokio,multiline_data_tcp_chunks,baseline,14,1,2671663,2671663,50000
bytes_tokio,multiline_data_tcp_chunks,cold_copy,14,1,2809158,2809158,50000
bytes_tokio,multiline_data_tcp_chunks,data_only,14,1,2853116,2853116,50000
bytes_tokio,multiline_data_tcp_chunks,step2,14,1,2773372,2773372,50000
bytes_tokio,multiline_data_tcp_chunks,step1,15,1,2753998,2753998,50000
bytes_tokio,multiline_data_tcp_chunks,step2,15,1,2745761,2745761,50000
bytes_tokio,multiline_data_tcp_chunks,baseline,15,1,2685401,2685401,50000
bytes_tokio,multiline_data_tcp_chunks,cold_copy,15,1,2805662,2805662,50000
bytes_tokio,multiline_data_tcp_chunks,data_only,15,1,2805971,2805971,50000
bytes_tokio,multiline_data_tcp_chunks,baseline,16,1,2681315,2681315,50000
bytes_tokio,multiline_data_tcp_chunks,step1,16,1,2751468,2751468,50000
bytes_tokio,multiline_data_tcp_chunks,cold_copy,16,1,2804585,2804585,50000
bytes_tokio,multiline_data_tcp_chunks,data_only,16,1,2828389,2828389,50000
bytes_tokio,multiline_data_tcp_chunks,step2,16,1,2798390,2798390,50000
bytes_tokio,multiline_data_tcp_chunks,step1,17,1,2778538,2778538,50000
bytes_tokio,multiline_data_tcp_chunks,baseline,17,1,2692831,2692831,50000
bytes_tokio,multiline_data_tcp_chunks,step2,17,1,2765088,2765088,50000
bytes_tokio,multiline_data_tcp_chunks,cold_copy,17,1,2779683,2779683,50000
bytes_tokio,multiline_data_tcp_chunks,data_only,17,1,2782603,2782603,50000
bytes_tokio,multiline_data_tcp_chunks,step1,18,1,2757149,2757149,50000
bytes_tokio,multiline_data_tcp_chunks,baseline,18,1,2687783,2687783,50000
bytes_tokio,multiline_data_tcp_chunks,cold_copy,18,1,2790242,2790242,50000
bytes_tokio,multiline_data_tcp_chunks,step2,18,1,2791203,2791203,50000
bytes_tokio,multiline_data_tcp_chunks,data_only,18,1,2878671,2878671,50000
bytes_tokio,multiline_data_tcp_chunks,step2,19,1,2797669,2797669,50000
bytes_tokio,multiline_data_tcp_chunks,step1,19,1,2749937,2749937,50000
bytes_tokio,multiline_data_tcp_chunks,baseline,19,1,2675798,2675798,50000
bytes_tokio,multiline_data_tcp_chunks,data_only,19,1,2822570,2822570,50000
bytes_tokio,multiline_data_tcp_chunks,cold_copy,19,1,2809123,2809123,50000
bytes_tokio,multiline_data_tcp_chunks,cold_copy,20,1,2786296,2786296,50000
bytes_tokio,multiline_data_tcp_chunks,step1,20,1,2782627,2782627,50000
bytes_tokio,multiline_data_tcp_chunks,step2,20,1,2793280,2793280,50000
bytes_tokio,multiline_data_tcp_chunks,data_only,20,1,2885187,2885187,50000
bytes_tokio,multiline_data_tcp_chunks,baseline,20,1,2717718,2717718,50000
bytes_tokio,multiline_data_tcp_chunks,step1,21,1,2788683,2788683,50000
bytes_tokio,multiline_data_tcp_chunks,baseline,21,1,2764285,2764285,50000
bytes_tokio,multiline_data_tcp_chunks,step2,21,1,3224124,3224124,50000
bytes_tokio,multiline_data_tcp_chunks,data_only,21,1,3412943,3412943,50000
bytes_tokio,multiline_data_tcp_chunks,cold_copy,21,1,3314251,3314251,50000
bytes_tokio,multiline_data_tcp_chunks,data_only,22,1,3775064,3775064,50000
bytes_tokio,multiline_data_tcp_chunks,step2,22,1,3450247,3450247,50000
bytes_tokio,multiline_data_tcp_chunks,step1,22,1,3577563,3577563,50000
bytes_tokio,multiline_data_tcp_chunks,cold_copy,22,1,3345462,3345462,50000
bytes_tokio,multiline_data_tcp_chunks,baseline,22,1,3713294,3713294,50000
bytes_tokio,multiline_data_tcp_chunks,step1,23,1,3424103,3424103,50000
bytes_tokio,multiline_data_tcp_chunks,data_only,23,1,3531037,3531037,50000
bytes_tokio,multiline_data_tcp_chunks,cold_copy,23,1,3596313,3596313,50000
bytes_tokio,multiline_data_tcp_chunks,baseline,23,1,3383388,3383388,50000
bytes_tokio,multiline_data_tcp_chunks,step2,23,1,3561386,3561386,50000
bytes_tokio,multiline_data_tcp_chunks,data_only,24,1,3802920,3802920,50000
bytes_tokio,multiline_data_tcp_chunks,step1,24,1,3292904,3292904,50000
bytes_tokio,multiline_data_tcp_chunks,step2,24,1,3680531,3680531,50000
bytes_tokio,multiline_data_tcp_chunks,baseline,24,1,3424075,3424075,50000
bytes_tokio,multiline_data_tcp_chunks,cold_copy,24,1,3778629,3778629,50000
bytes_tokio,multiline_data_tcp_chunks,step2,25,1,3489145,3489145,50000
bytes_tokio,multiline_data_tcp_chunks,baseline,25,1,3359129,3359129,50000
bytes_tokio,multiline_data_tcp_chunks,step1,25,1,3733034,3733034,50000
bytes_tokio,multiline_data_tcp_chunks,cold_copy,25,1,3747339,3747339,50000
bytes_tokio,multiline_data_tcp_chunks,data_only,25,1,3755514,3755514,50000
bytes_tokio,multiline_data_tcp_chunks,step1,26,1,3160049,3160049,50000
bytes_tokio,multiline_data_tcp_chunks,baseline,26,1,3513921,3513921,50000
bytes_tokio,multiline_data_tcp_chunks,step2,26,1,3382594,3382594,50000
bytes_tokio,multiline_data_tcp_chunks,cold_copy,26,1,3541216,3541216,50000
bytes_tokio,multiline_data_tcp_chunks,data_only,26,1,3512001,3512001,50000
bytes_tokio,multiline_data_tcp_chunks,baseline,27,1,3025748,3025748,50000
bytes_tokio,multiline_data_tcp_chunks,cold_copy,27,1,3218563,3218563,50000
bytes_tokio,multiline_data_tcp_chunks,step1,27,1,2891358,2891358,50000
bytes_tokio,multiline_data_tcp_chunks,step2,27,1,3030004,3030004,50000
bytes_tokio,multiline_data_tcp_chunks,data_only,27,1,2921276,2921276,50000
bytes_tokio,multiline_data_tcp_chunks,data_only,28,1,2905028,2905028,50000
bytes_tokio,multiline_data_tcp_chunks,cold_copy,28,1,2805085,2805085,50000
bytes_tokio,multiline_data_tcp_chunks,step1,28,1,2739133,2739133,50000
bytes_tokio,multiline_data_tcp_chunks,step2,28,1,2800226,2800226,50000
bytes_tokio,multiline_data_tcp_chunks,baseline,28,1,2704573,2704573,50000
bytes_tokio,multiline_data_tcp_chunks,baseline,29,1,2689324,2689324,50000
bytes_tokio,multiline_data_tcp_chunks,step2,29,1,2794823,2794823,50000
bytes_tokio,multiline_data_tcp_chunks,cold_copy,29,1,3186248,3186248,50000
bytes_tokio,multiline_data_tcp_chunks,step1,29,1,2769851,2769851,50000
bytes_tokio,multiline_data_tcp_chunks,data_only,29,1,2844642,2844642,50000
bytes_tokio,multiline_data_tcp_chunks,data_only,30,1,2836570,2836570,50000
bytes_tokio,multiline_data_tcp_chunks,step1,30,1,2977219,2977219,50000
bytes_tokio,multiline_data_tcp_chunks,cold_copy,30,1,2895706,2895706,50000
bytes_tokio,multiline_data_tcp_chunks,step2,30,1,2832770,2832770,50000
bytes_tokio,multiline_data_tcp_chunks,baseline,30,1,3053787,3053787,50000
bytes_tokio,keepalive_whole_stream_chunk,data_only,0,3,2875140,958380,0
bytes_tokio,keepalive_whole_stream_chunk,step2,0,3,2861176,953725.3333333334,0
bytes_tokio,keepalive_whole_stream_chunk,step1,0,3,2863493,954497.6666666666,0
bytes_tokio,keepalive_whole_stream_chunk,baseline,0,3,2838902,946300.6666666666,0
bytes_tokio,keepalive_whole_stream_chunk,cold_copy,0,2,2285025,1142512.5,0
bytes_tokio,keepalive_whole_stream_chunk,step2,1,3,2890778,963592.6666666666,0
bytes_tokio,keepalive_whole_stream_chunk,step1,1,3,2841876,947292,0
bytes_tokio,keepalive_whole_stream_chunk,data_only,1,3,2839382,946460.6666666666,0
bytes_tokio,keepalive_whole_stream_chunk,cold_copy,1,2,2415730,1207865,0
bytes_tokio,keepalive_whole_stream_chunk,baseline,1,3,2874376,958125.3333333334,0
bytes_tokio,keepalive_whole_stream_chunk,cold_copy,2,2,2186561,1093280.5,0
bytes_tokio,keepalive_whole_stream_chunk,data_only,2,3,2838373,946124.3333333334,0
bytes_tokio,keepalive_whole_stream_chunk,step1,2,3,2838501,946167,0
bytes_tokio,keepalive_whole_stream_chunk,baseline,2,3,2856378,952126,0
bytes_tokio,keepalive_whole_stream_chunk,step2,2,3,2848766,949588.6666666666,0
bytes_tokio,keepalive_whole_stream_chunk,baseline,3,3,2834762,944920.6666666666,0
bytes_tokio,keepalive_whole_stream_chunk,step2,3,3,2838969,946323,0
bytes_tokio,keepalive_whole_stream_chunk,cold_copy,3,2,1974977,987488.5,0
bytes_tokio,keepalive_whole_stream_chunk,data_only,3,3,2839170,946390,0
bytes_tokio,keepalive_whole_stream_chunk,step1,3,3,2845396,948465.3333333334,0
bytes_tokio,keepalive_whole_stream_chunk,step1,4,3,2856819,952273,0
bytes_tokio,keepalive_whole_stream_chunk,data_only,4,3,2868142,956047.3333333334,0
bytes_tokio,keepalive_whole_stream_chunk,baseline,4,3,3141443,1047147.6666666666,0
bytes_tokio,keepalive_whole_stream_chunk,cold_copy,4,2,2128817,1064408.5,0
bytes_tokio,keepalive_whole_stream_chunk,step2,4,3,2862693,954231,0
bytes_tokio,keepalive_whole_stream_chunk,baseline,5,3,3005769,1001923,0
bytes_tokio,keepalive_whole_stream_chunk,data_only,5,3,3602369,1200789.6666666667,0
bytes_tokio,keepalive_whole_stream_chunk,step1,5,3,3167517,1055839,0
bytes_tokio,keepalive_whole_stream_chunk,cold_copy,5,2,2293451,1146725.5,0
bytes_tokio,keepalive_whole_stream_chunk,step2,5,3,2927066,975688.6666666666,0
bytes_tokio,keepalive_whole_stream_chunk,step1,6,3,2842237,947412.3333333334,0
bytes_tokio,keepalive_whole_stream_chunk,baseline,6,3,2842489,947496.3333333334,0
bytes_tokio,keepalive_whole_stream_chunk,step2,6,3,2995284,998428,0
bytes_tokio,keepalive_whole_stream_chunk,data_only,6,3,2837533,945844.3333333334,0
bytes_tokio,keepalive_whole_stream_chunk,cold_copy,6,2,2079390,1039695,0
bytes_tokio,keepalive_whole_stream_chunk,cold_copy,7,2,2285879,1142939.5,0
bytes_tokio,keepalive_whole_stream_chunk,baseline,7,3,2852903,950967.6666666666,0
bytes_tokio,keepalive_whole_stream_chunk,step1,7,3,2836401,945467,0
bytes_tokio,keepalive_whole_stream_chunk,data_only,7,3,2856596,952198.6666666666,0
bytes_tokio,keepalive_whole_stream_chunk,step2,7,3,2839485,946495,0
bytes_tokio,keepalive_whole_stream_chunk,step2,8,3,2855342,951780.6666666666,0
bytes_tokio,keepalive_whole_stream_chunk,data_only,8,3,2853440,951146.6666666666,0
bytes_tokio,keepalive_whole_stream_chunk,baseline,8,3,2855411,951803.6666666666,0
bytes_tokio,keepalive_whole_stream_chunk,cold_copy,8,2,2182845,1091422.5,0
bytes_tokio,keepalive_whole_stream_chunk,step1,8,3,3038319,1012773,0
bytes_tokio,keepalive_whole_stream_chunk,step2,9,3,2908317,969439,0
bytes_tokio,keepalive_whole_stream_chunk,baseline,9,3,2837161,945720.3333333334,0
bytes_tokio,keepalive_whole_stream_chunk,data_only,9,3,2836874,945624.6666666666,0
bytes_tokio,keepalive_whole_stream_chunk,cold_copy,9,2,2299656,1149828,0
bytes_tokio,keepalive_whole_stream_chunk,step1,9,3,2973115,991038.3333333334,0
bytes_tokio,keepalive_whole_stream_chunk,step1,10,3,2861314,953771.3333333334,0
bytes_tokio,keepalive_whole_stream_chunk,data_only,10,3,2854466,951488.6666666666,0
bytes_tokio,keepalive_whole_stream_chunk,baseline,10,3,2850249,950083,0
bytes_tokio,keepalive_whole_stream_chunk,step2,10,3,2843359,947786.3333333334,0
bytes_tokio,keepalive_whole_stream_chunk,cold_copy,10,2,2331349,1165674.5,0
bytes_tokio,keepalive_whole_stream_chunk,step2,11,3,2873410,957803.3333333334,0
bytes_tokio,keepalive_whole_stream_chunk,baseline,11,3,2859640,953213.3333333334,0
bytes_tokio,keepalive_whole_stream_chunk,step1,11,3,2912154,970718,0
bytes_tokio,keepalive_whole_stream_chunk,data_only,11,3,2841684,947228,0
bytes_tokio,keepalive_whole_stream_chunk,cold_copy,11,2,2070280,1035140,0
bytes_tokio,keepalive_whole_stream_chunk,step1,12,3,2914110,971370,0
bytes_tokio,keepalive_whole_stream_chunk,cold_copy,12,2,2133742,1066871,0
bytes_tokio,keepalive_whole_stream_chunk,step2,12,3,2840261,946753.6666666666,0
bytes_tokio,keepalive_whole_stream_chunk,baseline,12,3,2880264,960088,0
bytes_tokio,keepalive_whole_stream_chunk,data_only,12,3,2838921,946307,0
bytes_tokio,keepalive_whole_stream_chunk,step1,13,3,2839091,946363.6666666666,0
bytes_tokio,keepalive_whole_stream_chunk,cold_copy,13,2,2112272,1056136,0
bytes_tokio,keepalive_whole_stream_chunk,data_only,13,3,2870117,956705.6666666666,0
bytes_tokio,keepalive_whole_stream_chunk,baseline,13,3,2837210,945736.6666666666,0
bytes_tokio,keepalive_whole_stream_chunk,step2,13,3,2845311,948437,0
bytes_tokio,keepalive_whole_stream_chunk,step1,14,3,2837007,945669,0
bytes_tokio,keepalive_whole_stream_chunk,baseline,14,3,2856996,952332,0
bytes_tokio,keepalive_whole_stream_chunk,cold_copy,14,2,2149819,1074909.5,0
bytes_tokio,keepalive_whole_stream_chunk,data_only,14,3,2838864,946288,0
bytes_tokio,keepalive_whole_stream_chunk,step2,14,3,2837543,945847.6666666666,0
bytes_tokio,keepalive_whole_stream_chunk,step1,15,3,2872330,957443.3333333334,0
bytes_tokio,keepalive_whole_stream_chunk,step2,15,3,2839162,946387.3333333334,0
bytes_tokio,keepalive_whole_stream_chunk,baseline,15,3,2837739,945913,0
bytes_tokio,keepalive_whole_stream_chunk,cold_copy,15,2,2289391,1144695.5,0
bytes_tokio,keepalive_whole_stream_chunk,data_only,15,3,2957017,985672.3333333334,0
bytes_tokio,keepalive_whole_stream_chunk,baseline,16,3,2838505,946168.3333333334,0
bytes_tokio,keepalive_whole_stream_chunk,step1,16,3,2853678,951226,0
bytes_tokio,keepalive_whole_stream_chunk,cold_copy,16,2,2474820,1237410,0
bytes_tokio,keepalive_whole_stream_chunk,data_only,16,3,2884810,961603.3333333334,0
bytes_tokio,keepalive_whole_stream_chunk,step2,16,3,2836742,945580.6666666666,0
bytes_tokio,keepalive_whole_stream_chunk,step1,17,3,2844630,948210,0
bytes_tokio,keepalive_whole_stream_chunk,baseline,17,3,2844166,948055.3333333334,0
bytes_tokio,keepalive_whole_stream_chunk,step2,17,3,2853499,951166.3333333334,0
bytes_tokio,keepalive_whole_stream_chunk,cold_copy,17,2,2229201,1114600.5,0
bytes_tokio,keepalive_whole_stream_chunk,data_only,17,3,2837936,945978.6666666666,0
bytes_tokio,keepalive_whole_stream_chunk,step1,18,3,2853960,951320,0
bytes_tokio,keepalive_whole_stream_chunk,baseline,18,3,2842861,947620.3333333334,0
bytes_tokio,keepalive_whole_stream_chunk,cold_copy,18,2,2178138,1089069,0
bytes_tokio,keepalive_whole_stream_chunk,step2,18,3,2852135,950711.6666666666,0
bytes_tokio,keepalive_whole_stream_chunk,data_only,18,3,2977546,992515.3333333334,0
bytes_tokio,keepalive_whole_stream_chunk,step2,19,3,2842973,947657.6666666666,0
bytes_tokio,keepalive_whole_stream_chunk,step1,19,3,2845596,948532,0
bytes_tokio,keepalive_whole_stream_chunk,baseline,19,3,2836792,945597.3333333334,0
bytes_tokio,keepalive_whole_stream_chunk,data_only,19,3,2852597,950865.6666666666,0
bytes_tokio,keepalive_whole_stream_chunk,cold_copy,19,2,2106436,1053218,0
bytes_tokio,keepalive_whole_stream_chunk,cold_copy,20,2,2076631,1038315.5,0
bytes_tokio,keepalive_whole_stream_chunk,step1,20,3,2834796,944932,0
bytes_tokio,keepalive_whole_stream_chunk,step2,20,3,2852364,950788,0
bytes_tokio,keepalive_whole_stream_chunk,data_only,20,3,2838197,946065.6666666666,0
bytes_tokio,keepalive_whole_stream_chunk,baseline,20,3,2837062,945687.3333333334,0
bytes_tokio,keepalive_whole_stream_chunk,step1,21,3,2890683,963561,0
bytes_tokio,keepalive_whole_stream_chunk,baseline,21,3,2854240,951413.3333333334,0
bytes_tokio,keepalive_whole_stream_chunk,step2,21,3,2837497,945832.3333333334,0
bytes_tokio,keepalive_whole_stream_chunk,data_only,21,3,2835833,945277.6666666666,0
bytes_tokio,keepalive_whole_stream_chunk,cold_copy,21,2,2250629,1125314.5,0
bytes_tokio,keepalive_whole_stream_chunk,data_only,22,3,2869939,956646.3333333334,0
bytes_tokio,keepalive_whole_stream_chunk,step2,22,3,2846529,948843,0
bytes_tokio,keepalive_whole_stream_chunk,step1,22,3,2836618,945539.3333333334,0
bytes_tokio,keepalive_whole_stream_chunk,cold_copy,22,2,2286628,1143314,0
bytes_tokio,keepalive_whole_stream_chunk,baseline,22,3,2849154,949718,0
bytes_tokio,keepalive_whole_stream_chunk,step1,23,3,2881750,960583.3333333334,0
bytes_tokio,keepalive_whole_stream_chunk,data_only,23,3,2836795,945598.3333333334,0
bytes_tokio,keepalive_whole_stream_chunk,cold_copy,23,2,1891361,945680.5,0
bytes_tokio,keepalive_whole_stream_chunk,baseline,23,3,2865007,955002.3333333334,0
bytes_tokio,keepalive_whole_stream_chunk,step2,23,3,2861952,953984,0
bytes_tokio,keepalive_whole_stream_chunk,data_only,24,3,2844112,948037.3333333334,0
bytes_tokio,keepalive_whole_stream_chunk,step1,24,3,2834219,944739.6666666666,0
bytes_tokio,keepalive_whole_stream_chunk,step2,24,3,2878282,959427.3333333334,0
bytes_tokio,keepalive_whole_stream_chunk,baseline,24,3,2868687,956229,0
bytes_tokio,keepalive_whole_stream_chunk,cold_copy,24,2,2285632,1142816,0
bytes_tokio,keepalive_whole_stream_chunk,step2,25,3,2835480,945160,0
bytes_tokio,keepalive_whole_stream_chunk,baseline,25,3,2995962,998654,0
bytes_tokio,keepalive_whole_stream_chunk,step1,25,3,2836479,945493,0
bytes_tokio,keepalive_whole_stream_chunk,cold_copy,25,2,2025989,1012994.5,0
bytes_tokio,keepalive_whole_stream_chunk,data_only,25,3,2837539,945846.3333333334,0
bytes_tokio,keepalive_whole_stream_chunk,step1,26,3,2870081,956693.6666666666,0
bytes_tokio,keepalive_whole_stream_chunk,baseline,26,3,2915385,971795,0
bytes_tokio,keepalive_whole_stream_chunk,step2,26,3,2846570,948856.6666666666,0
bytes_tokio,keepalive_whole_stream_chunk,cold_copy,26,2,2284452,1142226,0
bytes_tokio,keepalive_whole_stream_chunk,data_only,26,3,2944881,981627,0
bytes_tokio,keepalive_whole_stream_chunk,baseline,27,3,2837237,945745.6666666666,0
bytes_tokio,keepalive_whole_stream_chunk,cold_copy,27,2,2296534,1148267,0
bytes_tokio,keepalive_whole_stream_chunk,step1,27,3,2838919,946306.3333333334,0
bytes_tokio,keepalive_whole_stream_chunk,step2,27,3,2851976,950658.6666666666,0
bytes_tokio,keepalive_whole_stream_chunk,data_only,27,3,2836204,945401.3333333334,0
bytes_tokio,keepalive_whole_stream_chunk,data_only,28,3,2835966,945322,0
bytes_tokio,keepalive_whole_stream_chunk,cold_copy,28,2,1891909,945954.5,0
bytes_tokio,keepalive_whole_stream_chunk,step1,28,3,2870574,956858,0
bytes_tokio,keepalive_whole_stream_chunk,step2,28,3,2840592,946864,0
bytes_tokio,keepalive_whole_stream_chunk,baseline,28,3,2841888,947296,0
bytes_tokio,keepalive_whole_stream_chunk,baseline,29,3,2849398,949799.3333333334,0
bytes_tokio,keepalive_whole_stream_chunk,step2,29,3,2837487,945829,0
bytes_tokio,keepalive_whole_stream_chunk,cold_copy,29,2,2092610,1046305,0
bytes_tokio,keepalive_whole_stream_chunk,step1,29,3,2854351,951450.3333333334,0
bytes_tokio,keepalive_whole_stream_chunk,data_only,29,3,2855445,951815,0
bytes_tokio,keepalive_whole_stream_chunk,data_only,30,3,2841738,947246,0
bytes_tokio,keepalive_whole_stream_chunk,step1,30,3,2841005,947001.6666666666,0
bytes_tokio,keepalive_whole_stream_chunk,cold_copy,30,2,2140003,1070001.5,0
bytes_tokio,keepalive_whole_stream_chunk,step2,30,3,2851315,950438.3333333334,0
bytes_tokio,keepalive_whole_stream_chunk,baseline,30,3,2904403,968134.3333333334,0
bytes_tokio,keepalive_tcp_chunks,data_only,0,3,2959306,986435.3333333334,0
bytes_tokio,keepalive_tcp_chunks,step2,0,3,2970268,990089.3333333334,0
bytes_tokio,keepalive_tcp_chunks,step1,0,3,2949702,983234,0
bytes_tokio,keepalive_tcp_chunks,baseline,0,2,2029655,1014827.5,0
bytes_tokio,keepalive_tcp_chunks,cold_copy,0,3,2956479,985493,0
bytes_tokio,keepalive_tcp_chunks,step2,1,3,2960776,986925.3333333334,0
bytes_tokio,keepalive_tcp_chunks,step1,1,3,2952610,984203.3333333334,0
bytes_tokio,keepalive_tcp_chunks,data_only,1,3,2958372,986124,0
bytes_tokio,keepalive_tcp_chunks,cold_copy,1,3,2973329,991109.6666666666,0
bytes_tokio,keepalive_tcp_chunks,baseline,1,2,2029813,1014906.5,0
bytes_tokio,keepalive_tcp_chunks,cold_copy,2,3,3001995,1000665,0
bytes_tokio,keepalive_tcp_chunks,data_only,2,3,2996911,998970.3333333334,0
bytes_tokio,keepalive_tcp_chunks,step1,2,3,2965318,988439.3333333334,0
bytes_tokio,keepalive_tcp_chunks,baseline,2,2,2033285,1016642.5,0
bytes_tokio,keepalive_tcp_chunks,step2,2,3,2958717,986239,0
bytes_tokio,keepalive_tcp_chunks,baseline,3,2,2031450,1015725,0
bytes_tokio,keepalive_tcp_chunks,step2,3,3,2946643,982214.3333333334,0
bytes_tokio,keepalive_tcp_chunks,cold_copy,3,3,2979317,993105.6666666666,0
bytes_tokio,keepalive_tcp_chunks,data_only,3,3,2960367,986789,0
bytes_tokio,keepalive_tcp_chunks,step1,3,3,2949796,983265.3333333334,0
bytes_tokio,keepalive_tcp_chunks,step1,4,3,2968751,989583.6666666666,0
bytes_tokio,keepalive_tcp_chunks,data_only,4,3,2987327,995775.6666666666,0
bytes_tokio,keepalive_tcp_chunks,baseline,4,2,2038622,1019311,0
bytes_tokio,keepalive_tcp_chunks,cold_copy,4,3,2955123,985041,0
bytes_tokio,keepalive_tcp_chunks,step2,4,3,2961656,987218.6666666666,0
bytes_tokio,keepalive_tcp_chunks,baseline,5,2,2015926,1007963,0
bytes_tokio,keepalive_tcp_chunks,data_only,5,3,2961393,987131,0
bytes_tokio,keepalive_tcp_chunks,step1,5,3,2967015,989005,0
bytes_tokio,keepalive_tcp_chunks,cold_copy,5,3,2974065,991355,0
bytes_tokio,keepalive_tcp_chunks,step2,5,3,2946563,982187.6666666666,0
bytes_tokio,keepalive_tcp_chunks,step1,6,3,2950604,983534.6666666666,0
bytes_tokio,keepalive_tcp_chunks,baseline,6,2,2015716,1007858,0
bytes_tokio,keepalive_tcp_chunks,step2,6,3,2962927,987642.3333333334,0
bytes_tokio,keepalive_tcp_chunks,data_only,6,3,2977738,992579.3333333334,0
bytes_tokio,keepalive_tcp_chunks,cold_copy,6,3,2981646,993882,0
bytes_tokio,keepalive_tcp_chunks,cold_copy,7,3,3002201,1000733.6666666666,0
bytes_tokio,keepalive_tcp_chunks,baseline,7,2,2031759,1015879.5,0
bytes_tokio,keepalive_tcp_chunks,step1,7,3,2956401,985467,0
bytes_tokio,keepalive_tcp_chunks,data_only,7,3,2988423,996141,0
bytes_tokio,keepalive_tcp_chunks,step2,7,3,2956846,985615.3333333334,0
bytes_tokio,keepalive_tcp_chunks,step2,8,3,2960059,986686.3333333334,0
bytes_tokio,keepalive_tcp_chunks,data_only,8,3,2966965,988988.3333333334,0
bytes_tokio,keepalive_tcp_chunks,baseline,8,2,2017597,1008798.5,0
bytes_tokio,keepalive_tcp_chunks,cold_copy,8,3,2973804,991268,0
bytes_tokio,keepalive_tcp_chunks,step1,8,3,2948770,982923.3333333334,0
bytes_tokio,keepalive_tcp_chunks,step2,9,3,2955040,985013.3333333334,0
bytes_tokio,keepalive_tcp_chunks,baseline,9,2,2016738,1008369,0
bytes_tokio,keepalive_tcp_chunks,data_only,9,3,2975497,991832.3333333334,0
bytes_tokio,keepalive_tcp_chunks,cold_copy,9,3,2955256,985085.3333333334,0
bytes_tokio,keepalive_tcp_chunks,step1,9,3,2960636,986878.6666666666,0
bytes_tokio,keepalive_tcp_chunks,step1,10,3,2948398,982799.3333333334,0
bytes_tokio,keepalive_tcp_chunks,data_only,10,3,3017148,1005716,0
bytes_tokio,keepalive_tcp_chunks,baseline,10,2,2020199,1010099.5,0
bytes_tokio,keepalive_tcp_chunks,step2,10,3,2956737,985579,0
bytes_tokio,keepalive_tcp_chunks,cold_copy,10,3,2955039,985013,0
bytes_tokio,keepalive_tcp_chunks,step2,11,3,2964208,988069.3333333334,0
bytes_tokio,keepalive_tcp_chunks,baseline,11,2,2025995,1012997.5,0
bytes_tokio,keepalive_tcp_chunks,step1,11,3,3085236,1028412,0
bytes_tokio,keepalive_tcp_chunks,data_only,11,3,2957913,985971,0
bytes_tokio,keepalive_tcp_chunks,cold_copy,11,3,2974509,991503,0
bytes_tokio,keepalive_tcp_chunks,step1,12,3,2958302,986100.6666666666,0
bytes_tokio,keepalive_tcp_chunks,cold_copy,12,3,2955728,985242.6666666666,0
bytes_tokio,keepalive_tcp_chunks,step2,12,3,2969178,989726,0
bytes_tokio,keepalive_tcp_chunks,baseline,12,2,2017127,1008563.5,0
bytes_tokio,keepalive_tcp_chunks,data_only,12,3,2981494,993831.3333333334,0
bytes_tokio,keepalive_tcp_chunks,step1,13,3,2950072,983357.3333333334,0
bytes_tokio,keepalive_tcp_chunks,cold_copy,13,3,2975960,991986.6666666666,0
bytes_tokio,keepalive_tcp_chunks,data_only,13,3,2958379,986126.3333333334,0
bytes_tokio,keepalive_tcp_chunks,baseline,13,2,2015643,1007821.5,0
bytes_tokio,keepalive_tcp_chunks,step2,13,3,2955272,985090.6666666666,0
bytes_tokio,keepalive_tcp_chunks,step1,14,3,2968745,989581.6666666666,0
bytes_tokio,keepalive_tcp_chunks,baseline,14,2,2022446,1011223,0
bytes_tokio,keepalive_tcp_chunks,cold_copy,14,3,3011400,1003800,0
bytes_tokio,keepalive_tcp_chunks,data_only,14,3,2957395,985798.3333333334,0
bytes_tokio,keepalive_tcp_chunks,step2,14,3,2959710,986570,0
bytes_tokio,keepalive_tcp_chunks,step1,15,3,2967313,989104.3333333334,0
bytes_tokio,keepalive_tcp_chunks,step2,15,3,2944674,981558,0
bytes_tokio,keepalive_tcp_chunks,baseline,15,2,2017691,1008845.5,0
bytes_tokio,keepalive_tcp_chunks,cold_copy,15,3,2974107,991369,0
bytes_tokio,keepalive_tcp_chunks,data_only,15,3,2954187,984729,0
bytes_tokio,keepalive_tcp_chunks,baseline,16,2,2026918,1013459,0
bytes_tokio,keepalive_tcp_chunks,step1,16,3,2981462,993820.6666666666,0
bytes_tokio,keepalive_tcp_chunks,cold_copy,16,3,2975655,991885,0
bytes_tokio,keepalive_tcp_chunks,data_only,16,3,2953345,984448.3333333334,0
bytes_tokio,keepalive_tcp_chunks,step2,16,3,2945728,981909.3333333334,0
bytes_tokio,keepalive_tcp_chunks,step1,17,3,2963882,987960.6666666666,0
bytes_tokio,keepalive_tcp_chunks,baseline,17,2,2026670,1013335,0
bytes_tokio,keepalive_tcp_chunks,step2,17,3,2955182,985060.6666666666,0
bytes_tokio,keepalive_tcp_chunks,cold_copy,17,3,2954524,984841.3333333334,0
bytes_tokio,keepalive_tcp_chunks,data_only,17,3,2976929,992309.6666666666,0
bytes_tokio,keepalive_tcp_chunks,step1,18,3,2956205,985401.6666666666,0
bytes_tokio,keepalive_tcp_chunks,baseline,18,2,2014268,1007134,0
bytes_tokio,keepalive_tcp_chunks,cold_copy,18,3,3030094,1010031.3333333334,0
bytes_tokio,keepalive_tcp_chunks,step2,18,3,2969399,989799.6666666666,0
bytes_tokio,keepalive_tcp_chunks,data_only,18,3,2961963,987321,0
bytes_tokio,keepalive_tcp_chunks,step2,19,3,2981839,993946.3333333334,0
bytes_tokio,keepalive_tcp_chunks,step1,19,3,2959815,986605,0
bytes_tokio,keepalive_tcp_chunks,baseline,19,2,2033596,1016798,0
bytes_tokio,keepalive_tcp_chunks,data_only,19,3,2958646,986215.3333333334,0
bytes_tokio,keepalive_tcp_chunks,cold_copy,19,3,2977122,992374,0
bytes_tokio,keepalive_tcp_chunks,cold_copy,20,3,3001701,1000567,0
bytes_tokio,keepalive_tcp_chunks,step1,20,3,2967436,989145.3333333334,0
bytes_tokio,keepalive_tcp_chunks,step2,20,3,2945538,981846,0
bytes_tokio,keepalive_tcp_chunks,data_only,20,3,2973397,991132.3333333334,0
bytes_tokio,keepalive_tcp_chunks,baseline,20,2,2036546,1018273,0
bytes_tokio,keepalive_tcp_chunks,step1,21,3,2967623,989207.6666666666,0
bytes_tokio,keepalive_tcp_chunks,baseline,21,2,2018667,1009333.5,0
bytes_tokio,keepalive_tcp_chunks,step2,21,3,2945355,981785,0
bytes_tokio,keepalive_tcp_chunks,data_only,21,3,2957428,985809.3333333334,0
bytes_tokio,keepalive_tcp_chunks,cold_copy,21,3,2972973,990991,0
bytes_tokio,keepalive_tcp_chunks,data_only,22,3,3015595,1005198.3333333334,0
bytes_tokio,keepalive_tcp_chunks,step2,22,3,2956193,985397.6666666666,0
bytes_tokio,keepalive_tcp_chunks,step1,22,3,2967840,989280,0
bytes_tokio,keepalive_tcp_chunks,cold_copy,22,3,2954762,984920.6666666666,0
bytes_tokio,keepalive_tcp_chunks,baseline,22,2,2015215,1007607.5,0
bytes_tokio,keepalive_tcp_chunks,step1,23,3,2951083,983694.3333333334,0
bytes_tokio,keepalive_tcp_chunks,data_only,23,3,2992821,997607,0
bytes_tokio,keepalive_tcp_chunks,cold_copy,23,3,2956433,985477.6666666666,0
bytes_tokio,keepalive_tcp_chunks,baseline,23,2,2020507,1010253.5,0
bytes_tokio,keepalive_tcp_chunks,step2,23,3,2945982,981994,0
bytes_tokio,keepalive_tcp_chunks,data_only,24,3,2975853,991951,0
bytes_tokio,keepalive_tcp_chunks,step1,24,3,2967252,989084,0
bytes_tokio,keepalive_tcp_chunks,step2,24,3,2956665,985555,0
bytes_tokio,keepalive_tcp_chunks,baseline,24,2,2016668,1008334,0
bytes_tokio,keepalive_tcp_chunks,cold_copy,24,3,2974013,991337.6666666666,0
bytes_tokio,keepalive_tcp_chunks,step2,25,3,2954990,984996.6666666666,0
bytes_tokio,keepalive_tcp_chunks,baseline,25,2,2059608,1029804,0
bytes_tokio,keepalive_tcp_chunks,step1,25,3,2953028,984342.6666666666,0
bytes_tokio,keepalive_tcp_chunks,cold_copy,25,3,2973881,991293.6666666666,0
bytes_tokio,keepalive_tcp_chunks,data_only,25,3,2978161,992720.3333333334,0
bytes_tokio,keepalive_tcp_chunks,step1,26,3,2950785,983595,0
bytes_tokio,keepalive_tcp_chunks,baseline,26,2,2017968,1008984,0
bytes_tokio,keepalive_tcp_chunks,step2,26,3,2986585,995528.3333333334,0
bytes_tokio,keepalive_tcp_chunks,cold_copy,26,3,2965167,988389,0
bytes_tokio,keepalive_tcp_chunks,data_only,26,3,3637625,1212541.6666666667,0
bytes_tokio,keepalive_tcp_chunks,baseline,27,2,2949856,1474928,0
bytes_tokio,keepalive_tcp_chunks,cold_copy,27,3,4319783,1439927.6666666667,0
bytes_tokio,keepalive_tcp_chunks,step1,27,3,5209015,1736338.3333333333,0
bytes_tokio,keepalive_tcp_chunks,step2,27,3,4110409,1370136.3333333333,0
bytes_tokio,keepalive_tcp_chunks,data_only,27,3,4129104,1376368,0
bytes_tokio,keepalive_tcp_chunks,data_only,28,3,4278284,1426094.6666666667,0
bytes_tokio,keepalive_tcp_chunks,cold_copy,28,3,4115114,1371704.6666666667,0
bytes_tokio,keepalive_tcp_chunks,step1,28,3,3920494,1306831.3333333333,0
bytes_tokio,keepalive_tcp_chunks,step2,28,3,4043951,1347983.6666666667,0
bytes_tokio,keepalive_tcp_chunks,baseline,28,2,2636116,1318058,0
bytes_tokio,keepalive_tcp_chunks,baseline,29,2,2593350,1296675,0
bytes_tokio,keepalive_tcp_chunks,step2,29,3,3843265,1281088.3333333333,0
bytes_tokio,keepalive_tcp_chunks,cold_copy,29,3,4578504,1526168,0
bytes_tokio,keepalive_tcp_chunks,step1,29,3,4672180,1557393.3333333333,0
bytes_tokio,keepalive_tcp_chunks,data_only,29,3,4422951,1474317,0
bytes_tokio,keepalive_tcp_chunks,data_only,30,3,3840340,1280113.3333333333,0
bytes_tokio,keepalive_tcp_chunks,step1,30,3,4342933,1447644.3333333333,0
bytes_tokio,keepalive_tcp_chunks,cold_copy,30,3,4291313,1430437.6666666667,0
bytes_tokio,keepalive_tcp_chunks,step2,30,3,4053323,1351107.6666666667,0
bytes_tokio,keepalive_tcp_chunks,baseline,30,2,3068309,1534154.5,0
bytes_tokio,keepalive_4b_chunks,data_only,0,1,12862772,12862772,0
bytes_tokio,keepalive_4b_chunks,step2,0,1,12670145,12670145,0
bytes_tokio,keepalive_4b_chunks,step1,0,1,12181968,12181968,0
bytes_tokio,keepalive_4b_chunks,baseline,0,1,12242108,12242108,0
bytes_tokio,keepalive_4b_chunks,cold_copy,0,1,12726204,12726204,0
bytes_tokio,keepalive_4b_chunks,step2,1,1,12628191,12628191,0
bytes_tokio,keepalive_4b_chunks,step1,1,1,12493468,12493468,0
bytes_tokio,keepalive_4b_chunks,data_only,1,1,12926285,12926285,0
bytes_tokio,keepalive_4b_chunks,cold_copy,1,1,12859867,12859867,0
bytes_tokio,keepalive_4b_chunks,baseline,1,1,12954964,12954964,0
bytes_tokio,keepalive_4b_chunks,cold_copy,2,1,12693181,12693181,0
bytes_tokio,keepalive_4b_chunks,data_only,2,1,12850177,12850177,0
bytes_tokio,keepalive_4b_chunks,step1,2,1,12561185,12561185,0
bytes_tokio,keepalive_4b_chunks,baseline,2,1,12534030,12534030,0
bytes_tokio,keepalive_4b_chunks,step2,2,1,12667839,12667839,0
bytes_tokio,keepalive_4b_chunks,baseline,3,1,12526507,12526507,0
bytes_tokio,keepalive_4b_chunks,step2,3,1,12793481,12793481,0
bytes_tokio,keepalive_4b_chunks,cold_copy,3,1,12762034,12762034,0
bytes_tokio,keepalive_4b_chunks,data_only,3,1,12723858,12723858,0
bytes_tokio,keepalive_4b_chunks,step1,3,1,12560932,12560932,0
bytes_tokio,keepalive_4b_chunks,step1,4,1,12553353,12553353,0
bytes_tokio,keepalive_4b_chunks,data_only,4,1,12533806,12533806,0
bytes_tokio,keepalive_4b_chunks,baseline,4,1,12721038,12721038,0
bytes_tokio,keepalive_4b_chunks,cold_copy,4,1,12964813,12964813,0
bytes_tokio,keepalive_4b_chunks,step2,4,1,12779855,12779855,0
bytes_tokio,keepalive_4b_chunks,baseline,5,1,12552573,12552573,0
bytes_tokio,keepalive_4b_chunks,data_only,5,1,12767934,12767934,0
bytes_tokio,keepalive_4b_chunks,step1,5,1,12461158,12461158,0
bytes_tokio,keepalive_4b_chunks,cold_copy,5,1,12770836,12770836,0
bytes_tokio,keepalive_4b_chunks,step2,5,1,12767562,12767562,0
bytes_tokio,keepalive_4b_chunks,step1,6,1,12658112,12658112,0
bytes_tokio,keepalive_4b_chunks,baseline,6,1,12486506,12486506,0
bytes_tokio,keepalive_4b_chunks,step2,6,1,12872417,12872417,0
bytes_tokio,keepalive_4b_chunks,data_only,6,1,12799913,12799913,0
bytes_tokio,keepalive_4b_chunks,cold_copy,6,1,12696657,12696657,0
bytes_tokio,keepalive_4b_chunks,cold_copy,7,1,12745806,12745806,0
bytes_tokio,keepalive_4b_chunks,baseline,7,1,12560145,12560145,0
bytes_tokio,keepalive_4b_chunks,step1,7,1,12536020,12536020,0
bytes_tokio,keepalive_4b_chunks,data_only,7,1,12782266,12782266,0
bytes_tokio,keepalive_4b_chunks,step2,7,1,12763110,12763110,0
bytes_tokio,keepalive_4b_chunks,step2,8,1,12722774,12722774,0
bytes_tokio,keepalive_4b_chunks,data_only,8,1,12821923,12821923,0
bytes_tokio,keepalive_4b_chunks,baseline,8,1,12488575,12488575,0
bytes_tokio,keepalive_4b_chunks,cold_copy,8,1,12778652,12778652,0
bytes_tokio,keepalive_4b_chunks,step1,8,1,12489168,12489168,0
bytes_tokio,keepalive_4b_chunks,step2,9,1,12762289,12762289,0
bytes_tokio,keepalive_4b_chunks,baseline,9,1,12454225,12454225,0
bytes_tokio,keepalive_4b_chunks,data_only,9,1,12837550,12837550,0
bytes_tokio,keepalive_4b_chunks,cold_copy,9,1,12710814,12710814,0
bytes_tokio,keepalive_4b_chunks,step1,9,1,12539526,12539526,0
bytes_tokio,keepalive_4b_chunks,step1,10,1,12562424,12562424,0
bytes_tokio,keepalive_4b_chunks,data_only,10,1,12755766,12755766,0
bytes_tokio,keepalive_4b_chunks,baseline,10,1,12446569,12446569,0
bytes_tokio,keepalive_4b_chunks,step2,10,1,12599190,12599190,0
bytes_tokio,keepalive_4b_chunks,cold_copy,10,1,12645465,12645465,0
bytes_tokio,keepalive_4b_chunks,step2,11,1,12856316,12856316,0
bytes_tokio,keepalive_4b_chunks,baseline,11,1,12722654,12722654,0
bytes_tokio,keepalive_4b_chunks,step1,11,1,14124620,14124620,0
bytes_tokio,keepalive_4b_chunks,data_only,11,1,14467107,14467107,0
bytes_tokio,keepalive_4b_chunks,cold_copy,11,1,14308216,14308216,0
bytes_tokio,keepalive_4b_chunks,step1,12,1,14240835,14240835,0
bytes_tokio,keepalive_4b_chunks,cold_copy,12,1,14311487,14311487,0
bytes_tokio,keepalive_4b_chunks,step2,12,1,14694429,14694429,0
bytes_tokio,keepalive_4b_chunks,baseline,12,1,13834920,13834920,0
bytes_tokio,keepalive_4b_chunks,data_only,12,1,12898102,12898102,0
bytes_tokio,keepalive_4b_chunks,step1,13,1,12798262,12798262,0
bytes_tokio,keepalive_4b_chunks,cold_copy,13,1,12864351,12864351,0
bytes_tokio,keepalive_4b_chunks,data_only,13,1,13107425,13107425,0
bytes_tokio,keepalive_4b_chunks,baseline,13,1,12632188,12632188,0
bytes_tokio,keepalive_4b_chunks,step2,13,1,12797048,12797048,0
bytes_tokio,keepalive_4b_chunks,step1,14,1,12634765,12634765,0
bytes_tokio,keepalive_4b_chunks,baseline,14,1,12553889,12553889,0
bytes_tokio,keepalive_4b_chunks,cold_copy,14,1,12782168,12782168,0
bytes_tokio,keepalive_4b_chunks,data_only,14,1,12753383,12753383,0
bytes_tokio,keepalive_4b_chunks,step2,14,1,12784964,12784964,0
bytes_tokio,keepalive_4b_chunks,step1,15,1,13382514,13382514,0
bytes_tokio,keepalive_4b_chunks,step2,15,1,12744742,12744742,0
bytes_tokio,keepalive_4b_chunks,baseline,15,1,12460335,12460335,0
bytes_tokio,keepalive_4b_chunks,cold_copy,15,1,12812855,12812855,0
bytes_tokio,keepalive_4b_chunks,data_only,15,1,12861398,12861398,0
bytes_tokio,keepalive_4b_chunks,baseline,16,1,12533333,12533333,0
bytes_tokio,keepalive_4b_chunks,step1,16,1,12645563,12645563,0
bytes_tokio,keepalive_4b_chunks,cold_copy,16,1,12668123,12668123,0
bytes_tokio,keepalive_4b_chunks,data_only,16,1,12838975,12838975,0
bytes_tokio,keepalive_4b_chunks,step2,16,1,12554740,12554740,0
bytes_tokio,keepalive_4b_chunks,step1,17,1,12224509,12224509,0
bytes_tokio,keepalive_4b_chunks,baseline,17,1,12578076,12578076,0
bytes_tokio,keepalive_4b_chunks,step2,17,1,12647047,12647047,0
bytes_tokio,keepalive_4b_chunks,cold_copy,17,1,12700337,12700337,0
bytes_tokio,keepalive_4b_chunks,data_only,17,1,12748945,12748945,0
bytes_tokio,keepalive_4b_chunks,step1,18,1,12456453,12456453,0
bytes_tokio,keepalive_4b_chunks,baseline,18,1,12584954,12584954,0
bytes_tokio,keepalive_4b_chunks,cold_copy,18,1,12744794,12744794,0
bytes_tokio,keepalive_4b_chunks,step2,18,1,12601723,12601723,0
bytes_tokio,keepalive_4b_chunks,data_only,18,1,12774190,12774190,0
bytes_tokio,keepalive_4b_chunks,step2,19,1,12806336,12806336,0
bytes_tokio,keepalive_4b_chunks,step1,19,1,12620136,12620136,0
bytes_tokio,keepalive_4b_chunks,baseline,19,1,12492398,12492398,0
bytes_tokio,keepalive_4b_chunks,data_only,19,1,12876132,12876132,0
bytes_tokio,keepalive_4b_chunks,cold_copy,19,1,12777186,12777186,0
bytes_tokio,keepalive_4b_chunks,cold_copy,20,1,12761501,12761501,0
bytes_tokio,keepalive_4b_chunks,step1,20,1,12526923,12526923,0
bytes_tokio,keepalive_4b_chunks,step2,20,1,12811058,12811058,0
bytes_tokio,keepalive_4b_chunks,data_only,20,1,12783114,12783114,0
bytes_tokio,keepalive_4b_chunks,baseline,20,1,12538015,12538015,0
bytes_tokio,keepalive_4b_chunks,step1,21,1,12542370,12542370,0
bytes_tokio,keepalive_4b_chunks,baseline,21,1,12536599,12536599,0
bytes_tokio,keepalive_4b_chunks,step2,21,1,12858841,12858841,0
bytes_tokio,keepalive_4b_chunks,data_only,21,1,12863124,12863124,0
bytes_tokio,keepalive_4b_chunks,cold_copy,21,1,12780316,12780316,0
bytes_tokio,keepalive_4b_chunks,data_only,22,1,12745422,12745422,0
bytes_tokio,keepalive_4b_chunks,step2,22,1,12839608,12839608,0
bytes_tokio,keepalive_4b_chunks,step1,22,1,12584304,12584304,0
bytes_tokio,keepalive_4b_chunks,cold_copy,22,1,12699593,12699593,0
bytes_tokio,keepalive_4b_chunks,baseline,22,1,12549686,12549686,0
bytes_tokio,keepalive_4b_chunks,step1,23,1,12546607,12546607,0
bytes_tokio,keepalive_4b_chunks,data_only,23,1,12785241,12785241,0
bytes_tokio,keepalive_4b_chunks,cold_copy,23,1,12852809,12852809,0
bytes_tokio,keepalive_4b_chunks,baseline,23,1,12506023,12506023,0
bytes_tokio,keepalive_4b_chunks,step2,23,1,12808312,12808312,0
bytes_tokio,keepalive_4b_chunks,data_only,24,1,12810464,12810464,0
bytes_tokio,keepalive_4b_chunks,step1,24,1,12538878,12538878,0
bytes_tokio,keepalive_4b_chunks,step2,24,1,12771923,12771923,0
bytes_tokio,keepalive_4b_chunks,baseline,24,1,12482894,12482894,0
bytes_tokio,keepalive_4b_chunks,cold_copy,24,1,12713766,12713766,0
bytes_tokio,keepalive_4b_chunks,step2,25,1,12586409,12586409,0
bytes_tokio,keepalive_4b_chunks,baseline,25,1,12540192,12540192,0
bytes_tokio,keepalive_4b_chunks,step1,25,1,12186566,12186566,0
bytes_tokio,keepalive_4b_chunks,cold_copy,25,1,12668504,12668504,0
bytes_tokio,keepalive_4b_chunks,data_only,25,1,12796371,12796371,0
bytes_tokio,keepalive_4b_chunks,step1,26,1,12410256,12410256,0
bytes_tokio,keepalive_4b_chunks,baseline,26,1,12452915,12452915,0
bytes_tokio,keepalive_4b_chunks,step2,26,1,12648555,12648555,0
bytes_tokio,keepalive_4b_chunks,cold_copy,26,1,12831622,12831622,0
bytes_tokio,keepalive_4b_chunks,data_only,26,1,13433982,13433982,0
bytes_tokio,keepalive_4b_chunks,baseline,27,1,14085758,14085758,0
bytes_tokio,keepalive_4b_chunks,cold_copy,27,1,14360390,14360390,0
bytes_tokio,keepalive_4b_chunks,step1,27,1,14470407,14470407,0
bytes_tokio,keepalive_4b_chunks,step2,27,1,14426944,14426944,0
bytes_tokio,keepalive_4b_chunks,data_only,27,1,14484971,14484971,0
bytes_tokio,keepalive_4b_chunks,data_only,28,1,14644359,14644359,0
bytes_tokio,keepalive_4b_chunks,cold_copy,28,1,13864099,13864099,0
bytes_tokio,keepalive_4b_chunks,step1,28,1,12697396,12697396,0
bytes_tokio,keepalive_4b_chunks,step2,28,1,12937219,12937219,0
bytes_tokio,keepalive_4b_chunks,baseline,28,1,12963391,12963391,0
bytes_tokio,keepalive_4b_chunks,baseline,29,1,13107846,13107846,0
bytes_tokio,keepalive_4b_chunks,step2,29,1,12826293,12826293,0
bytes_tokio,keepalive_4b_chunks,cold_copy,29,1,12886288,12886288,0
bytes_tokio,keepalive_4b_chunks,step1,29,1,12574643,12574643,0
bytes_tokio,keepalive_4b_chunks,data_only,29,1,12929524,12929524,0
bytes_tokio,keepalive_4b_chunks,data_only,30,1,12797531,12797531,0
bytes_tokio,keepalive_4b_chunks,step1,30,1,12457973,12457973,0
bytes_tokio,keepalive_4b_chunks,cold_copy,30,1,12974453,12974453,0
bytes_tokio,keepalive_4b_chunks,step2,30,1,13506307,13506307,0
bytes_tokio,keepalive_4b_chunks,baseline,30,1,12480935,12480935,0
bytes_tokio,large_data_tcp_chunks,data_only,0,21,3200798,152418.95238095237,64
bytes_tokio,large_data_tcp_chunks,step2,0,20,2741031,137051.55,64
bytes_tokio,large_data_tcp_chunks,step1,0,21,2831236,134820.7619047619,64
bytes_tokio,large_data_tcp_chunks,baseline,0,15,2313948,154263.2,64
bytes_tokio,large_data_tcp_chunks,cold_copy,0,21,2836087,135051.7619047619,64
bytes_tokio,large_data_tcp_chunks,step2,1,20,2705927,135296.35,64
bytes_tokio,large_data_tcp_chunks,step1,1,21,2857583,136075.38095238095,64
bytes_tokio,large_data_tcp_chunks,data_only,1,21,2915526,138834.57142857142,64
bytes_tokio,large_data_tcp_chunks,cold_copy,1,21,2841847,135326.04761904763,64
bytes_tokio,large_data_tcp_chunks,baseline,1,15,2351142,156742.8,64
bytes_tokio,large_data_tcp_chunks,cold_copy,2,21,2865318,136443.7142857143,64
bytes_tokio,large_data_tcp_chunks,data_only,2,21,2826444,134592.57142857142,64
bytes_tokio,large_data_tcp_chunks,step1,2,21,2881689,137223.2857142857,64
bytes_tokio,large_data_tcp_chunks,baseline,2,15,2315073,154338.2,64
bytes_tokio,large_data_tcp_chunks,step2,2,20,2697290,134864.5,64
bytes_tokio,large_data_tcp_chunks,baseline,3,15,2343818,156254.53333333333,64
bytes_tokio,large_data_tcp_chunks,step2,3,20,2794590,139729.5,64
bytes_tokio,large_data_tcp_chunks,cold_copy,3,21,2929473,139498.7142857143,64
bytes_tokio,large_data_tcp_chunks,data_only,3,21,2923627,139220.33333333334,64
bytes_tokio,large_data_tcp_chunks,step1,3,21,2834144,134959.2380952381,64
bytes_tokio,large_data_tcp_chunks,step1,4,21,2908688,138508.95238095237,64
bytes_tokio,large_data_tcp_chunks,data_only,4,21,3074628,146410.85714285713,64
bytes_tokio,large_data_tcp_chunks,baseline,4,15,2322119,154807.93333333332,64
bytes_tokio,large_data_tcp_chunks,cold_copy,4,21,2855802,135990.57142857142,64
bytes_tokio,large_data_tcp_chunks,step2,4,20,2700310,135015.5,64
bytes_tokio,large_data_tcp_chunks,baseline,5,15,2349020,156601.33333333334,64
bytes_tokio,large_data_tcp_chunks,data_only,5,21,2835471,135022.42857142858,64
bytes_tokio,large_data_tcp_chunks,step1,5,21,2824202,134485.80952380953,64
bytes_tokio,large_data_tcp_chunks,cold_copy,5,21,2836714,135081.61904761905,64
bytes_tokio,large_data_tcp_chunks,step2,5,20,2683026,134151.3,64
bytes_tokio,large_data_tcp_chunks,step1,6,21,2871683,136746.80952380953,64
bytes_tokio,large_data_tcp_chunks,baseline,6,15,2313291,154219.4,64
bytes_tokio,large_data_tcp_chunks,step2,6,20,2730480,136524,64
bytes_tokio,large_data_tcp_chunks,data_only,6,21,2831235,134820.7142857143,64
bytes_tokio,large_data_tcp_chunks,cold_copy,6,21,2824707,134509.85714285713,64
bytes_tokio,large_data_tcp_chunks,cold_copy,7,21,2805276,133584.57142857142,64
bytes_tokio,large_data_tcp_chunks,baseline,7,15,2293906,152927.06666666668,64
bytes_tokio,large_data_tcp_chunks,step1,7,21,2808116,133719.80952380953,64
bytes_tokio,large_data_tcp_chunks,data_only,7,21,2821660,134364.7619047619,64
bytes_tokio,large_data_tcp_chunks,step2,7,20,2671916,133595.8,64
bytes_tokio,large_data_tcp_chunks,step2,8,20,2679923,133996.15,64
bytes_tokio,large_data_tcp_chunks,data_only,8,21,2814624,134029.7142857143,64
bytes_tokio,large_data_tcp_chunks,baseline,8,15,2298092,153206.13333333333,64
bytes_tokio,large_data_tcp_chunks,cold_copy,8,21,2814095,134004.52380952382,64
bytes_tokio,large_data_tcp_chunks,step1,8,21,2807470,133689.04761904763,64
bytes_tokio,large_data_tcp_chunks,step2,9,20,2691552,134577.6,64
bytes_tokio,large_data_tcp_chunks,baseline,9,15,2339424,155961.6,64
bytes_tokio,large_data_tcp_chunks,data_only,9,21,2857220,136058.09523809524,64
bytes_tokio,large_data_tcp_chunks,cold_copy,9,21,2816278,134108.47619047618,64
bytes_tokio,large_data_tcp_chunks,step1,9,21,2932477,139641.7619047619,64
bytes_tokio,large_data_tcp_chunks,step1,10,21,2880497,137166.52380952382,64
bytes_tokio,large_data_tcp_chunks,data_only,10,21,2878536,137073.14285714287,64
bytes_tokio,large_data_tcp_chunks,baseline,10,15,2347479,156498.6,64
bytes_tokio,large_data_tcp_chunks,step2,10,20,2721368,136068.4,64
bytes_tokio,large_data_tcp_chunks,cold_copy,10,21,2874492,136880.57142857142,64
bytes_tokio,large_data_tcp_chunks,step2,11,20,2752016,137600.8,64
bytes_tokio,large_data_tcp_chunks,baseline,11,15,2336233,155748.86666666667,64
bytes_tokio,large_data_tcp_chunks,step1,11,21,2859788,136180.38095238095,64
bytes_tokio,large_data_tcp_chunks,data_only,11,21,2924411,139257.66666666666,64
bytes_tokio,large_data_tcp_chunks,cold_copy,11,21,2838317,135157.95238095237,64
bytes_tokio,large_data_tcp_chunks,step1,12,21,2830928,134806.09523809524,64
bytes_tokio,large_data_tcp_chunks,cold_copy,12,21,2829871,134755.7619047619,64
bytes_tokio,large_data_tcp_chunks,step2,12,20,2680880,134044,64
bytes_tokio,large_data_tcp_chunks,baseline,12,15,2337468,155831.2,64
bytes_tokio,large_data_tcp_chunks,data_only,12,21,2883047,137287.95238095237,64
bytes_tokio,large_data_tcp_chunks,step1,13,21,2812959,133950.42857142858,64
bytes_tokio,large_data_tcp_chunks,cold_copy,13,21,2827334,134634.95238095237,64
bytes_tokio,large_data_tcp_chunks,data_only,13,21,2847666,135603.14285714287,64
bytes_tokio,large_data_tcp_chunks,baseline,13,15,2360898,157393.2,64
bytes_tokio,large_data_tcp_chunks,step2,13,20,2730230,136511.5,64
bytes_tokio,large_data_tcp_chunks,step1,14,21,2856091,136004.33333333334,64
bytes_tokio,large_data_tcp_chunks,baseline,14,15,2518223,167881.53333333333,64
bytes_tokio,large_data_tcp_chunks,cold_copy,14,21,3064151,145911.95238095237,64
bytes_tokio,large_data_tcp_chunks,data_only,14,21,3039833,144753.95238095237,64
bytes_tokio,large_data_tcp_chunks,step2,14,20,2752476,137623.8,64
bytes_tokio,large_data_tcp_chunks,step1,15,21,2833751,134940.52380952382,64
bytes_tokio,large_data_tcp_chunks,step2,15,20,2703935,135196.75,64
bytes_tokio,large_data_tcp_chunks,baseline,15,15,2441167,162744.46666666667,64
bytes_tokio,large_data_tcp_chunks,cold_copy,15,21,2828990,134713.80952380953,64
bytes_tokio,large_data_tcp_chunks,data_only,15,21,2831921,134853.38095238095,64
bytes_tokio,large_data_tcp_chunks,baseline,16,15,2329706,155313.73333333334,64
bytes_tokio,large_data_tcp_chunks,step1,16,21,2803483,133499.19047619047,64
bytes_tokio,large_data_tcp_chunks,cold_copy,16,21,2831373,134827.2857142857,64
bytes_tokio,large_data_tcp_chunks,data_only,16,21,2818986,134237.42857142858,64
bytes_tokio,large_data_tcp_chunks,step2,16,20,2675156,133757.8,64
bytes_tokio,large_data_tcp_chunks,step1,17,21,2806957,133664.61904761905,64
bytes_tokio,large_data_tcp_chunks,baseline,17,15,2310687,154045.8,64
bytes_tokio,large_data_tcp_chunks,step2,17,20,2760623,138031.15,64
bytes_tokio,large_data_tcp_chunks,cold_copy,17,21,2848080,135622.85714285713,64
bytes_tokio,large_data_tcp_chunks,data_only,17,21,2867750,136559.52380952382,64
bytes_tokio,large_data_tcp_chunks,step1,18,21,2868674,136603.52380952382,64
bytes_tokio,large_data_tcp_chunks,baseline,18,15,2332361,155490.73333333334,64
bytes_tokio,large_data_tcp_chunks,cold_copy,18,21,2868188,136580.38095238095,64
bytes_tokio,large_data_tcp_chunks,step2,18,20,2703884,135194.2,64
bytes_tokio,large_data_tcp_chunks,data_only,18,21,2844348,135445.14285714287,64
bytes_tokio,large_data_tcp_chunks,step2,19,20,2736494,136824.7,64
bytes_tokio,large_data_tcp_chunks,step1,19,21,2864171,136389.09523809524,64
bytes_tokio,large_data_tcp_chunks,baseline,19,15,2340687,156045.8,64
bytes_tokio,large_data_tcp_chunks,data_only,19,21,2885168,137388.95238095237,64
bytes_tokio,large_data_tcp_chunks,cold_copy,19,21,2894882,137851.52380952382,64
bytes_tokio,large_data_tcp_chunks,cold_copy,20,21,2868334,136587.33333333334,64
bytes_tokio,large_data_tcp_chunks,step1,20,21,2828237,134677.95238095237,64
bytes_tokio,large_data_tcp_chunks,step2,20,20,2721823,136091.15,64
bytes_tokio,large_data_tcp_chunks,data_only,20,21,2851698,135795.14285714287,64
bytes_tokio,large_data_tcp_chunks,baseline,20,15,2328667,155244.46666666667,64
bytes_tokio,large_data_tcp_chunks,step1,21,21,2884795,137371.19047619047,64
bytes_tokio,large_data_tcp_chunks,baseline,21,15,2327128,155141.86666666667,64
bytes_tokio,large_data_tcp_chunks,step2,21,20,2708397,135419.85,64
bytes_tokio,large_data_tcp_chunks,data_only,21,21,2850994,135761.61904761905,64
bytes_tokio,large_data_tcp_chunks,cold_copy,21,21,2815163,134055.38095238095,64
bytes_tokio,large_data_tcp_chunks,data_only,22,21,2856479,136022.80952380953,64
bytes_tokio,large_data_tcp_chunks,step2,22,20,2701187,135059.35,64
bytes_tokio,large_data_tcp_chunks,step1,22,21,2840810,135276.66666666666,64
bytes_tokio,large_data_tcp_chunks,cold_copy,22,21,2826810,134610,64
bytes_tokio,large_data_tcp_chunks,baseline,22,15,2318215,154547.66666666666,64
bytes_tokio,large_data_tcp_chunks,step1,23,21,2825872,134565.33333333334,64
bytes_tokio,large_data_tcp_chunks,data_only,23,21,2830416,134781.7142857143,64
bytes_tokio,large_data_tcp_chunks,cold_copy,23,21,2821937,134377.95238095237,64
bytes_tokio,large_data_tcp_chunks,baseline,23,15,2294057,152937.13333333333,64
bytes_tokio,large_data_tcp_chunks,step2,23,20,2685393,134269.65,64
bytes_tokio,large_data_tcp_chunks,data_only,24,21,2820698,134318.95238095237,64
bytes_tokio,large_data_tcp_chunks,step1,24,21,2834752,134988.19047619047,64
bytes_tokio,large_data_tcp_chunks,step2,24,20,2716114,135805.7,64
bytes_tokio,large_data_tcp_chunks,baseline,24,15,2330388,155359.2,64
bytes_tokio,large_data_tcp_chunks,cold_copy,24,21,2974475,141641.66666666666,64
bytes_tokio,large_data_tcp_chunks,step2,25,20,2716105,135805.25,64
bytes_tokio,large_data_tcp_chunks,baseline,25,15,2340540,156036,64
bytes_tokio,large_data_tcp_chunks,step1,25,21,2904616,138315.04761904763,64
bytes_tokio,large_data_tcp_chunks,cold_copy,25,21,2875719,136939,64
bytes_tokio,large_data_tcp_chunks,data_only,25,21,2830507,134786.04761904763,64
bytes_tokio,large_data_tcp_chunks,step1,26,21,2959809,140943.2857142857,64
bytes_tokio,large_data_tcp_chunks,baseline,26,15,2333761,155584.06666666668,64
bytes_tokio,large_data_tcp_chunks,step2,26,20,2859338,142966.9,64
bytes_tokio,large_data_tcp_chunks,cold_copy,26,21,2826010,134571.90476190476,64
bytes_tokio,large_data_tcp_chunks,data_only,26,21,2960975,140998.80952380953,64
bytes_tokio,large_data_tcp_chunks,baseline,27,15,2354802,156986.8,64
bytes_tokio,large_data_tcp_chunks,cold_copy,27,21,2896599,137933.2857142857,64
bytes_tokio,large_data_tcp_chunks,step1,27,21,2888748,137559.42857142858,64
bytes_tokio,large_data_tcp_chunks,step2,27,20,2734142,136707.1,64
bytes_tokio,large_data_tcp_chunks,data_only,27,21,2911112,138624.38095238095,64
bytes_tokio,large_data_tcp_chunks,data_only,28,21,2898586,138027.90476190476,64
bytes_tokio,large_data_tcp_chunks,cold_copy,28,21,2861848,136278.47619047618,64
bytes_tokio,large_data_tcp_chunks,step1,28,21,2881247,137202.2380952381,64
bytes_tokio,large_data_tcp_chunks,step2,28,20,2735573,136778.65,64
bytes_tokio,large_data_tcp_chunks,baseline,28,15,2382522,158834.8,64
bytes_tokio,large_data_tcp_chunks,baseline,29,15,2312707,154180.46666666667,64
bytes_tokio,large_data_tcp_chunks,step2,29,20,2711485,135574.25,64
bytes_tokio,large_data_tcp_chunks,cold_copy,29,21,2838011,135143.38095238095,64
bytes_tokio,large_data_tcp_chunks,step1,29,21,2860124,136196.38095238095,64
bytes_tokio,large_data_tcp_chunks,data_only,29,21,2834604,134981.14285714287,64
bytes_tokio,large_data_tcp_chunks,data_only,30,21,2841328,135301.33333333334,64
bytes_tokio,large_data_tcp_chunks,step1,30,21,2905028,138334.66666666666,64
bytes_tokio,large_data_tcp_chunks,cold_copy,30,21,2882881,137280.04761904763,64
bytes_tokio,large_data_tcp_chunks,step2,30,20,2693246,134662.3,64
bytes_tokio,large_data_tcp_chunks,baseline,30,15,2332632,155508.8,64
bytes_tokio,json_line_tcp,data_only,0,2,2000729,1000364.5,20000
bytes_tokio,json_line_tcp,step2,0,3,2966467,988822.3333333334,20000
bytes_tokio,json_line_tcp,step1,0,3,2872563,957521,20000
bytes_tokio,json_line_tcp,baseline,0,3,2987035,995678.3333333334,20000
bytes_tokio,json_line_tcp,cold_copy,0,2,1990977,995488.5,20000
bytes_tokio,json_line_tcp,step2,1,3,2945352,981784,20000
bytes_tokio,json_line_tcp,step1,1,3,2876282,958760.6666666666,20000
bytes_tokio,json_line_tcp,data_only,1,2,1969678,984839,20000
bytes_tokio,json_line_tcp,cold_copy,1,2,2017082,1008541,20000
bytes_tokio,json_line_tcp,baseline,1,3,2920798,973599.3333333334,20000
bytes_tokio,json_line_tcp,cold_copy,2,2,1969017,984508.5,20000
bytes_tokio,json_line_tcp,data_only,2,2,1982016,991008,20000
bytes_tokio,json_line_tcp,step1,2,3,2861897,953965.6666666666,20000
bytes_tokio,json_line_tcp,baseline,2,3,2896972,965657.3333333334,20000
bytes_tokio,json_line_tcp,step2,2,3,2913658,971219.3333333334,20000
bytes_tokio,json_line_tcp,baseline,3,3,2889473,963157.6666666666,20000
bytes_tokio,json_line_tcp,step2,3,3,2951963,983987.6666666666,20000
bytes_tokio,json_line_tcp,cold_copy,3,2,1964007,982003.5,20000
bytes_tokio,json_line_tcp,data_only,3,2,2014278,1007139,20000
bytes_tokio,json_line_tcp,step1,3,3,2890122,963374,20000
bytes_tokio,json_line_tcp,step1,4,3,2855971,951990.3333333334,20000
bytes_tokio,json_line_tcp,data_only,4,2,1969505,984752.5,20000
bytes_tokio,json_line_tcp,baseline,4,3,2940828,980276,20000
bytes_tokio,json_line_tcp,cold_copy,4,2,1961703,980851.5,20000
bytes_tokio,json_line_tcp,step2,4,3,3004322,1001440.6666666666,20000
bytes_tokio,json_line_tcp,baseline,5,3,2935729,978576.3333333334,20000
bytes_tokio,json_line_tcp,data_only,5,2,2101935,1050967.5,20000
bytes_tokio,json_line_tcp,step1,5,3,2915999,971999.6666666666,20000
bytes_tokio,json_line_tcp,cold_copy,5,2,1993156,996578,20000
bytes_tokio,json_line_tcp,step2,5,3,2958492,986164,20000
bytes_tokio,json_line_tcp,step1,6,3,2897135,965711.6666666666,20000
bytes_tokio,json_line_tcp,baseline,6,3,2913950,971316.6666666666,20000
bytes_tokio,json_line_tcp,step2,6,3,2942163,980721,20000
bytes_tokio,json_line_tcp,data_only,6,2,1984047,992023.5,20000
bytes_tokio,json_line_tcp,cold_copy,6,2,1989482,994741,20000
bytes_tokio,json_line_tcp,cold_copy,7,2,1972429,986214.5,20000
bytes_tokio,json_line_tcp,baseline,7,3,2936161,978720.3333333334,20000
bytes_tokio,json_line_tcp,step1,7,3,2875740,958580,20000
bytes_tokio,json_line_tcp,data_only,7,2,1996166,998083,20000
bytes_tokio,json_line_tcp,step2,7,3,2925364,975121.3333333334,20000
bytes_tokio,json_line_tcp,step2,8,3,2900138,966712.6666666666,20000
bytes_tokio,json_line_tcp,data_only,8,2,1986975,993487.5,20000
bytes_tokio,json_line_tcp,baseline,8,3,2895692,965230.6666666666,20000
bytes_tokio,json_line_tcp,cold_copy,8,2,1961626,980813,20000
bytes_tokio,json_line_tcp,step1,8,3,2880506,960168.6666666666,20000
bytes_tokio,json_line_tcp,step2,9,3,2954574,984858,20000
bytes_tokio,json_line_tcp,baseline,9,3,2928412,976137.3333333334,20000
bytes_tokio,json_line_tcp,data_only,9,2,1966435,983217.5,20000
bytes_tokio,json_line_tcp,cold_copy,9,2,2010167,1005083.5,20000
bytes_tokio,json_line_tcp,step1,9,3,2862932,954310.6666666666,20000
bytes_tokio,json_line_tcp,step1,10,3,2897113,965704.3333333334,20000
bytes_tokio,json_line_tcp,data_only,10,2,1973485,986742.5,20000
bytes_tokio,json_line_tcp,baseline,10,3,2899523,966507.6666666666,20000
bytes_tokio,json_line_tcp,step2,10,3,2991822,997274,20000
bytes_tokio,json_line_tcp,cold_copy,10,2,2001065,1000532.5,20000
bytes_tokio,json_line_tcp,step2,11,3,2962881,987627,20000
bytes_tokio,json_line_tcp,baseline,11,3,2872411,957470.3333333334,20000
bytes_tokio,json_line_tcp,step1,11,3,2968515,989505,20000
bytes_tokio,json_line_tcp,data_only,11,2,1980445,990222.5,20000
bytes_tokio,json_line_tcp,cold_copy,11,2,1999869,999934.5,20000
bytes_tokio,json_line_tcp,step1,12,3,2943511,981170.3333333334,20000
bytes_tokio,json_line_tcp,cold_copy,12,2,1992112,996056,20000
bytes_tokio,json_line_tcp,step2,12,3,2940940,980313.3333333334,20000
bytes_tokio,json_line_tcp,baseline,12,3,2936784,978928,20000
bytes_tokio,json_line_tcp,data_only,12,2,1958199,979099.5,20000
bytes_tokio,json_line_tcp,step1,13,3,2897718,965906,20000
bytes_tokio,json_line_tcp,cold_copy,13,2,2021985,1010992.5,20000
bytes_tokio,json_line_tcp,data_only,13,2,2000683,1000341.5,20000
bytes_tokio,json_line_tcp,baseline,13,3,2961158,987052.6666666666,20000
bytes_tokio,json_line_tcp,step2,13,3,2938144,979381.3333333334,20000
bytes_tokio,json_line_tcp,step1,14,3,2863905,954635,20000
bytes_tokio,json_line_tcp,baseline,14,3,3089213,1029737.6666666666,20000
bytes_tokio,json_line_tcp,cold_copy,14,2,2015562,1007781,20000
bytes_tokio,json_line_tcp,data_only,14,2,1981594,990797,20000
bytes_tokio,json_line_tcp,step2,14,3,2895128,965042.6666666666,20000
bytes_tokio,json_line_tcp,step1,15,3,2886123,962041,20000
bytes_tokio,json_line_tcp,step2,15,3,2984602,994867.3333333334,20000
bytes_tokio,json_line_tcp,baseline,15,3,2941779,980593,20000
bytes_tokio,json_line_tcp,cold_copy,15,2,1981385,990692.5,20000
bytes_tokio,json_line_tcp,data_only,15,2,2006454,1003227,20000
bytes_tokio,json_line_tcp,baseline,16,3,2883694,961231.3333333334,20000
bytes_tokio,json_line_tcp,step1,16,3,2878933,959644.3333333334,20000
bytes_tokio,json_line_tcp,cold_copy,16,2,1948000,974000,20000
bytes_tokio,json_line_tcp,data_only,16,2,1994487,997243.5,20000
bytes_tokio,json_line_tcp,step2,16,3,2959381,986460.3333333334,20000
bytes_tokio,json_line_tcp,step1,17,3,2994528,998176,20000
bytes_tokio,json_line_tcp,baseline,17,3,2964932,988310.6666666666,20000
bytes_tokio,json_line_tcp,step2,17,3,2951006,983668.6666666666,20000
bytes_tokio,json_line_tcp,cold_copy,17,2,2003974,1001987,20000
bytes_tokio,json_line_tcp,data_only,17,2,1980398,990199,20000
bytes_tokio,json_line_tcp,step1,18,3,2853520,951173.3333333334,20000
bytes_tokio,json_line_tcp,baseline,18,3,2966965,988988.3333333334,20000
bytes_tokio,json_line_tcp,cold_copy,18,2,1990962,995481,20000
bytes_tokio,json_line_tcp,step2,18,3,2984031,994677,20000
bytes_tokio,json_line_tcp,data_only,18,2,2017335,1008667.5,20000
bytes_tokio,json_line_tcp,step2,19,3,2961657,987219,20000
bytes_tokio,json_line_tcp,step1,19,3,2911625,970541.6666666666,20000
bytes_tokio,json_line_tcp,baseline,19,3,2918747,972915.6666666666,20000
bytes_tokio,json_line_tcp,data_only,19,2,2012042,1006021,20000
bytes_tokio,json_line_tcp,cold_copy,19,2,2067213,1033606.5,20000
bytes_tokio,json_line_tcp,cold_copy,20,2,2045318,1022659,20000
bytes_tokio,json_line_tcp,step1,20,3,2910000,970000,20000
bytes_tokio,json_line_tcp,step2,20,3,3363716,1121238.6666666667,20000
bytes_tokio,json_line_tcp,data_only,20,2,2538060,1269030,20000
bytes_tokio,json_line_tcp,baseline,20,3,3625443,1208481,20000
bytes_tokio,json_line_tcp,step1,21,3,3614801,1204933.6666666667,20000
bytes_tokio,json_line_tcp,baseline,21,3,3641357,1213785.6666666667,20000
bytes_tokio,json_line_tcp,step2,21,3,3643624,1214541.3333333333,20000
bytes_tokio,json_line_tcp,data_only,21,2,2450994,1225497,20000
bytes_tokio,json_line_tcp,cold_copy,21,2,2731506,1365753,20000
bytes_tokio,json_line_tcp,data_only,22,2,2500750,1250375,20000
bytes_tokio,json_line_tcp,step2,22,3,3534885,1178295,20000
bytes_tokio,json_line_tcp,step1,22,3,3484457,1161485.6666666667,20000
bytes_tokio,json_line_tcp,cold_copy,22,2,2636898,1318449,20000
bytes_tokio,json_line_tcp,baseline,22,3,3799516,1266505.3333333333,20000
bytes_tokio,json_line_tcp,step1,23,3,3504509,1168169.6666666667,20000
bytes_tokio,json_line_tcp,data_only,23,2,2423412,1211706,20000
bytes_tokio,json_line_tcp,cold_copy,23,2,2496967,1248483.5,20000
bytes_tokio,json_line_tcp,baseline,23,3,3693961,1231320.3333333333,20000
bytes_tokio,json_line_tcp,step2,23,3,3742247,1247415.6666666667,20000
bytes_tokio,json_line_tcp,data_only,24,2,2436213,1218106.5,20000
bytes_tokio,json_line_tcp,step1,24,3,3487042,1162347.3333333333,20000
bytes_tokio,json_line_tcp,step2,24,3,3444606,1148202,20000
bytes_tokio,json_line_tcp,baseline,24,3,3424205,1141401.6666666667,20000
bytes_tokio,json_line_tcp,cold_copy,24,2,2531610,1265805,20000
bytes_tokio,json_line_tcp,step2,25,3,3586404,1195468,20000
bytes_tokio,json_line_tcp,baseline,25,3,3845854,1281951.3333333333,20000
bytes_tokio,json_line_tcp,step1,25,3,3476695,1158898.3333333333,20000
bytes_tokio,json_line_tcp,cold_copy,25,2,2623128,1311564,20000
bytes_tokio,json_line_tcp,data_only,25,2,2308732,1154366,20000
bytes_tokio,json_line_tcp,step1,26,3,3440145,1146715,20000
bytes_tokio,json_line_tcp,baseline,26,3,3492109,1164036.3333333333,20000
bytes_tokio,json_line_tcp,step2,26,3,3234524,1078174.6666666667,20000
bytes_tokio,json_line_tcp,cold_copy,26,2,2195597,1097798.5,20000
bytes_tokio,json_line_tcp,data_only,26,2,2065124,1032562,20000
bytes_tokio,json_line_tcp,baseline,27,3,3201729,1067243,20000
bytes_tokio,json_line_tcp,cold_copy,27,2,2121379,1060689.5,20000
bytes_tokio,json_line_tcp,step1,27,3,2917581,972527,20000
bytes_tokio,json_line_tcp,step2,27,3,2974923,991641,20000
bytes_tokio,json_line_tcp,data_only,27,2,2044558,1022279,20000
bytes_tokio,json_line_tcp,data_only,28,2,1945484,972742,20000
bytes_tokio,json_line_tcp,cold_copy,28,2,2167987,1083993.5,20000
bytes_tokio,json_line_tcp,step1,28,3,2889156,963052,20000
bytes_tokio,json_line_tcp,step2,28,3,2928021,976007,20000
bytes_tokio,json_line_tcp,baseline,28,3,2962429,987476.3333333334,20000
bytes_tokio,json_line_tcp,baseline,29,3,2991615,997205,20000
bytes_tokio,json_line_tcp,step2,29,3,3635640,1211880,20000
bytes_tokio,json_line_tcp,cold_copy,29,2,1987991,993995.5,20000
bytes_tokio,json_line_tcp,step1,29,3,2888158,962719.3333333334,20000
bytes_tokio,json_line_tcp,data_only,29,2,2002843,1001421.5,20000
bytes_tokio,json_line_tcp,data_only,30,2,2005594,1002797,20000
bytes_tokio,json_line_tcp,step1,30,3,2914087,971362.3333333334,20000
bytes_tokio,json_line_tcp,cold_copy,30,2,1992905,996452.5,20000
bytes_tokio,json_line_tcp,step2,30,3,3344610,1114870,20000
bytes_tokio,json_line_tcp,baseline,30,3,2990848,996949.3333333334,20000
bytes_tokio,json_metadata_after_tcp,data_only,0,1,1523818,1523818,20000
bytes_tokio,json_metadata_after_tcp,step2,0,1,1493612,1493612,20000
bytes_tokio,json_metadata_after_tcp,step1,0,2,2994764,1497382,20000
bytes_tokio,json_metadata_after_tcp,baseline,0,2,2863065,1431532.5,20000
bytes_tokio,json_metadata_after_tcp,cold_copy,0,2,2976184,1488092,20000
bytes_tokio,json_metadata_after_tcp,step2,1,1,1464232,1464232,20000
bytes_tokio,json_metadata_after_tcp,step1,1,2,2999380,1499690,20000
bytes_tokio,json_metadata_after_tcp,data_only,1,1,1568525,1568525,20000
bytes_tokio,json_metadata_after_tcp,cold_copy,1,2,2998737,1499368.5,20000
bytes_tokio,json_metadata_after_tcp,baseline,1,2,2885039,1442519.5,20000
bytes_tokio,json_metadata_after_tcp,cold_copy,2,2,3005729,1502864.5,20000
bytes_tokio,json_metadata_after_tcp,data_only,2,1,1539183,1539183,20000
bytes_tokio,json_metadata_after_tcp,step1,2,2,2973983,1486991.5,20000
bytes_tokio,json_metadata_after_tcp,baseline,2,2,2903471,1451735.5,20000
bytes_tokio,json_metadata_after_tcp,step2,2,1,1485407,1485407,20000
bytes_tokio,json_metadata_after_tcp,baseline,3,2,2850453,1425226.5,20000
bytes_tokio,json_metadata_after_tcp,step2,3,1,1481130,1481130,20000
bytes_tokio,json_metadata_after_tcp,cold_copy,3,2,2994688,1497344,20000
bytes_tokio,json_metadata_after_tcp,data_only,3,1,1548729,1548729,20000
bytes_tokio,json_metadata_after_tcp,step1,3,2,3013103,1506551.5,20000
bytes_tokio,json_metadata_after_tcp,step1,4,2,3043862,1521931,20000
bytes_tokio,json_metadata_after_tcp,data_only,4,1,1539253,1539253,20000
bytes_tokio,json_metadata_after_tcp,baseline,4,2,2891017,1445508.5,20000
bytes_tokio,json_metadata_after_tcp,cold_copy,4,2,3005909,1502954.5,20000
bytes_tokio,json_metadata_after_tcp,step2,4,1,1573313,1573313,20000
bytes_tokio,json_metadata_after_tcp,baseline,5,2,2983858,1491929,20000
bytes_tokio,json_metadata_after_tcp,data_only,5,1,1518260,1518260,20000
bytes_tokio,json_metadata_after_tcp,step1,5,2,3033295,1516647.5,20000
bytes_tokio,json_metadata_after_tcp,cold_copy,5,2,3066992,1533496,20000
bytes_tokio,json_metadata_after_tcp,step2,5,1,1471729,1471729,20000
bytes_tokio,json_metadata_after_tcp,step1,6,2,3031763,1515881.5,20000
bytes_tokio,json_metadata_after_tcp,baseline,6,2,2997866,1498933,20000
bytes_tokio,json_metadata_after_tcp,step2,6,1,1475051,1475051,20000
bytes_tokio,json_metadata_after_tcp,data_only,6,1,1541754,1541754,20000
bytes_tokio,json_metadata_after_tcp,cold_copy,6,2,2991176,1495588,20000
bytes_tokio,json_metadata_after_tcp,cold_copy,7,2,3000764,1500382,20000
bytes_tokio,json_metadata_after_tcp,baseline,7,2,2890035,1445017.5,20000
bytes_tokio,json_metadata_after_tcp,step1,7,2,3001154,1500577,20000
bytes_tokio,json_metadata_after_tcp,data_only,7,1,1532864,1532864,20000
bytes_tokio,json_metadata_after_tcp,step2,7,1,1484725,1484725,20000
bytes_tokio,json_metadata_after_tcp,step2,8,1,1460595,1460595,20000
bytes_tokio,json_metadata_after_tcp,data_only,8,1,1521244,1521244,20000
bytes_tokio,json_metadata_after_tcp,baseline,8,2,2871679,1435839.5,20000
bytes_tokio,json_metadata_after_tcp,cold_copy,8,2,3000009,1500004.5,20000
bytes_tokio,json_metadata_after_tcp,step1,8,2,3021530,1510765,20000
bytes_tokio,json_metadata_after_tcp,step2,9,1,1493300,1493300,20000
bytes_tokio,json_metadata_after_tcp,baseline,9,2,2876229,1438114.5,20000
bytes_tokio,json_metadata_after_tcp,data_only,9,1,1544800,1544800,20000
bytes_tokio,json_metadata_after_tcp,cold_copy,9,2,3007893,1503946.5,20000
bytes_tokio,json_metadata_after_tcp,step1,9,2,3019466,1509733,20000
bytes_tokio,json_metadata_after_tcp,step1,10,2,3003438,1501719,20000
bytes_tokio,json_metadata_after_tcp,data_only,10,1,1517339,1517339,20000
bytes_tokio,json_metadata_after_tcp,baseline,10,2,2907253,1453626.5,20000
bytes_tokio,json_metadata_after_tcp,step2,10,1,1474971,1474971,20000
bytes_tokio,json_metadata_after_tcp,cold_copy,10,2,3024481,1512240.5,20000
bytes_tokio,json_metadata_after_tcp,step2,11,1,1516902,1516902,20000
bytes_tokio,json_metadata_after_tcp,baseline,11,2,2884317,1442158.5,20000
bytes_tokio,json_metadata_after_tcp,step1,11,2,3011309,1505654.5,20000
bytes_tokio,json_metadata_after_tcp,data_only,11,1,1549012,1549012,20000
bytes_tokio,json_metadata_after_tcp,cold_copy,11,2,2998648,1499324,20000
bytes_tokio,json_metadata_after_tcp,step1,12,2,3019748,1509874,20000
bytes_tokio,json_metadata_after_tcp,cold_copy,12,2,3027857,1513928.5,20000
bytes_tokio,json_metadata_after_tcp,step2,12,1,1468230,1468230,20000
bytes_tokio,json_metadata_after_tcp,baseline,12,2,2882168,1441084,20000
bytes_tokio,json_metadata_after_tcp,data_only,12,1,1533687,1533687,20000
bytes_tokio,json_metadata_after_tcp,step1,13,2,3055262,1527631,20000
bytes_tokio,json_metadata_after_tcp,cold_copy,13,2,3023998,1511999,20000
bytes_tokio,json_metadata_after_tcp,data_only,13,1,1528329,1528329,20000
bytes_tokio,json_metadata_after_tcp,baseline,13,2,2935737,1467868.5,20000
bytes_tokio,json_metadata_after_tcp,step2,13,1,1481973,1481973,20000
bytes_tokio,json_metadata_after_tcp,step1,14,2,3008812,1504406,20000
bytes_tokio,json_metadata_after_tcp,baseline,14,2,2881381,1440690.5,20000
bytes_tokio,json_metadata_after_tcp,cold_copy,14,2,2960050,1480025,20000
bytes_tokio,json_metadata_after_tcp,data_only,14,1,1512318,1512318,20000
bytes_tokio,json_metadata_after_tcp,step2,14,1,1470268,1470268,20000
bytes_tokio,json_metadata_after_tcp,step1,15,2,2979168,1489584,20000
bytes_tokio,json_metadata_after_tcp,step2,15,1,1500181,1500181,20000
bytes_tokio,json_metadata_after_tcp,baseline,15,2,2927268,1463634,20000
bytes_tokio,json_metadata_after_tcp,cold_copy,15,2,2995908,1497954,20000
bytes_tokio,json_metadata_after_tcp,data_only,15,1,1523119,1523119,20000
bytes_tokio,json_metadata_after_tcp,baseline,16,2,2859403,1429701.5,20000
bytes_tokio,json_metadata_after_tcp,step1,16,2,2985707,1492853.5,20000
bytes_tokio,json_metadata_after_tcp,cold_copy,16,2,3014530,1507265,20000
bytes_tokio,json_metadata_after_tcp,data_only,16,1,1540606,1540606,20000
bytes_tokio,json_metadata_after_tcp,step2,16,1,1468001,1468001,20000
bytes_tokio,json_metadata_after_tcp,step1,17,2,2987879,1493939.5,20000
bytes_tokio,json_metadata_after_tcp,baseline,17,2,2890555,1445277.5,20000
bytes_tokio,json_metadata_after_tcp,step2,17,1,1458232,1458232,20000
bytes_tokio,json_metadata_after_tcp,cold_copy,17,2,3006075,1503037.5,20000
bytes_tokio,json_metadata_after_tcp,data_only,17,1,1527830,1527830,20000
bytes_tokio,json_metadata_after_tcp,step1,18,2,3018830,1509415,20000
bytes_tokio,json_metadata_after_tcp,baseline,18,2,2924719,1462359.5,20000
bytes_tokio,json_metadata_after_tcp,cold_copy,18,2,2986757,1493378.5,20000
bytes_tokio,json_metadata_after_tcp,step2,18,1,1484142,1484142,20000
bytes_tokio,json_metadata_after_tcp,data_only,18,1,1643318,1643318,20000
bytes_tokio,json_metadata_after_tcp,step2,19,1,1506716,1506716,20000
bytes_tokio,json_metadata_after_tcp,step1,19,2,3007560,1503780,20000
bytes_tokio,json_metadata_after_tcp,baseline,19,2,2864077,1432038.5,20000
bytes_tokio,json_metadata_after_tcp,data_only,19,1,1550910,1550910,20000
bytes_tokio,json_metadata_after_tcp,cold_copy,19,2,3003611,1501805.5,20000
bytes_tokio,json_metadata_after_tcp,cold_copy,20,2,3001957,1500978.5,20000
bytes_tokio,json_metadata_after_tcp,step1,20,2,3013119,1506559.5,20000
bytes_tokio,json_metadata_after_tcp,step2,20,1,1486282,1486282,20000
bytes_tokio,json_metadata_after_tcp,data_only,20,1,1504451,1504451,20000
bytes_tokio,json_metadata_after_tcp,baseline,20,2,2889572,1444786,20000
bytes_tokio,json_metadata_after_tcp,step1,21,2,3008751,1504375.5,20000
bytes_tokio,json_metadata_after_tcp,baseline,21,2,2892869,1446434.5,20000
bytes_tokio,json_metadata_after_tcp,step2,21,1,1484366,1484366,20000
bytes_tokio,json_metadata_after_tcp,data_only,21,1,1512297,1512297,20000
bytes_tokio,json_metadata_after_tcp,cold_copy,21,2,2979055,1489527.5,20000
bytes_tokio,json_metadata_after_tcp,data_only,22,1,1566570,1566570,20000
bytes_tokio,json_metadata_after_tcp,step2,22,1,1498553,1498553,20000
bytes_tokio,json_metadata_after_tcp,step1,22,2,3019709,1509854.5,20000
bytes_tokio,json_metadata_after_tcp,cold_copy,22,2,3025595,1512797.5,20000
bytes_tokio,json_metadata_after_tcp,baseline,22,2,2884134,1442067,20000
bytes_tokio,json_metadata_after_tcp,step1,23,2,2990572,1495286,20000
bytes_tokio,json_metadata_after_tcp,data_only,23,1,1507488,1507488,20000
bytes_tokio,json_metadata_after_tcp,cold_copy,23,2,3026037,1513018.5,20000
bytes_tokio,json_metadata_after_tcp,baseline,23,2,2901836,1450918,20000
bytes_tokio,json_metadata_after_tcp,step2,23,1,1475042,1475042,20000
bytes_tokio,json_metadata_after_tcp,data_only,24,1,1521942,1521942,20000
bytes_tokio,json_metadata_after_tcp,step1,24,2,3012948,1506474,20000
bytes_tokio,json_metadata_after_tcp,step2,24,1,1483542,1483542,20000
bytes_tokio,json_metadata_after_tcp,baseline,24,2,2907006,1453503,20000
bytes_tokio,json_metadata_after_tcp,cold_copy,24,2,3017807,1508903.5,20000
bytes_tokio,json_metadata_after_tcp,step2,25,1,1463419,1463419,20000
bytes_tokio,json_metadata_after_tcp,baseline,25,2,2900656,1450328,20000
bytes_tokio,json_metadata_after_tcp,step1,25,2,3012746,1506373,20000
bytes_tokio,json_metadata_after_tcp,cold_copy,25,2,3022773,1511386.5,20000
bytes_tokio,json_metadata_after_tcp,data_only,25,1,1503246,1503246,20000
bytes_tokio,json_metadata_after_tcp,step1,26,2,3021409,1510704.5,20000
bytes_tokio,json_metadata_after_tcp,baseline,26,2,2921447,1460723.5,20000
bytes_tokio,json_metadata_after_tcp,step2,26,1,1486535,1486535,20000
bytes_tokio,json_metadata_after_tcp,cold_copy,26,2,3026894,1513447,20000
bytes_tokio,json_metadata_after_tcp,data_only,26,1,1505159,1505159,20000
bytes_tokio,json_metadata_after_tcp,baseline,27,2,2884550,1442275,20000
bytes_tokio,json_metadata_after_tcp,cold_copy,27,2,2989239,1494619.5,20000
bytes_tokio,json_metadata_after_tcp,step1,27,2,2955271,1477635.5,20000
bytes_tokio,json_metadata_after_tcp,step2,27,1,1482379,1482379,20000
bytes_tokio,json_metadata_after_tcp,data_only,27,1,1533326,1533326,20000
bytes_tokio,json_metadata_after_tcp,data_only,28,1,1531058,1531058,20000
bytes_tokio,json_metadata_after_tcp,cold_copy,28,2,3008327,1504163.5,20000
bytes_tokio,json_metadata_after_tcp,step1,28,2,2973902,1486951,20000
bytes_tokio,json_metadata_after_tcp,step2,28,1,1489501,1489501,20000
bytes_tokio,json_metadata_after_tcp,baseline,28,2,2897593,1448796.5,20000
bytes_tokio,json_metadata_after_tcp,baseline,29,2,2908364,1454182,20000
bytes_tokio,json_metadata_after_tcp,step2,29,1,1528358,1528358,20000
bytes_tokio,json_metadata_after_tcp,cold_copy,29,2,3016139,1508069.5,20000
bytes_tokio,json_metadata_after_tcp,step1,29,2,2997841,1498920.5,20000
bytes_tokio,json_metadata_after_tcp,data_only,29,1,1527370,1527370,20000
bytes_tokio,json_metadata_after_tcp,data_only,30,1,1556744,1556744,20000
bytes_tokio,json_metadata_after_tcp,step1,30,2,2968636,1484318,20000
bytes_tokio,json_metadata_after_tcp,cold_copy,30,2,2967634,1483817,20000
bytes_tokio,json_metadata_after_tcp,step2,30,1,1465859,1465859,20000
bytes_tokio,json_metadata_after_tcp,baseline,30,2,2885110,1442555,20000
bytes_tokio,json_crlf_tcp,data_only,0,1,2106003,2106003,20000
bytes_tokio,json_crlf_tcp,step2,0,1,2026510,2026510,20000
bytes_tokio,json_crlf_tcp,step1,0,1,2066221,2066221,20000
bytes_tokio,json_crlf_tcp,baseline,0,1,1937071,1937071,20000
bytes_tokio,json_crlf_tcp,cold_copy,0,1,2054297,2054297,20000
bytes_tokio,json_crlf_tcp,step2,1,1,2017947,2017947,20000
bytes_tokio,json_crlf_tcp,step1,1,1,2039039,2039039,20000
bytes_tokio,json_crlf_tcp,data_only,1,1,2093082,2093082,20000
bytes_tokio,json_crlf_tcp,cold_copy,1,1,2058299,2058299,20000
bytes_tokio,json_crlf_tcp,baseline,1,1,1949934,1949934,20000
bytes_tokio,json_crlf_tcp,cold_copy,2,1,2063770,2063770,20000
bytes_tokio,json_crlf_tcp,data_only,2,1,2100417,2100417,20000
bytes_tokio,json_crlf_tcp,step1,2,1,2071074,2071074,20000
bytes_tokio,json_crlf_tcp,baseline,2,1,1903066,1903066,20000
bytes_tokio,json_crlf_tcp,step2,2,1,2017166,2017166,20000
bytes_tokio,json_crlf_tcp,baseline,3,1,1930840,1930840,20000
bytes_tokio,json_crlf_tcp,step2,3,1,2051374,2051374,20000
bytes_tokio,json_crlf_tcp,cold_copy,3,1,2046857,2046857,20000
bytes_tokio,json_crlf_tcp,data_only,3,1,2081667,2081667,20000
bytes_tokio,json_crlf_tcp,step1,3,1,2050928,2050928,20000
bytes_tokio,json_crlf_tcp,step1,4,1,2055599,2055599,20000
bytes_tokio,json_crlf_tcp,data_only,4,1,2082009,2082009,20000
bytes_tokio,json_crlf_tcp,baseline,4,1,1954966,1954966,20000
bytes_tokio,json_crlf_tcp,cold_copy,4,1,2049370,2049370,20000
bytes_tokio,json_crlf_tcp,step2,4,1,2027711,2027711,20000
bytes_tokio,json_crlf_tcp,baseline,5,1,1935168,1935168,20000
bytes_tokio,json_crlf_tcp,data_only,5,1,2120518,2120518,20000
bytes_tokio,json_crlf_tcp,step1,5,1,2043455,2043455,20000
bytes_tokio,json_crlf_tcp,cold_copy,5,1,2051764,2051764,20000
bytes_tokio,json_crlf_tcp,step2,5,1,2027464,2027464,20000
bytes_tokio,json_crlf_tcp,step1,6,1,2061594,2061594,20000
bytes_tokio,json_crlf_tcp,baseline,6,1,1953878,1953878,20000
bytes_tokio,json_crlf_tcp,step2,6,1,2033799,2033799,20000
bytes_tokio,json_crlf_tcp,data_only,6,1,2095947,2095947,20000
bytes_tokio,json_crlf_tcp,cold_copy,6,1,2094517,2094517,20000
bytes_tokio,json_crlf_tcp,cold_copy,7,1,2033333,2033333,20000
bytes_tokio,json_crlf_tcp,baseline,7,1,1933609,1933609,20000
bytes_tokio,json_crlf_tcp,step1,7,1,2066953,2066953,20000
bytes_tokio,json_crlf_tcp,data_only,7,1,2097921,2097921,20000
bytes_tokio,json_crlf_tcp,step2,7,1,2018344,2018344,20000
bytes_tokio,json_crlf_tcp,step2,8,1,2013208,2013208,20000
bytes_tokio,json_crlf_tcp,data_only,8,1,2101895,2101895,20000
bytes_tokio,json_crlf_tcp,baseline,8,1,1937029,1937029,20000
bytes_tokio,json_crlf_tcp,cold_copy,8,1,2054886,2054886,20000
bytes_tokio,json_crlf_tcp,step1,8,1,2058314,2058314,20000
bytes_tokio,json_crlf_tcp,step2,9,1,2075346,2075346,20000
bytes_tokio,json_crlf_tcp,baseline,9,1,1966208,1966208,20000
bytes_tokio,json_crlf_tcp,data_only,9,1,2086637,2086637,20000
bytes_tokio,json_crlf_tcp,cold_copy,9,1,2056665,2056665,20000
bytes_tokio,json_crlf_tcp,step1,9,1,2066054,2066054,20000
bytes_tokio,json_crlf_tcp,step1,10,1,2064524,2064524,20000
bytes_tokio,json_crlf_tcp,data_only,10,1,2085096,2085096,20000
bytes_tokio,json_crlf_tcp,baseline,10,1,1904950,1904950,20000
bytes_tokio,json_crlf_tcp,step2,10,1,2017769,2017769,20000
bytes_tokio,json_crlf_tcp,cold_copy,10,1,2030400,2030400,20000
bytes_tokio,json_crlf_tcp,step2,11,1,1993563,1993563,20000
bytes_tokio,json_crlf_tcp,baseline,11,1,1917231,1917231,20000
bytes_tokio,json_crlf_tcp,step1,11,1,2069850,2069850,20000
bytes_tokio,json_crlf_tcp,data_only,11,1,2090700,2090700,20000
bytes_tokio,json_crlf_tcp,cold_copy,11,1,2056299,2056299,20000
bytes_tokio,json_crlf_tcp,step1,12,1,2053212,2053212,20000
bytes_tokio,json_crlf_tcp,cold_copy,12,1,2030161,2030161,20000
bytes_tokio,json_crlf_tcp,step2,12,1,2162755,2162755,20000
bytes_tokio,json_crlf_tcp,baseline,12,1,1959354,1959354,20000
bytes_tokio,json_crlf_tcp,data_only,12,1,2105024,2105024,20000
bytes_tokio,json_crlf_tcp,step1,13,1,2054695,2054695,20000
bytes_tokio,json_crlf_tcp,cold_copy,13,1,2057598,2057598,20000
bytes_tokio,json_crlf_tcp,data_only,13,1,2082613,2082613,20000
bytes_tokio,json_crlf_tcp,baseline,13,1,1937927,1937927,20000
bytes_tokio,json_crlf_tcp,step2,13,1,2013107,2013107,20000
bytes_tokio,json_crlf_tcp,step1,14,1,2130922,2130922,20000
bytes_tokio,json_crlf_tcp,baseline,14,1,1919786,1919786,20000
bytes_tokio,json_crlf_tcp,cold_copy,14,1,2062316,2062316,20000
bytes_tokio,json_crlf_tcp,data_only,14,1,2111886,2111886,20000
bytes_tokio,json_crlf_tcp,step2,14,1,2037531,2037531,20000
bytes_tokio,json_crlf_tcp,step1,15,1,2086203,2086203,20000
bytes_tokio,json_crlf_tcp,step2,15,1,2013799,2013799,20000
bytes_tokio,json_crlf_tcp,baseline,15,1,1900205,1900205,20000
bytes_tokio,json_crlf_tcp,cold_copy,15,1,2031597,2031597,20000
bytes_tokio,json_crlf_tcp,data_only,15,1,2091158,2091158,20000
bytes_tokio,json_crlf_tcp,baseline,16,1,1920925,1920925,20000
bytes_tokio,json_crlf_tcp,step1,16,1,2090729,2090729,20000
bytes_tokio,json_crlf_tcp,cold_copy,16,1,2022835,2022835,20000
bytes_tokio,json_crlf_tcp,data_only,16,1,2130437,2130437,20000
bytes_tokio,json_crlf_tcp,step2,16,1,2026132,2026132,20000
bytes_tokio,json_crlf_tcp,step1,17,1,2072594,2072594,20000
bytes_tokio,json_crlf_tcp,baseline,17,1,1927636,1927636,20000
bytes_tokio,json_crlf_tcp,step2,17,1,2020292,2020292,20000
bytes_tokio,json_crlf_tcp,cold_copy,17,1,2063387,2063387,20000
bytes_tokio,json_crlf_tcp,data_only,17,1,2064152,2064152,20000
bytes_tokio,json_crlf_tcp,step1,18,1,2083359,2083359,20000
bytes_tokio,json_crlf_tcp,baseline,18,1,2029975,2029975,20000
bytes_tokio,json_crlf_tcp,cold_copy,18,1,2066627,2066627,20000
bytes_tokio,json_crlf_tcp,step2,18,1,2038788,2038788,20000
bytes_tokio,json_crlf_tcp,data_only,18,1,2098301,2098301,20000
bytes_tokio,json_crlf_tcp,step2,19,1,2000180,2000180,20000
bytes_tokio,json_crlf_tcp,step1,19,1,2069422,2069422,20000
bytes_tokio,json_crlf_tcp,baseline,19,1,1944955,1944955,20000
bytes_tokio,json_crlf_tcp,data_only,19,1,2095676,2095676,20000
bytes_tokio,json_crlf_tcp,cold_copy,19,1,2054723,2054723,20000
bytes_tokio,json_crlf_tcp,cold_copy,20,1,2053151,2053151,20000
bytes_tokio,json_crlf_tcp,step1,20,1,2061145,2061145,20000
bytes_tokio,json_crlf_tcp,step2,20,1,2033276,2033276,20000
bytes_tokio,json_crlf_tcp,data_only,20,1,2086158,2086158,20000
bytes_tokio,json_crlf_tcp,baseline,20,1,1920060,1920060,20000
bytes_tokio,json_crlf_tcp,step1,21,1,2050511,2050511,20000
bytes_tokio,json_crlf_tcp,baseline,21,1,1944639,1944639,20000
bytes_tokio,json_crlf_tcp,step2,21,1,2005895,2005895,20000
bytes_tokio,json_crlf_tcp,data_only,21,1,2092157,2092157,20000
bytes_tokio,json_crlf_tcp,cold_copy,21,1,2049567,2049567,20000
bytes_tokio,json_crlf_tcp,data_only,22,1,2063357,2063357,20000
bytes_tokio,json_crlf_tcp,step2,22,1,2016409,2016409,20000
bytes_tokio,json_crlf_tcp,step1,22,1,2057762,2057762,20000
bytes_tokio,json_crlf_tcp,cold_copy,22,1,2034549,2034549,20000
bytes_tokio,json_crlf_tcp,baseline,22,1,1956724,1956724,20000
bytes_tokio,json_crlf_tcp,step1,23,1,2049495,2049495,20000
bytes_tokio,json_crlf_tcp,data_only,23,1,2095630,2095630,20000
bytes_tokio,json_crlf_tcp,cold_copy,23,1,2074926,2074926,20000
bytes_tokio,json_crlf_tcp,baseline,23,1,1898711,1898711,20000
bytes_tokio,json_crlf_tcp,step2,23,1,2076358,2076358,20000
bytes_tokio,json_crlf_tcp,data_only,24,1,2115456,2115456,20000
bytes_tokio,json_crlf_tcp,step1,24,1,2058172,2058172,20000
bytes_tokio,json_crlf_tcp,step2,24,1,2024726,2024726,20000
bytes_tokio,json_crlf_tcp,baseline,24,1,1926992,1926992,20000
bytes_tokio,json_crlf_tcp,cold_copy,24,1,2034280,2034280,20000
bytes_tokio,json_crlf_tcp,step2,25,1,2049307,2049307,20000
bytes_tokio,json_crlf_tcp,baseline,25,1,1961442,1961442,20000
bytes_tokio,json_crlf_tcp,step1,25,1,2075885,2075885,20000
bytes_tokio,json_crlf_tcp,cold_copy,25,1,2022874,2022874,20000
bytes_tokio,json_crlf_tcp,data_only,25,1,2085198,2085198,20000
bytes_tokio,json_crlf_tcp,step1,26,1,2060733,2060733,20000
bytes_tokio,json_crlf_tcp,baseline,26,1,1926294,1926294,20000
bytes_tokio,json_crlf_tcp,step2,26,1,2013924,2013924,20000
bytes_tokio,json_crlf_tcp,cold_copy,26,1,2071912,2071912,20000
bytes_tokio,json_crlf_tcp,data_only,26,1,2086873,2086873,20000
bytes_tokio,json_crlf_tcp,baseline,27,1,1913615,1913615,20000
bytes_tokio,json_crlf_tcp,cold_copy,27,1,2179989,2179989,20000
bytes_tokio,json_crlf_tcp,step1,27,1,2041903,2041903,20000
bytes_tokio,json_crlf_tcp,step2,27,1,2016975,2016975,20000
bytes_tokio,json_crlf_tcp,data_only,27,1,2086265,2086265,20000
bytes_tokio,json_crlf_tcp,data_only,28,1,2078982,2078982,20000
bytes_tokio,json_crlf_tcp,cold_copy,28,1,2092729,2092729,20000
bytes_tokio,json_crlf_tcp,step1,28,1,2049015,2049015,20000
bytes_tokio,json_crlf_tcp,step2,28,1,2040974,2040974,20000
bytes_tokio,json_crlf_tcp,baseline,28,1,1919460,1919460,20000
bytes_tokio,json_crlf_tcp,baseline,29,1,1932289,1932289,20000
bytes_tokio,json_crlf_tcp,step2,29,1,2063321,2063321,20000
bytes_tokio,json_crlf_tcp,cold_copy,29,1,2069826,2069826,20000
bytes_tokio,json_crlf_tcp,step1,29,1,2056354,2056354,20000
bytes_tokio,json_crlf_tcp,data_only,29,1,2066446,2066446,20000
bytes_tokio,json_crlf_tcp,data_only,30,1,2330659,2330659,20000
bytes_tokio,json_crlf_tcp,step1,30,1,2051593,2051593,20000
bytes_tokio,json_crlf_tcp,cold_copy,30,1,2052419,2052419,20000
bytes_tokio,json_crlf_tcp,step2,30,1,2026071,2026071,20000
bytes_tokio,json_crlf_tcp,baseline,30,1,1981316,1981316,20000
bytes_tokio,large_utf8_tcp,data_only,0,12,2866427,238868.91666666666,64
bytes_tokio,large_utf8_tcp,step2,0,12,2804996,233749.66666666666,64
bytes_tokio,large_utf8_tcp,step1,0,12,2827865,235655.41666666666,64
bytes_tokio,large_utf8_tcp,baseline,0,3,2818821,939607,64
bytes_tokio,large_utf8_tcp,cold_copy,0,12,2805350,233779.16666666666,64
bytes_tokio,large_utf8_tcp,step2,1,12,2816209,234684.08333333334,64
bytes_tokio,large_utf8_tcp,step1,1,12,2804779,233731.58333333334,64
bytes_tokio,large_utf8_tcp,data_only,1,12,2810892,234241,64
bytes_tokio,large_utf8_tcp,cold_copy,1,12,2810986,234248.83333333334,64
bytes_tokio,large_utf8_tcp,baseline,1,3,2884762,961587.3333333334,64
bytes_tokio,large_utf8_tcp,cold_copy,2,12,2829148,235762.33333333334,64
bytes_tokio,large_utf8_tcp,data_only,2,12,2870608,239217.33333333334,64
bytes_tokio,large_utf8_tcp,step1,2,12,2868957,239079.75,64
bytes_tokio,large_utf8_tcp,baseline,2,3,2865806,955268.6666666666,64
bytes_tokio,large_utf8_tcp,step2,2,12,2900986,241748.83333333334,64
bytes_tokio,large_utf8_tcp,baseline,3,3,2833657,944552.3333333334,64
bytes_tokio,large_utf8_tcp,step2,3,12,2889141,240761.75,64
bytes_tokio,large_utf8_tcp,cold_copy,3,12,2850666,237555.5,64
bytes_tokio,large_utf8_tcp,data_only,3,12,2821223,235101.91666666666,64
bytes_tokio,large_utf8_tcp,step1,3,12,2836143,236345.25,64
bytes_tokio,large_utf8_tcp,step1,4,12,2836494,236374.5,64
bytes_tokio,large_utf8_tcp,data_only,4,12,2815997,234666.41666666666,64
bytes_tokio,large_utf8_tcp,baseline,4,3,2853180,951060,64
bytes_tokio,large_utf8_tcp,cold_copy,4,12,2829454,235787.83333333334,64
bytes_tokio,large_utf8_tcp,step2,4,12,2841595,236799.58333333334,64
bytes_tokio,large_utf8_tcp,baseline,5,3,2835911,945303.6666666666,64
bytes_tokio,large_utf8_tcp,data_only,5,12,3241932,270161,64
bytes_tokio,large_utf8_tcp,step1,5,12,3019473,251622.75,64
bytes_tokio,large_utf8_tcp,cold_copy,5,12,3231819,269318.25,64
bytes_tokio,large_utf8_tcp,step2,5,12,3399905,283325.4166666667,64
bytes_tokio,large_utf8_tcp,step1,6,12,3044566,253713.83333333334,64
bytes_tokio,large_utf8_tcp,baseline,6,3,3880227,1293409,64
bytes_tokio,large_utf8_tcp,step2,6,12,3486179,290514.9166666667,64
bytes_tokio,large_utf8_tcp,data_only,6,12,3213103,267758.5833333333,64
bytes_tokio,large_utf8_tcp,cold_copy,6,12,3354492,279541,64
bytes_tokio,large_utf8_tcp,cold_copy,7,12,3179653,264971.0833333333,64
bytes_tokio,large_utf8_tcp,baseline,7,3,3798974,1266324.6666666667,64
bytes_tokio,large_utf8_tcp,step1,7,12,3731590,310965.8333333333,64
bytes_tokio,large_utf8_tcp,data_only,7,12,3170467,264205.5833333333,64
bytes_tokio,large_utf8_tcp,step2,7,12,3461791,288482.5833333333,64
bytes_tokio,large_utf8_tcp,step2,8,12,3070872,255906,64
bytes_tokio,large_utf8_tcp,data_only,8,12,3169259,264104.9166666667,64
bytes_tokio,large_utf8_tcp,baseline,8,3,4022013,1340671,64
bytes_tokio,large_utf8_tcp,cold_copy,8,12,3511099,292591.5833333333,64
bytes_tokio,large_utf8_tcp,step1,8,12,3326819,277234.9166666667,64
bytes_tokio,large_utf8_tcp,step2,9,12,3381417,281784.75,64
bytes_tokio,large_utf8_tcp,baseline,9,3,4180863,1393621,64
bytes_tokio,large_utf8_tcp,data_only,9,12,3327128,277260.6666666667,64
bytes_tokio,large_utf8_tcp,cold_copy,9,12,3458806,288233.8333333333,64
bytes_tokio,large_utf8_tcp,step1,9,12,3453984,287832,64
bytes_tokio,large_utf8_tcp,step1,10,12,3187347,265612.25,64
bytes_tokio,large_utf8_tcp,data_only,10,12,3146401,262200.0833333333,64
bytes_tokio,large_utf8_tcp,baseline,10,3,3511745,1170581.6666666667,64
bytes_tokio,large_utf8_tcp,step2,10,12,3269986,272498.8333333333,64
bytes_tokio,large_utf8_tcp,cold_copy,10,12,3179840,264986.6666666667,64
bytes_tokio,large_utf8_tcp,step2,11,12,3236936,269744.6666666667,64
bytes_tokio,large_utf8_tcp,baseline,11,3,3590820,1196940,64
bytes_tokio,large_utf8_tcp,step1,11,12,3211624,267635.3333333333,64
bytes_tokio,large_utf8_tcp,data_only,11,12,3080115,256676.25,64
bytes_tokio,large_utf8_tcp,cold_copy,11,12,2857662,238138.5,64
bytes_tokio,large_utf8_tcp,step1,12,12,2845797,237149.75,64
bytes_tokio,large_utf8_tcp,cold_copy,12,12,2836040,236336.66666666666,64
bytes_tokio,large_utf8_tcp,step2,12,12,2842094,236841.16666666666,64
bytes_tokio,large_utf8_tcp,baseline,12,3,2848802,949600.6666666666,64
bytes_tokio,large_utf8_tcp,data_only,12,12,2832310,236025.83333333334,64
bytes_tokio,large_utf8_tcp,step1,13,12,2836352,236362.66666666666,64
bytes_tokio,large_utf8_tcp,cold_copy,13,12,2844784,237065.33333333334,64
bytes_tokio,large_utf8_tcp,data_only,13,12,3069920,255826.66666666666,64
bytes_tokio,large_utf8_tcp,baseline,13,3,3191727,1063909,64
bytes_tokio,large_utf8_tcp,step2,13,12,2859568,238297.33333333334,64
bytes_tokio,large_utf8_tcp,step1,14,12,2845114,237092.83333333334,64
bytes_tokio,large_utf8_tcp,baseline,14,3,2827687,942562.3333333334,64
bytes_tokio,large_utf8_tcp,cold_copy,14,12,2919384,243282,64
bytes_tokio,large_utf8_tcp,data_only,14,12,2871424,239285.33333333334,64
bytes_tokio,large_utf8_tcp,step2,14,12,2994068,249505.66666666666,64
bytes_tokio,large_utf8_tcp,step1,15,12,2935392,244616,64
bytes_tokio,large_utf8_tcp,step2,15,12,2925691,243807.58333333334,64
bytes_tokio,large_utf8_tcp,baseline,15,3,2828279,942759.6666666666,64
bytes_tokio,large_utf8_tcp,cold_copy,15,12,2833001,236083.41666666666,64
bytes_tokio,large_utf8_tcp,data_only,15,12,2874158,239513.16666666666,64
bytes_tokio,large_utf8_tcp,baseline,16,3,2920351,973450.3333333334,64
bytes_tokio,large_utf8_tcp,step1,16,12,2942340,245195,64
bytes_tokio,large_utf8_tcp,cold_copy,16,12,2869132,239094.33333333334,64
bytes_tokio,large_utf8_tcp,data_only,16,12,2851026,237585.5,64
bytes_tokio,large_utf8_tcp,step2,16,12,2828995,235749.58333333334,64
bytes_tokio,large_utf8_tcp,step1,17,12,2820737,235061.41666666666,64
bytes_tokio,large_utf8_tcp,baseline,17,3,2848223,949407.6666666666,64
bytes_tokio,large_utf8_tcp,step2,17,12,2861527,238460.58333333334,64
bytes_tokio,large_utf8_tcp,cold_copy,17,12,2830876,235906.33333333334,64
bytes_tokio,large_utf8_tcp,data_only,17,12,2853963,237830.25,64
bytes_tokio,large_utf8_tcp,step1,18,12,2866623,238885.25,64
bytes_tokio,large_utf8_tcp,baseline,18,3,2822869,940956.3333333334,64
bytes_tokio,large_utf8_tcp,cold_copy,18,12,2937703,244808.58333333334,64
bytes_tokio,large_utf8_tcp,step2,18,12,2844022,237001.83333333334,64
bytes_tokio,large_utf8_tcp,data_only,18,12,2847356,237279.66666666666,64
bytes_tokio,large_utf8_tcp,step2,19,12,2867966,238997.16666666666,64
bytes_tokio,large_utf8_tcp,step1,19,12,2817421,234785.08333333334,64
bytes_tokio,large_utf8_tcp,baseline,19,3,2848726,949575.3333333334,64
bytes_tokio,large_utf8_tcp,data_only,19,12,2844226,237018.83333333334,64
bytes_tokio,large_utf8_tcp,cold_copy,19,12,2940831,245069.25,64
bytes_tokio,large_utf8_tcp,cold_copy,20,12,2888227,240685.58333333334,64
bytes_tokio,large_utf8_tcp,step1,20,12,2865968,238830.66666666666,64
bytes_tokio,large_utf8_tcp,step2,20,12,2858494,238207.83333333334,64
bytes_tokio,large_utf8_tcp,data_only,20,12,2844647,237053.91666666666,64
bytes_tokio,large_utf8_tcp,baseline,20,3,2833873,944624.3333333334,64
bytes_tokio,large_utf8_tcp,step1,21,12,3036497,253041.41666666666,64
bytes_tokio,large_utf8_tcp,baseline,21,3,3243633,1081211,64
bytes_tokio,large_utf8_tcp,step2,21,12,2976488,248040.66666666666,64
bytes_tokio,large_utf8_tcp,data_only,21,12,2879911,239992.58333333334,64
bytes_tokio,large_utf8_tcp,cold_copy,21,12,2843699,236974.91666666666,64
bytes_tokio,large_utf8_tcp,data_only,22,12,2882546,240212.16666666666,64
bytes_tokio,large_utf8_tcp,step2,22,12,2900544,241712,64
bytes_tokio,large_utf8_tcp,step1,22,12,2920140,243345,64
bytes_tokio,large_utf8_tcp,cold_copy,22,12,2922055,243504.58333333334,64
bytes_tokio,large_utf8_tcp,baseline,22,3,2840692,946897.3333333334,64
bytes_tokio,large_utf8_tcp,step1,23,12,2889876,240823,64
bytes_tokio,large_utf8_tcp,data_only,23,12,2886630,240552.5,64
bytes_tokio,large_utf8_tcp,cold_copy,23,12,2910826,242568.83333333334,64
bytes_tokio,large_utf8_tcp,baseline,23,3,2861615,953871.6666666666,64
bytes_tokio,large_utf8_tcp,step2,23,12,2975668,247972.33333333334,64
bytes_tokio,large_utf8_tcp,data_only,24,12,2915806,242983.83333333334,64
bytes_tokio,large_utf8_tcp,step1,24,12,2854270,237855.83333333334,64
bytes_tokio,large_utf8_tcp,step2,24,12,2844857,237071.41666666666,64
bytes_tokio,large_utf8_tcp,baseline,24,3,2930943,976981,64
bytes_tokio,large_utf8_tcp,cold_copy,24,12,2980541,248378.41666666666,64
bytes_tokio,large_utf8_tcp,step2,25,12,2890025,240835.41666666666,64
bytes_tokio,large_utf8_tcp,baseline,25,3,2866671,955557,64
bytes_tokio,large_utf8_tcp,step1,25,12,2909457,242454.75,64
bytes_tokio,large_utf8_tcp,cold_copy,25,12,2847552,237296,64
bytes_tokio,large_utf8_tcp,data_only,25,12,2846209,237184.08333333334,64
bytes_tokio,large_utf8_tcp,step1,26,12,2823158,235263.16666666666,64
bytes_tokio,large_utf8_tcp,baseline,26,3,2848599,949533,64
bytes_tokio,large_utf8_tcp,step2,26,12,2908100,242341.66666666666,64
bytes_tokio,large_utf8_tcp,cold_copy,26,12,2803122,233593.5,64
bytes_tokio,large_utf8_tcp,data_only,26,12,2810654,234221.16666666666,64
bytes_tokio,large_utf8_tcp,baseline,27,3,2834842,944947.3333333334,64
bytes_tokio,large_utf8_tcp,cold_copy,27,12,2872263,239355.25,64
bytes_tokio,large_utf8_tcp,step1,27,12,2846804,237233.66666666666,64
bytes_tokio,large_utf8_tcp,step2,27,12,2856607,238050.58333333334,64
bytes_tokio,large_utf8_tcp,data_only,27,12,2864970,238747.5,64
bytes_tokio,large_utf8_tcp,data_only,28,12,2859183,238265.25,64
bytes_tokio,large_utf8_tcp,cold_copy,28,12,2818515,234876.25,64
bytes_tokio,large_utf8_tcp,step1,28,12,2819873,234989.41666666666,64
bytes_tokio,large_utf8_tcp,step2,28,12,2845476,237123,64
bytes_tokio,large_utf8_tcp,baseline,28,3,2872051,957350.3333333334,64
bytes_tokio,large_utf8_tcp,baseline,29,3,2814869,938289.6666666666,64
bytes_tokio,large_utf8_tcp,step2,29,12,2850069,237505.75,64
bytes_tokio,large_utf8_tcp,cold_copy,29,12,2820783,235065.25,64
bytes_tokio,large_utf8_tcp,step1,29,12,2856395,238032.91666666666,64
bytes_tokio,large_utf8_tcp,data_only,29,12,2853851,237820.91666666666,64
bytes_tokio,large_utf8_tcp,data_only,30,12,2821413,235117.75,64
bytes_tokio,large_utf8_tcp,step1,30,12,2823616,235301.33333333334,64
bytes_tokio,large_utf8_tcp,cold_copy,30,12,2814791,234565.91666666666,64
bytes_tokio,large_utf8_tcp,step2,30,12,2818741,234895.08333333334,64
bytes_tokio,large_utf8_tcp,baseline,30,3,2825216,941738.6666666666,64
bytes_tokio,mixed_json_tcp,data_only,0,5,2677759,535551.8,10010
bytes_tokio,mixed_json_tcp,step2,0,5,2658852,531770.4,10010
bytes_tokio,mixed_json_tcp,step1,0,4,2514058,628514.5,10010
bytes_tokio,mixed_json_tcp,baseline,0,4,2562771,640692.75,10010
bytes_tokio,mixed_json_tcp,cold_copy,0,5,2699343,539868.6,10010
bytes_tokio,mixed_json_tcp,step2,1,5,2635966,527193.2,10010
bytes_tokio,mixed_json_tcp,step1,1,4,2456458,614114.5,10010
bytes_tokio,mixed_json_tcp,data_only,1,5,2638440,527688,10010
bytes_tokio,mixed_json_tcp,cold_copy,1,5,2706517,541303.4,10010
bytes_tokio,mixed_json_tcp,baseline,1,4,2504609,626152.25,10010
bytes_tokio,mixed_json_tcp,cold_copy,2,5,2667447,533489.4,10010
bytes_tokio,mixed_json_tcp,data_only,2,5,2652462,530492.4,10010
bytes_tokio,mixed_json_tcp,step1,2,4,2444441,611110.25,10010
bytes_tokio,mixed_json_tcp,baseline,2,4,2468309,617077.25,10010
bytes_tokio,mixed_json_tcp,step2,2,5,2710554,542110.8,10010
bytes_tokio,mixed_json_tcp,baseline,3,4,2552669,638167.25,10010
bytes_tokio,mixed_json_tcp,step2,3,5,2650987,530197.4,10010
bytes_tokio,mixed_json_tcp,cold_copy,3,5,2759958,551991.6,10010
bytes_tokio,mixed_json_tcp,data_only,3,5,2669377,533875.4,10010
bytes_tokio,mixed_json_tcp,step1,3,4,2448932,612233,10010
bytes_tokio,mixed_json_tcp,step1,4,4,2489491,622372.75,10010
bytes_tokio,mixed_json_tcp,data_only,4,5,2643370,528674,10010
bytes_tokio,mixed_json_tcp,baseline,4,4,2568555,642138.75,10010
bytes_tokio,mixed_json_tcp,cold_copy,4,5,2745254,549050.8,10010
bytes_tokio,mixed_json_tcp,step2,4,5,2614307,522861.4,10010
bytes_tokio,mixed_json_tcp,baseline,5,4,2533946,633486.5,10010
bytes_tokio,mixed_json_tcp,data_only,5,5,2648606,529721.2,10010
bytes_tokio,mixed_json_tcp,step1,5,4,2466423,616605.75,10010
bytes_tokio,mixed_json_tcp,cold_copy,5,5,2706985,541397,10010
bytes_tokio,mixed_json_tcp,step2,5,5,2615167,523033.4,10010
bytes_tokio,mixed_json_tcp,step1,6,4,2478055,619513.75,10010
bytes_tokio,mixed_json_tcp,baseline,6,4,2513794,628448.5,10010
bytes_tokio,mixed_json_tcp,step2,6,5,2624023,524804.6,10010
bytes_tokio,mixed_json_tcp,data_only,6,5,2676626,535325.2,10010
bytes_tokio,mixed_json_tcp,cold_copy,6,5,2698120,539624,10010
bytes_tokio,mixed_json_tcp,cold_copy,7,5,2721899,544379.8,10010
bytes_tokio,mixed_json_tcp,baseline,7,4,2502048,625512,10010
bytes_tokio,mixed_json_tcp,step1,7,4,2467381,616845.25,10010
bytes_tokio,mixed_json_tcp,data_only,7,5,2643288,528657.6,10010
bytes_tokio,mixed_json_tcp,step2,7,5,2684247,536849.4,10010
bytes_tokio,mixed_json_tcp,step2,8,5,2634348,526869.6,10010
bytes_tokio,mixed_json_tcp,data_only,8,5,2658287,531657.4,10010
bytes_tokio,mixed_json_tcp,baseline,8,4,2470528,617632,10010
bytes_tokio,mixed_json_tcp,cold_copy,8,5,2712955,542591,10010
bytes_tokio,mixed_json_tcp,step1,8,4,2451480,612870,10010
bytes_tokio,mixed_json_tcp,step2,9,5,2629732,525946.4,10010
bytes_tokio,mixed_json_tcp,baseline,9,4,2537411,634352.75,10010
bytes_tokio,mixed_json_tcp,data_only,9,5,2644964,528992.8,10010
bytes_tokio,mixed_json_tcp,cold_copy,9,5,2716061,543212.2,10010
bytes_tokio,mixed_json_tcp,step1,9,4,2550937,637734.25,10010
bytes_tokio,mixed_json_tcp,step1,10,4,2493325,623331.25,10010
bytes_tokio,mixed_json_tcp,data_only,10,5,2664050,532810,10010
bytes_tokio,mixed_json_tcp,baseline,10,4,2566061,641515.25,10010
bytes_tokio,mixed_json_tcp,step2,10,5,2681815,536363,10010
bytes_tokio,mixed_json_tcp,cold_copy,10,5,2711128,542225.6,10010
bytes_tokio,mixed_json_tcp,step2,11,5,2648352,529670.4,10010
bytes_tokio,mixed_json_tcp,baseline,11,4,2557640,639410,10010
bytes_tokio,mixed_json_tcp,step1,11,4,2518867,629716.75,10010
bytes_tokio,mixed_json_tcp,data_only,11,5,2668643,533728.6,10010
bytes_tokio,mixed_json_tcp,cold_copy,11,5,2761213,552242.6,10010
bytes_tokio,mixed_json_tcp,step1,12,4,2457897,614474.25,10010
bytes_tokio,mixed_json_tcp,cold_copy,12,5,2674506,534901.2,10010
bytes_tokio,mixed_json_tcp,step2,12,5,2684561,536912.2,10010
bytes_tokio,mixed_json_tcp,baseline,12,4,2533846,633461.5,10010
bytes_tokio,mixed_json_tcp,data_only,12,5,2651331,530266.2,10010
bytes_tokio,mixed_json_tcp,step1,13,4,2427897,606974.25,10010
bytes_tokio,mixed_json_tcp,cold_copy,13,5,2675367,535073.4,10010
bytes_tokio,mixed_json_tcp,data_only,13,5,2624959,524991.8,10010
bytes_tokio,mixed_json_tcp,baseline,13,4,2517216,629304,10010
bytes_tokio,mixed_json_tcp,step2,13,5,2670509,534101.8,10010
bytes_tokio,mixed_json_tcp,step1,14,4,2441149,610287.25,10010
bytes_tokio,mixed_json_tcp,baseline,14,4,2494894,623723.5,10010
bytes_tokio,mixed_json_tcp,cold_copy,14,5,2709235,541847,10010
bytes_tokio,mixed_json_tcp,data_only,14,5,2682600,536520,10010
bytes_tokio,mixed_json_tcp,step2,14,5,2646138,529227.6,10010
bytes_tokio,mixed_json_tcp,step1,15,4,2477574,619393.5,10010
bytes_tokio,mixed_json_tcp,step2,15,5,2702298,540459.6,10010
bytes_tokio,mixed_json_tcp,baseline,15,4,2556285,639071.25,10010
bytes_tokio,mixed_json_tcp,cold_copy,15,5,2678142,535628.4,10010
bytes_tokio,mixed_json_tcp,data_only,15,5,2659384,531876.8,10010
bytes_tokio,mixed_json_tcp,baseline,16,4,2584733,646183.25,10010
bytes_tokio,mixed_json_tcp,step1,16,4,2419731,604932.75,10010
bytes_tokio,mixed_json_tcp,cold_copy,16,5,2765604,553120.8,10010
bytes_tokio,mixed_json_tcp,data_only,16,5,2717415,543483,10010
bytes_tokio,mixed_json_tcp,step2,16,5,2658763,531752.6,10010
bytes_tokio,mixed_json_tcp,step1,17,4,2433884,608471,10010
bytes_tokio,mixed_json_tcp,baseline,17,4,2522679,630669.75,10010
bytes_tokio,mixed_json_tcp,step2,17,5,2623634,524726.8,10010
bytes_tokio,mixed_json_tcp,cold_copy,17,5,2726737,545347.4,10010
bytes_tokio,mixed_json_tcp,data_only,17,5,2686961,537392.2,10010
bytes_tokio,mixed_json_tcp,step1,18,4,2455449,613862.25,10010
bytes_tokio,mixed_json_tcp,baseline,18,4,2596172,649043,10010
bytes_tokio,mixed_json_tcp,cold_copy,18,5,2756770,551354,10010
bytes_tokio,mixed_json_tcp,step2,18,5,2637455,527491,10010
bytes_tokio,mixed_json_tcp,data_only,18,5,2664210,532842,10010
bytes_tokio,mixed_json_tcp,step2,19,5,2706881,541376.2,10010
bytes_tokio,mixed_json_tcp,step1,19,4,2432630,608157.5,10010
bytes_tokio,mixed_json_tcp,baseline,19,4,2522405,630601.25,10010
bytes_tokio,mixed_json_tcp,data_only,19,5,2717767,543553.4,10010
bytes_tokio,mixed_json_tcp,cold_copy,19,5,2729822,545964.4,10010
bytes_tokio,mixed_json_tcp,cold_copy,20,5,2755552,551110.4,10010
bytes_tokio,mixed_json_tcp,step1,20,4,2471917,617979.25,10010
bytes_tokio,mixed_json_tcp,step2,20,5,2675190,535038,10010
bytes_tokio,mixed_json_tcp,data_only,20,5,2664085,532817,10010
bytes_tokio,mixed_json_tcp,baseline,20,4,2494181,623545.25,10010
bytes_tokio,mixed_json_tcp,step1,21,4,2450614,612653.5,10010
bytes_tokio,mixed_json_tcp,baseline,21,4,2576388,644097,10010
bytes_tokio,mixed_json_tcp,step2,21,5,2639422,527884.4,10010
bytes_tokio,mixed_json_tcp,data_only,21,5,2714042,542808.4,10010
bytes_tokio,mixed_json_tcp,cold_copy,21,5,2746656,549331.2,10010
bytes_tokio,mixed_json_tcp,data_only,22,5,2661517,532303.4,10010
bytes_tokio,mixed_json_tcp,step2,22,5,2635153,527030.6,10010
bytes_tokio,mixed_json_tcp,step1,22,4,2449054,612263.5,10010
bytes_tokio,mixed_json_tcp,cold_copy,22,5,2722714,544542.8,10010
bytes_tokio,mixed_json_tcp,baseline,22,4,2605510,651377.5,10010
bytes_tokio,mixed_json_tcp,step1,23,4,2423466,605866.5,10010
bytes_tokio,mixed_json_tcp,data_only,23,5,2638539,527707.8,10010
bytes_tokio,mixed_json_tcp,cold_copy,23,5,2730217,546043.4,10010
bytes_tokio,mixed_json_tcp,baseline,23,4,2450250,612562.5,10010
bytes_tokio,mixed_json_tcp,step2,23,5,2648965,529793,10010
bytes_tokio,mixed_json_tcp,data_only,24,5,2624517,524903.4,10010
bytes_tokio,mixed_json_tcp,step1,24,4,2460878,615219.5,10010
bytes_tokio,mixed_json_tcp,step2,24,5,2678049,535609.8,10010
bytes_tokio,mixed_json_tcp,baseline,24,4,2561376,640344,10010
bytes_tokio,mixed_json_tcp,cold_copy,24,5,2718720,543744,10010
bytes_tokio,mixed_json_tcp,step2,25,5,2627235,525447,10010
bytes_tokio,mixed_json_tcp,baseline,25,4,2464906,616226.5,10010
bytes_tokio,mixed_json_tcp,step1,25,4,2519289,629822.25,10010
bytes_tokio,mixed_json_tcp,cold_copy,25,5,2740578,548115.6,10010
bytes_tokio,mixed_json_tcp,data_only,25,5,2719064,543812.8,10010
bytes_tokio,mixed_json_tcp,step1,26,4,2468281,617070.25,10010
bytes_tokio,mixed_json_tcp,baseline,26,4,2500207,625051.75,10010
bytes_tokio,mixed_json_tcp,step2,26,5,2615099,523019.8,10010
bytes_tokio,mixed_json_tcp,cold_copy,26,5,2702827,540565.4,10010
bytes_tokio,mixed_json_tcp,data_only,26,5,2644785,528957,10010
bytes_tokio,mixed_json_tcp,baseline,27,4,2648359,662089.75,10010
bytes_tokio,mixed_json_tcp,cold_copy,27,5,2708051,541610.2,10010
bytes_tokio,mixed_json_tcp,step1,27,4,2461803,615450.75,10010
bytes_tokio,mixed_json_tcp,step2,27,5,2610968,522193.6,10010
bytes_tokio,mixed_json_tcp,data_only,27,5,2646965,529393,10010
bytes_tokio,mixed_json_tcp,data_only,28,5,2675761,535152.2,10010
bytes_tokio,mixed_json_tcp,cold_copy,28,5,2852876,570575.2,10010
bytes_tokio,mixed_json_tcp,step1,28,4,2466298,616574.5,10010
bytes_tokio,mixed_json_tcp,step2,28,5,2641299,528259.8,10010
bytes_tokio,mixed_json_tcp,baseline,28,4,2460900,615225,10010
bytes_tokio,mixed_json_tcp,baseline,29,4,2622661,655665.25,10010
bytes_tokio,mixed_json_tcp,step2,29,5,2716387,543277.4,10010
bytes_tokio,mixed_json_tcp,cold_copy,29,5,2702301,540460.2,10010
bytes_tokio,mixed_json_tcp,step1,29,4,2485461,621365.25,10010
bytes_tokio,mixed_json_tcp,data_only,29,5,2666833,533366.6,10010
bytes_tokio,mixed_json_tcp,data_only,30,5,2657624,531524.8,10010
bytes_tokio,mixed_json_tcp,step1,30,4,2466803,616700.75,10010
bytes_tokio,mixed_json_tcp,cold_copy,30,5,2701639,540327.8,10010
bytes_tokio,mixed_json_tcp,step2,30,5,2659718,531943.6,10010
bytes_tokio,mixed_json_tcp,baseline,30,4,2586375,646593.75,10010
bytes_tokio,mixed_multiline_tcp,data_only,0,6,2667102,444517,10010
bytes_tokio,mixed_multiline_tcp,step2,0,6,2651435,441905.8333333333,10010
bytes_tokio,mixed_multiline_tcp,step1,0,5,2609049,521809.8,10010
bytes_tokio,mixed_multiline_tcp,baseline,0,5,2641676,528335.2,10010
bytes_tokio,mixed_multiline_tcp,cold_copy,0,6,2644308,440718,10010
bytes_tokio,mixed_multiline_tcp,step2,1,6,2614851,435808.5,10010
bytes_tokio,mixed_multiline_tcp,step1,1,5,2592691,518538.2,10010
bytes_tokio,mixed_multiline_tcp,data_only,1,6,2665657,444276.1666666667,10010
bytes_tokio,mixed_multiline_tcp,cold_copy,1,6,2623002,437167,10010
bytes_tokio,mixed_multiline_tcp,baseline,1,5,2560292,512058.4,10010
bytes_tokio,mixed_multiline_tcp,cold_copy,2,6,2626147,437691.1666666667,10010
bytes_tokio,mixed_multiline_tcp,data_only,2,6,2623132,437188.6666666667,10010
bytes_tokio,mixed_multiline_tcp,step1,2,5,2627501,525500.2,10010
bytes_tokio,mixed_multiline_tcp,baseline,2,5,2632764,526552.8,10010
bytes_tokio,mixed_multiline_tcp,step2,2,6,2615749,435958.1666666667,10010
bytes_tokio,mixed_multiline_tcp,baseline,3,5,2664205,532841,10010
bytes_tokio,mixed_multiline_tcp,step2,3,6,2627482,437913.6666666667,10010
bytes_tokio,mixed_multiline_tcp,cold_copy,3,6,2631271,438545.1666666667,10010
bytes_tokio,mixed_multiline_tcp,data_only,3,6,2665333,444222.1666666667,10010
bytes_tokio,mixed_multiline_tcp,step1,3,5,2567415,513483,10010
bytes_tokio,mixed_multiline_tcp,step1,4,5,2565224,513044.8,10010
bytes_tokio,mixed_multiline_tcp,data_only,4,6,2639303,439883.8333333333,10010
bytes_tokio,mixed_multiline_tcp,baseline,4,5,2630509,526101.8,10010
bytes_tokio,mixed_multiline_tcp,cold_copy,4,6,2648753,441458.8333333333,10010
bytes_tokio,mixed_multiline_tcp,step2,4,6,2624675,437445.8333333333,10010
bytes_tokio,mixed_multiline_tcp,baseline,5,5,2617214,523442.8,10010
bytes_tokio,mixed_multiline_tcp,data_only,5,6,2662387,443731.1666666667,10010
bytes_tokio,mixed_multiline_tcp,step1,5,5,2581113,516222.6,10010
bytes_tokio,mixed_multiline_tcp,cold_copy,5,6,2624017,437336.1666666667,10010
bytes_tokio,mixed_multiline_tcp,step2,5,6,2618219,436369.8333333333,10010
bytes_tokio,mixed_multiline_tcp,step1,6,5,2567215,513443,10010
bytes_tokio,mixed_multiline_tcp,baseline,6,5,2760393,552078.6,10010
bytes_tokio,mixed_multiline_tcp,step2,6,6,2630269,438378.1666666667,10010
bytes_tokio,mixed_multiline_tcp,data_only,6,6,2643273,440545.5,10010
bytes_tokio,mixed_multiline_tcp,cold_copy,6,6,2644587,440764.5,10010
bytes_tokio,mixed_multiline_tcp,cold_copy,7,6,2626649,437774.8333333333,10010
bytes_tokio,mixed_multiline_tcp,baseline,7,5,2677560,535512,10010
bytes_tokio,mixed_multiline_tcp,step1,7,5,2610859,522171.8,10010
bytes_tokio,mixed_multiline_tcp,data_only,7,6,2639948,439991.3333333333,10010
bytes_tokio,mixed_multiline_tcp,step2,7,6,2617223,436203.8333333333,10010
bytes_tokio,mixed_multiline_tcp,step2,8,6,2604009,434001.5,10010
bytes_tokio,mixed_multiline_tcp,data_only,8,6,2653576,442262.6666666667,10010
bytes_tokio,mixed_multiline_tcp,baseline,8,5,2630005,526001,10010
bytes_tokio,mixed_multiline_tcp,cold_copy,8,6,2620344,436724,10010
bytes_tokio,mixed_multiline_tcp,step1,8,5,2573249,514649.8,10010
bytes_tokio,mixed_multiline_tcp,step2,9,6,2628538,438089.6666666667,10010
bytes_tokio,mixed_multiline_tcp,baseline,9,5,2638147,527629.4,10010
bytes_tokio,mixed_multiline_tcp,data_only,9,6,2647764,441294,10010
bytes_tokio,mixed_multiline_tcp,cold_copy,9,6,2619766,436627.6666666667,10010
bytes_tokio,mixed_multiline_tcp,step1,9,5,2607531,521506.2,10010
bytes_tokio,mixed_multiline_tcp,step1,10,5,2613411,522682.2,10010
bytes_tokio,mixed_multiline_tcp,data_only,10,6,2629889,438314.8333333333,10010
bytes_tokio,mixed_multiline_tcp,baseline,10,5,2693600,538720,10010
bytes_tokio,mixed_multiline_tcp,step2,10,6,2612854,435475.6666666667,10010
bytes_tokio,mixed_multiline_tcp,cold_copy,10,6,2625793,437632.1666666667,10010
bytes_tokio,mixed_multiline_tcp,step2,11,6,2656486,442747.6666666667,10010
bytes_tokio,mixed_multiline_tcp,baseline,11,5,2570037,514007.4,10010
bytes_tokio,mixed_multiline_tcp,step1,11,5,2585408,517081.6,10010
bytes_tokio,mixed_multiline_tcp,data_only,11,6,2622870,437145,10010
bytes_tokio,mixed_multiline_tcp,cold_copy,11,6,2626966,437827.6666666667,10010
bytes_tokio,mixed_multiline_tcp,step1,12,5,2600542,520108.4,10010
bytes_tokio,mixed_multiline_tcp,cold_copy,12,6,2621769,436961.5,10010
bytes_tokio,mixed_multiline_tcp,step2,12,6,2615551,435925.1666666667,10010
bytes_tokio,mixed_multiline_tcp,baseline,12,5,2655651,531130.2,10010
bytes_tokio,mixed_multiline_tcp,data_only,12,6,2674144,445690.6666666667,10010
bytes_tokio,mixed_multiline_tcp,step1,13,5,2600546,520109.2,10010
bytes_tokio,mixed_multiline_tcp,cold_copy,13,6,2653770,442295,10010
bytes_tokio,mixed_multiline_tcp,data_only,13,6,2651853,441975.5,10010
bytes_tokio,mixed_multiline_tcp,baseline,13,5,2577501,515500.2,10010
bytes_tokio,mixed_multiline_tcp,step2,13,6,2616265,436044.1666666667,10010
bytes_tokio,mixed_multiline_tcp,step1,14,5,2577150,515430,10010
bytes_tokio,mixed_multiline_tcp,baseline,14,5,2781785,556357,10010
bytes_tokio,mixed_multiline_tcp,cold_copy,14,6,3361219,560203.1666666666,10010
bytes_tokio,mixed_multiline_tcp,data_only,14,6,3303981,550663.5,10010
bytes_tokio,mixed_multiline_tcp,step2,14,6,3221038,536839.6666666666,10010
bytes_tokio,mixed_multiline_tcp,step1,15,5,3394155,678831,10010
bytes_tokio,mixed_multiline_tcp,step2,15,6,3194379,532396.5,10010
bytes_tokio,mixed_multiline_tcp,baseline,15,5,3526284,705256.8,10010
bytes_tokio,mixed_multiline_tcp,cold_copy,15,6,3227693,537948.8333333334,10010
bytes_tokio,mixed_multiline_tcp,data_only,15,6,3285439,547573.1666666666,10010
bytes_tokio,mixed_multiline_tcp,baseline,16,5,3216045,643209,10010
bytes_tokio,mixed_multiline_tcp,step1,16,5,3199087,639817.4,10010
bytes_tokio,mixed_multiline_tcp,cold_copy,16,6,3345496,557582.6666666666,10010
bytes_tokio,mixed_multiline_tcp,data_only,16,6,3426690,571115,10010
bytes_tokio,mixed_multiline_tcp,step2,16,6,3353566,558927.6666666666,10010
bytes_tokio,mixed_multiline_tcp,step1,17,5,3330544,666108.8,10010
bytes_tokio,mixed_multiline_tcp,baseline,17,5,3492645,698529,10010
bytes_tokio,mixed_multiline_tcp,step2,17,6,3054972,509162,10010
bytes_tokio,mixed_multiline_tcp,cold_copy,17,6,3136683,522780.5,10010
bytes_tokio,mixed_multiline_tcp,data_only,17,6,3171217,528536.1666666666,10010
bytes_tokio,mixed_multiline_tcp,step1,18,5,3060136,612027.2,10010
bytes_tokio,mixed_multiline_tcp,baseline,18,5,3328000,665600,10010
bytes_tokio,mixed_multiline_tcp,cold_copy,18,6,3205945,534324.1666666666,10010
bytes_tokio,mixed_multiline_tcp,step2,18,6,3016737,502789.5,10010
bytes_tokio,mixed_multiline_tcp,data_only,18,6,3437705,572950.8333333334,10010
bytes_tokio,mixed_multiline_tcp,step2,19,6,3229573,538262.1666666666,10010
bytes_tokio,mixed_multiline_tcp,step1,19,5,3334355,666871,10010
bytes_tokio,mixed_multiline_tcp,baseline,19,5,3236640,647328,10010
bytes_tokio,mixed_multiline_tcp,data_only,19,6,3064923,510820.5,10010
bytes_tokio,mixed_multiline_tcp,cold_copy,19,6,2891943,481990.5,10010
bytes_tokio,mixed_multiline_tcp,cold_copy,20,6,3085154,514192.3333333333,10010
bytes_tokio,mixed_multiline_tcp,step1,20,5,3226519,645303.8,10010
bytes_tokio,mixed_multiline_tcp,step2,20,6,3027348,504558,10010
bytes_tokio,mixed_multiline_tcp,data_only,20,6,2731487,455247.8333333333,10010
bytes_tokio,mixed_multiline_tcp,baseline,20,5,2672668,534533.6,10010
bytes_tokio,mixed_multiline_tcp,step1,21,5,2656671,531334.2,10010
bytes_tokio,mixed_multiline_tcp,baseline,21,5,2668009,533601.8,10010
bytes_tokio,mixed_multiline_tcp,step2,21,6,2692799,448799.8333333333,10010
bytes_tokio,mixed_multiline_tcp,data_only,21,6,2693949,448991.5,10010
bytes_tokio,mixed_multiline_tcp,cold_copy,21,6,2650076,441679.3333333333,10010
bytes_tokio,mixed_multiline_tcp,data_only,22,6,2659518,443253,10010
bytes_tokio,mixed_multiline_tcp,step2,22,6,2629846,438307.6666666667,10010
bytes_tokio,mixed_multiline_tcp,step1,22,5,2750632,550126.4,10010
bytes_tokio,mixed_multiline_tcp,cold_copy,22,6,2812804,468800.6666666667,10010
bytes_tokio,mixed_multiline_tcp,baseline,22,5,2818097,563619.4,10010
bytes_tokio,mixed_multiline_tcp,step1,23,5,2721205,544241,10010
bytes_tokio,mixed_multiline_tcp,data_only,23,6,2842120,473686.6666666667,10010
bytes_tokio,mixed_multiline_tcp,cold_copy,23,6,2788380,464730,10010
bytes_tokio,mixed_multiline_tcp,baseline,23,5,2827029,565405.8,10010
bytes_tokio,mixed_multiline_tcp,step2,23,6,3051367,508561.1666666667,10010
bytes_tokio,mixed_multiline_tcp,data_only,24,6,2644832,440805.3333333333,10010
bytes_tokio,mixed_multiline_tcp,step1,24,5,2614120,522824,10010
bytes_tokio,mixed_multiline_tcp,step2,24,6,2636951,439491.8333333333,10010
bytes_tokio,mixed_multiline_tcp,baseline,24,5,2626773,525354.6,10010
bytes_tokio,mixed_multiline_tcp,cold_copy,24,6,2628420,438070,10010
bytes_tokio,mixed_multiline_tcp,step2,25,6,2609333,434888.8333333333,10010
bytes_tokio,mixed_multiline_tcp,baseline,25,5,2669879,533975.8,10010
bytes_tokio,mixed_multiline_tcp,step1,25,5,2589341,517868.2,10010
bytes_tokio,mixed_multiline_tcp,cold_copy,25,6,2626176,437696,10010
bytes_tokio,mixed_multiline_tcp,data_only,25,6,2634869,439144.8333333333,10010
bytes_tokio,mixed_multiline_tcp,step1,26,5,2611877,522375.4,10010
bytes_tokio,mixed_multiline_tcp,baseline,26,5,2582647,516529.4,10010
bytes_tokio,mixed_multiline_tcp,step2,26,6,2608410,434735,10010
bytes_tokio,mixed_multiline_tcp,cold_copy,26,6,2619677,436612.8333333333,10010
bytes_tokio,mixed_multiline_tcp,data_only,26,6,2638028,439671.3333333333,10010
bytes_tokio,mixed_multiline_tcp,baseline,27,5,2611785,522357,10010
bytes_tokio,mixed_multiline_tcp,cold_copy,27,6,2621237,436872.8333333333,10010
bytes_tokio,mixed_multiline_tcp,step1,27,5,2590014,518002.8,10010
bytes_tokio,mixed_multiline_tcp,step2,27,6,2619860,436643.3333333333,10010
bytes_tokio,mixed_multiline_tcp,data_only,27,6,2633241,438873.5,10010
bytes_tokio,mixed_multiline_tcp,data_only,28,6,2664930,444155,10010
bytes_tokio,mixed_multiline_tcp,cold_copy,28,6,2627071,437845.1666666667,10010
bytes_tokio,mixed_multiline_tcp,step1,28,5,2645992,529198.4,10010
bytes_tokio,mixed_multiline_tcp,step2,28,6,2643879,440646.5,10010
bytes_tokio,mixed_multiline_tcp,baseline,28,5,2583145,516629,10010
bytes_tokio,mixed_multiline_tcp,baseline,29,5,2627863,525572.6,10010
bytes_tokio,mixed_multiline_tcp,step2,29,6,2629643,438273.8333333333,10010
bytes_tokio,mixed_multiline_tcp,cold_copy,29,6,2630842,438473.6666666667,10010
bytes_tokio,mixed_multiline_tcp,step1,29,5,2583138,516627.6,10010
bytes_tokio,mixed_multiline_tcp,data_only,29,6,2657545,442924.1666666667,10010
bytes_tokio,mixed_multiline_tcp,data_only,30,6,2837180,472863.3333333333,10010
bytes_tokio,mixed_multiline_tcp,step1,30,5,2859470,571894,10010
bytes_tokio,mixed_multiline_tcp,cold_copy,30,6,2675845,445974.1666666667,10010
bytes_tokio,mixed_multiline_tcp,step2,30,6,2678611,446435.1666666667,10010
bytes_tokio,mixed_multiline_tcp,baseline,30,5,2642585,528517,10010
bytes_tokio,varied_sizes_tcp,data_only,0,81,2853125,35223.765432098764,64
bytes_tokio,varied_sizes_tcp,step2,0,82,2922692,35642.58536585366,64
bytes_tokio,varied_sizes_tcp,step1,0,90,2978412,33093.46666666667,64
bytes_tokio,varied_sizes_tcp,baseline,0,78,2920801,37446.166666666664,64
bytes_tokio,varied_sizes_tcp,cold_copy,0,80,2828742,35359.275,64
bytes_tokio,varied_sizes_tcp,step2,1,82,2890890,35254.756097560974,64
bytes_tokio,varied_sizes_tcp,step1,1,90,2954756,32830.62222222222,64
bytes_tokio,varied_sizes_tcp,data_only,1,81,2851034,35197.950617283954,64
bytes_tokio,varied_sizes_tcp,cold_copy,1,80,2825377,35317.2125,64
bytes_tokio,varied_sizes_tcp,baseline,1,78,2907255,37272.5,64
bytes_tokio,varied_sizes_tcp,cold_copy,2,80,2823095,35288.6875,64
bytes_tokio,varied_sizes_tcp,data_only,2,81,2840340,35065.92592592593,64
bytes_tokio,varied_sizes_tcp,step1,2,90,2940511,32672.344444444443,64
bytes_tokio,varied_sizes_tcp,baseline,2,78,2911380,37325.38461538462,64
bytes_tokio,varied_sizes_tcp,step2,2,82,2893897,35291.42682926829,64
bytes_tokio,varied_sizes_tcp,baseline,3,78,2911656,37328.92307692308,64
bytes_tokio,varied_sizes_tcp,step2,3,82,2890983,35255.89024390244,64
bytes_tokio,varied_sizes_tcp,cold_copy,3,80,2828362,35354.525,64
bytes_tokio,varied_sizes_tcp,data_only,3,81,2844685,35119.567901234564,64
bytes_tokio,varied_sizes_tcp,step1,3,90,2949174,32768.6,64
bytes_tokio,varied_sizes_tcp,step1,4,90,2945888,32732.088888888888,64
bytes_tokio,varied_sizes_tcp,data_only,4,81,2837923,35036.08641975309,64
bytes_tokio,varied_sizes_tcp,baseline,4,78,2905841,37254.3717948718,64
bytes_tokio,varied_sizes_tcp,cold_copy,4,80,2824055,35300.6875,64
bytes_tokio,varied_sizes_tcp,step2,4,82,2914534,35543.09756097561,64
bytes_tokio,varied_sizes_tcp,baseline,5,78,2904481,37236.9358974359,64
bytes_tokio,varied_sizes_tcp,data_only,5,81,2859150,35298.148148148146,64
bytes_tokio,varied_sizes_tcp,step1,5,90,2974461,33049.566666666666,64
bytes_tokio,varied_sizes_tcp,cold_copy,5,80,2826694,35333.675,64
bytes_tokio,varied_sizes_tcp,step2,5,82,2912267,35515.45121951219,64
bytes_tokio,varied_sizes_tcp,step1,6,90,2948117,32756.855555555554,64
bytes_tokio,varied_sizes_tcp,baseline,6,78,2940577,37699.705128205125,64
bytes_tokio,varied_sizes_tcp,step2,6,82,2900421,35370.98780487805,64
bytes_tokio,varied_sizes_tcp,data_only,6,81,2848216,35163.16049382716,64
bytes_tokio,varied_sizes_tcp,cold_copy,6,80,2830594,35382.425,64
bytes_tokio,varied_sizes_tcp,cold_copy,7,80,2817878,35223.475,64
bytes_tokio,varied_sizes_tcp,baseline,7,78,2951801,37843.60256410256,64
bytes_tokio,varied_sizes_tcp,step1,7,90,2950872,32787.46666666667,64
bytes_tokio,varied_sizes_tcp,data_only,7,81,2850226,35187.97530864197,64
bytes_tokio,varied_sizes_tcp,step2,7,82,2900509,35372.060975609755,64
bytes_tokio,varied_sizes_tcp,step2,8,82,2880836,35132.14634146341,64
bytes_tokio,varied_sizes_tcp,data_only,8,81,2840587,35068.97530864197,64
bytes_tokio,varied_sizes_tcp,baseline,8,78,2915078,37372.794871794875,64
bytes_tokio,varied_sizes_tcp,cold_copy,8,80,2825126,35314.075,64
bytes_tokio,varied_sizes_tcp,step1,8,90,2954244,32824.933333333334,64
bytes_tokio,varied_sizes_tcp,step2,9,82,2894517,35298.98780487805,64
bytes_tokio,varied_sizes_tcp,baseline,9,78,2917966,37409.820512820515,64
bytes_tokio,varied_sizes_tcp,data_only,9,81,2835764,35009.432098765436,64
bytes_tokio,varied_sizes_tcp,cold_copy,9,80,2822536,35281.7,64
bytes_tokio,varied_sizes_tcp,step1,9,90,2951636,32795.955555555556,64
bytes_tokio,varied_sizes_tcp,step1,10,90,2942260,32691.777777777777,64
bytes_tokio,varied_sizes_tcp,data_only,10,81,2843357,35103.17283950617,64
bytes_tokio,varied_sizes_tcp,baseline,10,78,2917472,37403.48717948718,64
bytes_tokio,varied_sizes_tcp,step2,10,82,2882058,35147.04878048781,64
bytes_tokio,varied_sizes_tcp,cold_copy,10,80,2828054,35350.675,64
bytes_tokio,varied_sizes_tcp,step2,11,82,2887397,35212.15853658537,64
bytes_tokio,varied_sizes_tcp,baseline,11,78,2930678,37572.794871794875,64
bytes_tokio,varied_sizes_tcp,step1,11,90,2959477,32883.07777777778,64
bytes_tokio,varied_sizes_tcp,data_only,11,81,2846886,35146.74074074074,64
bytes_tokio,varied_sizes_tcp,cold_copy,11,80,2834342,35429.275,64
bytes_tokio,varied_sizes_tcp,step1,12,90,2996889,33298.76666666667,64
bytes_tokio,varied_sizes_tcp,cold_copy,12,80,2830899,35386.2375,64
bytes_tokio,varied_sizes_tcp,step2,12,82,2907240,35454.14634146341,64
bytes_tokio,varied_sizes_tcp,baseline,12,78,3220129,41283.705128205125,64
bytes_tokio,varied_sizes_tcp,data_only,12,81,3447974,42567.58024691358,64
bytes_tokio,varied_sizes_tcp,step1,13,90,2960949,32899.433333333334,64
bytes_tokio,varied_sizes_tcp,cold_copy,13,80,2818404,35230.05,64
bytes_tokio,varied_sizes_tcp,data_only,13,81,2836973,35024.358024691355,64
bytes_tokio,varied_sizes_tcp,baseline,13,78,2920597,37443.55128205128,64
bytes_tokio,varied_sizes_tcp,step2,13,82,2890617,35251.42682926829,64
bytes_tokio,varied_sizes_tcp,step1,14,90,2951033,32789.25555555556,64
bytes_tokio,varied_sizes_tcp,baseline,14,78,2903044,37218.51282051282,64
bytes_tokio,varied_sizes_tcp,cold_copy,14,80,2823190,35289.875,64
bytes_tokio,varied_sizes_tcp,data_only,14,81,2852820,35220,64
bytes_tokio,varied_sizes_tcp,step2,14,82,2890405,35248.84146341463,64
bytes_tokio,varied_sizes_tcp,step1,15,90,2939049,32656.1,64
bytes_tokio,varied_sizes_tcp,step2,15,82,2896621,35324.64634146341,64
bytes_tokio,varied_sizes_tcp,baseline,15,78,2919615,37430.96153846154,64
bytes_tokio,varied_sizes_tcp,cold_copy,15,80,2815578,35194.725,64
bytes_tokio,varied_sizes_tcp,data_only,15,81,2840690,35070.246913580246,64
bytes_tokio,varied_sizes_tcp,baseline,16,78,2896950,37140.38461538462,64
bytes_tokio,varied_sizes_tcp,step1,16,90,2939405,32660.055555555555,64
bytes_tokio,varied_sizes_tcp,cold_copy,16,80,2820686,35258.575,64
bytes_tokio,varied_sizes_tcp,data_only,16,81,2838893,35048.06172839506,64
bytes_tokio,varied_sizes_tcp,step2,16,82,2878546,35104.21951219512,64
bytes_tokio,varied_sizes_tcp,step1,17,90,2951619,32795.76666666667,64
bytes_tokio,varied_sizes_tcp,baseline,17,78,2911801,37330.782051282054,64
bytes_tokio,varied_sizes_tcp,step2,17,82,2875824,35071.0243902439,64
bytes_tokio,varied_sizes_tcp,cold_copy,17,80,2856565,35707.0625,64
bytes_tokio,varied_sizes_tcp,data_only,17,81,2845861,35134.08641975309,64
bytes_tokio,varied_sizes_tcp,step1,18,90,2953317,32814.63333333333,64
bytes_tokio,varied_sizes_tcp,baseline,18,78,2912432,37338.8717948718,64
bytes_tokio,varied_sizes_tcp,cold_copy,18,80,2827306,35341.325,64
bytes_tokio,varied_sizes_tcp,step2,18,82,2916855,35571.40243902439,64
bytes_tokio,varied_sizes_tcp,data_only,18,81,2850433,35190.53086419753,64
bytes_tokio,varied_sizes_tcp,step2,19,82,2895457,35310.45121951219,64
bytes_tokio,varied_sizes_tcp,step1,19,90,2962182,32913.13333333333,64
bytes_tokio,varied_sizes_tcp,baseline,19,78,2920666,37444.4358974359,64
bytes_tokio,varied_sizes_tcp,data_only,19,81,2951036,36432.543209876545,64
bytes_tokio,varied_sizes_tcp,cold_copy,19,80,2830959,35386.9875,64
bytes_tokio,varied_sizes_tcp,cold_copy,20,80,2820894,35261.175,64
bytes_tokio,varied_sizes_tcp,step1,20,90,2959524,32883.6,64
bytes_tokio,varied_sizes_tcp,step2,20,82,2929653,35727.4756097561,64
bytes_tokio,varied_sizes_tcp,data_only,20,81,2859328,35300.345679012345,64
bytes_tokio,varied_sizes_tcp,baseline,20,78,2916891,37396.03846153846,64
bytes_tokio,varied_sizes_tcp,step1,21,90,2948766,32764.066666666666,64
bytes_tokio,varied_sizes_tcp,baseline,21,78,2924593,37494.782051282054,64
bytes_tokio,varied_sizes_tcp,step2,21,82,2883267,35161.79268292683,64
bytes_tokio,varied_sizes_tcp,data_only,21,81,2857481,35277.543209876545,64
bytes_tokio,varied_sizes_tcp,cold_copy,21,80,2823186,35289.825,64
bytes_tokio,varied_sizes_tcp,data_only,22,81,2838555,35043.88888888889,64
bytes_tokio,varied_sizes_tcp,step2,22,82,2896559,35323.89024390244,64
bytes_tokio,varied_sizes_tcp,step1,22,90,2941681,32685.344444444443,64
bytes_tokio,varied_sizes_tcp,cold_copy,22,80,2809801,35122.5125,64
bytes_tokio,varied_sizes_tcp,baseline,22,78,2908651,37290.39743589744,64
bytes_tokio,varied_sizes_tcp,step1,23,90,2948901,32765.566666666666,64
bytes_tokio,varied_sizes_tcp,data_only,23,81,2836169,35014.432098765436,64
bytes_tokio,varied_sizes_tcp,cold_copy,23,80,2830979,35387.2375,64
bytes_tokio,varied_sizes_tcp,baseline,23,78,2943797,37740.98717948718,64
bytes_tokio,varied_sizes_tcp,step2,23,82,2901182,35380.26829268293,64
bytes_tokio,varied_sizes_tcp,data_only,24,81,2872188,35459.11111111111,64
bytes_tokio,varied_sizes_tcp,step1,24,90,2959140,32879.333333333336,64
bytes_tokio,varied_sizes_tcp,step2,24,82,2892044,35268.829268292684,64
bytes_tokio,varied_sizes_tcp,baseline,24,78,2909531,37301.679487179485,64
bytes_tokio,varied_sizes_tcp,cold_copy,24,80,2853664,35670.8,64
bytes_tokio,varied_sizes_tcp,step2,25,82,2906889,35449.865853658535,64
bytes_tokio,varied_sizes_tcp,baseline,25,78,2919720,37432.307692307695,64
bytes_tokio,varied_sizes_tcp,step1,25,90,2942751,32697.233333333334,64
bytes_tokio,varied_sizes_tcp,cold_copy,25,80,2819900,35248.75,64
bytes_tokio,varied_sizes_tcp,data_only,25,81,2838886,35047.97530864197,64
bytes_tokio,varied_sizes_tcp,step1,26,90,2949534,32772.6,64
bytes_tokio,varied_sizes_tcp,baseline,26,78,2926946,37524.94871794872,64
bytes_tokio,varied_sizes_tcp,step2,26,82,2901499,35384.134146341465,64
bytes_tokio,varied_sizes_tcp,cold_copy,26,80,2845920,35574,64
bytes_tokio,varied_sizes_tcp,data_only,26,81,2868824,35417.58024691358,64
bytes_tokio,varied_sizes_tcp,baseline,27,78,2939132,37681.179487179485,64
bytes_tokio,varied_sizes_tcp,cold_copy,27,80,2902927,36286.5875,64
bytes_tokio,varied_sizes_tcp,step1,27,90,3004936,33388.177777777775,64
bytes_tokio,varied_sizes_tcp,step2,27,82,2905021,35427.08536585366,64
bytes_tokio,varied_sizes_tcp,data_only,27,81,2884863,35615.59259259259,64
bytes_tokio,varied_sizes_tcp,data_only,28,81,2841343,35078.30864197531,64
bytes_tokio,varied_sizes_tcp,cold_copy,28,80,3257399,40717.4875,64
bytes_tokio,varied_sizes_tcp,step1,28,90,3271773,36353.03333333333,64
bytes_tokio,varied_sizes_tcp,step2,28,82,2910549,35494.5,64
bytes_tokio,varied_sizes_tcp,baseline,28,78,2905575,37250.96153846154,64
bytes_tokio,varied_sizes_tcp,baseline,29,78,2901546,37199.307692307695,64
bytes_tokio,varied_sizes_tcp,step2,29,82,2905481,35432.69512195122,64
bytes_tokio,varied_sizes_tcp,cold_copy,29,80,2829821,35372.7625,64
bytes_tokio,varied_sizes_tcp,step1,29,90,2966238,32958.2,64
bytes_tokio,varied_sizes_tcp,data_only,29,81,2847721,35157.049382716046,64
bytes_tokio,varied_sizes_tcp,data_only,30,81,2832858,34973.555555555555,64
bytes_tokio,varied_sizes_tcp,step1,30,90,2930438,32560.422222222223,64
bytes_tokio,varied_sizes_tcp,cold_copy,30,80,2818715,35233.9375,64
bytes_tokio,varied_sizes_tcp,step2,30,82,2886176,35197.26829268293,64
bytes_tokio,varied_sizes_tcp,baseline,30,78,2910577,37315.08974358974,64
