mode,scenario,variant,round,iterations,total_ns,ns_per_iteration,events
bytes_tokio,small_data_whole_stream_chunk,step2,0,1,3777629,3777629,100000
bytes_tokio,small_data_whole_stream_chunk,step1,0,1,3675994,3675994,100000
bytes_tokio,small_data_whole_stream_chunk,baseline,0,1,3663768,3663768,100000
bytes_tokio,small_data_whole_stream_chunk,original,0,1,3758768,3758768,100000
bytes_tokio,small_data_whole_stream_chunk,core,0,1,3038151,3038151,100000
bytes_tokio,small_data_whole_stream_chunk,step1,1,1,3681276,3681276,100000
bytes_tokio,small_data_whole_stream_chunk,baseline,1,1,3680522,3680522,100000
bytes_tokio,small_data_whole_stream_chunk,step2,1,1,3797785,3797785,100000
bytes_tokio,small_data_whole_stream_chunk,core,1,1,3070966,3070966,100000
bytes_tokio,small_data_whole_stream_chunk,original,1,1,3687562,3687562,100000
bytes_tokio,small_data_whole_stream_chunk,core,2,1,3051212,3051212,100000
bytes_tokio,small_data_whole_stream_chunk,step2,2,1,3780935,3780935,100000
bytes_tokio,small_data_whole_stream_chunk,baseline,2,1,3739615,3739615,100000
bytes_tokio,small_data_whole_stream_chunk,original,2,1,3677464,3677464,100000
bytes_tokio,small_data_whole_stream_chunk,step1,2,1,3718667,3718667,100000
bytes_tokio,small_data_whole_stream_chunk,original,3,1,3783557,3783557,100000
bytes_tokio,small_data_whole_stream_chunk,step1,3,1,3671339,3671339,100000
bytes_tokio,small_data_whole_stream_chunk,core,3,1,3161314,3161314,100000
bytes_tokio,small_data_whole_stream_chunk,step2,3,1,3794995,3794995,100000
bytes_tokio,small_data_whole_stream_chunk,baseline,3,1,3653832,3653832,100000
bytes_tokio,small_data_whole_stream_chunk,baseline,4,1,3649135,3649135,100000
bytes_tokio,small_data_whole_stream_chunk,step2,4,1,3830262,3830262,100000
bytes_tokio,small_data_whole_stream_chunk,original,4,1,3718820,3718820,100000
bytes_tokio,small_data_whole_stream_chunk,core,4,1,3180663,3180663,100000
bytes_tokio,small_data_whole_stream_chunk,step1,4,1,3713487,3713487,100000
bytes_tokio,small_data_whole_stream_chunk,original,5,1,4104584,4104584,100000
bytes_tokio,small_data_whole_stream_chunk,step2,5,1,4494175,4494175,100000
bytes_tokio,small_data_whole_stream_chunk,baseline,5,1,4387863,4387863,100000
bytes_tokio,small_data_whole_stream_chunk,core,5,1,4072772,4072772,100000
bytes_tokio,small_data_whole_stream_chunk,step1,5,1,4228301,4228301,100000
bytes_tokio,small_data_whole_stream_chunk,baseline,6,1,4397945,4397945,100000
bytes_tokio,small_data_whole_stream_chunk,original,6,1,4642371,4642371,100000
bytes_tokio,small_data_whole_stream_chunk,step1,6,1,4334377,4334377,100000
bytes_tokio,small_data_whole_stream_chunk,step2,6,1,4424917,4424917,100000
bytes_tokio,small_data_whole_stream_chunk,core,6,1,3734041,3734041,100000
bytes_tokio,small_data_whole_stream_chunk,core,7,1,4261568,4261568,100000
bytes_tokio,small_data_whole_stream_chunk,original,7,1,4525486,4525486,100000
bytes_tokio,small_data_whole_stream_chunk,baseline,7,1,4440920,4440920,100000
bytes_tokio,small_data_whole_stream_chunk,step2,7,1,4490020,4490020,100000
bytes_tokio,small_data_whole_stream_chunk,step1,7,1,4606594,4606594,100000
bytes_tokio,small_data_whole_stream_chunk,step1,8,1,4286215,4286215,100000
bytes_tokio,small_data_whole_stream_chunk,step2,8,1,4463650,4463650,100000
bytes_tokio,small_data_whole_stream_chunk,original,8,1,4101041,4101041,100000
bytes_tokio,small_data_whole_stream_chunk,core,8,1,3955320,3955320,100000
bytes_tokio,small_data_whole_stream_chunk,baseline,8,1,4273190,4273190,100000
bytes_tokio,small_data_whole_stream_chunk,step1,9,1,4563948,4563948,100000
bytes_tokio,small_data_whole_stream_chunk,original,9,1,4282614,4282614,100000
bytes_tokio,small_data_whole_stream_chunk,step2,9,1,4276077,4276077,100000
bytes_tokio,small_data_whole_stream_chunk,core,9,1,3405738,3405738,100000
bytes_tokio,small_data_whole_stream_chunk,baseline,9,1,3842906,3842906,100000
bytes_tokio,small_data_whole_stream_chunk,baseline,10,1,3878249,3878249,100000
bytes_tokio,small_data_whole_stream_chunk,step2,10,1,3823869,3823869,100000
bytes_tokio,small_data_whole_stream_chunk,original,10,1,3860945,3860945,100000
bytes_tokio,small_data_whole_stream_chunk,step1,10,1,3952316,3952316,100000
bytes_tokio,small_data_whole_stream_chunk,core,10,1,3156759,3156759,100000
bytes_tokio,small_data_whole_stream_chunk,step1,11,1,3836204,3836204,100000
bytes_tokio,small_data_whole_stream_chunk,original,11,1,3867834,3867834,100000
bytes_tokio,small_data_whole_stream_chunk,baseline,11,1,3870556,3870556,100000
bytes_tokio,small_data_whole_stream_chunk,step2,11,1,4048549,4048549,100000
bytes_tokio,small_data_whole_stream_chunk,core,11,1,3314391,3314391,100000
bytes_tokio,small_data_whole_stream_chunk,baseline,12,1,3694018,3694018,100000
bytes_tokio,small_data_whole_stream_chunk,core,12,1,2984257,2984257,100000
bytes_tokio,small_data_whole_stream_chunk,step1,12,1,3685376,3685376,100000
bytes_tokio,small_data_whole_stream_chunk,original,12,1,3869397,3869397,100000
bytes_tokio,small_data_whole_stream_chunk,step2,12,1,3775601,3775601,100000
bytes_tokio,small_data_whole_stream_chunk,baseline,13,1,3681413,3681413,100000
bytes_tokio,small_data_whole_stream_chunk,core,13,1,3096821,3096821,100000
bytes_tokio,small_data_whole_stream_chunk,step2,13,1,3786779,3786779,100000
bytes_tokio,small_data_whole_stream_chunk,original,13,1,3676758,3676758,100000
bytes_tokio,small_data_whole_stream_chunk,step1,13,1,3703658,3703658,100000
bytes_tokio,small_data_whole_stream_chunk,baseline,14,1,3690299,3690299,100000
bytes_tokio,small_data_whole_stream_chunk,original,14,1,3723185,3723185,100000
bytes_tokio,small_data_whole_stream_chunk,core,14,1,3052296,3052296,100000
bytes_tokio,small_data_whole_stream_chunk,step2,14,1,3764125,3764125,100000
bytes_tokio,small_data_whole_stream_chunk,step1,14,1,3711212,3711212,100000
bytes_tokio,small_data_whole_stream_chunk,baseline,15,1,3733427,3733427,100000
bytes_tokio,small_data_whole_stream_chunk,step1,15,1,3685988,3685988,100000
bytes_tokio,small_data_whole_stream_chunk,original,15,1,3721724,3721724,100000
bytes_tokio,small_data_whole_stream_chunk,core,15,1,3077533,3077533,100000
bytes_tokio,small_data_whole_stream_chunk,step2,15,1,4004850,4004850,100000
bytes_tokio,small_data_whole_stream_chunk,original,16,1,3736896,3736896,100000
bytes_tokio,small_data_whole_stream_chunk,baseline,16,1,3965782,3965782,100000
bytes_tokio,small_data_whole_stream_chunk,core,16,1,3045981,3045981,100000
bytes_tokio,small_data_whole_stream_chunk,step2,16,1,3894605,3894605,100000
bytes_tokio,small_data_whole_stream_chunk,step1,16,1,3714552,3714552,100000
bytes_tokio,small_data_whole_stream_chunk,baseline,17,1,3711254,3711254,100000
bytes_tokio,small_data_whole_stream_chunk,original,17,1,3753002,3753002,100000
bytes_tokio,small_data_whole_stream_chunk,step1,17,1,3677823,3677823,100000
bytes_tokio,small_data_whole_stream_chunk,core,17,1,3019375,3019375,100000
bytes_tokio,small_data_whole_stream_chunk,step2,17,1,3762446,3762446,100000
bytes_tokio,small_data_whole_stream_chunk,baseline,18,1,3702786,3702786,100000
bytes_tokio,small_data_whole_stream_chunk,original,18,1,3670364,3670364,100000
bytes_tokio,small_data_whole_stream_chunk,core,18,1,3016844,3016844,100000
bytes_tokio,small_data_whole_stream_chunk,step1,18,1,3674781,3674781,100000
bytes_tokio,small_data_whole_stream_chunk,step2,18,1,3821279,3821279,100000
bytes_tokio,small_data_whole_stream_chunk,step1,19,1,3733971,3733971,100000
bytes_tokio,small_data_whole_stream_chunk,baseline,19,1,3666604,3666604,100000
bytes_tokio,small_data_whole_stream_chunk,original,19,1,3698549,3698549,100000
bytes_tokio,small_data_whole_stream_chunk,step2,19,1,3824681,3824681,100000
bytes_tokio,small_data_whole_stream_chunk,core,19,1,3060014,3060014,100000
bytes_tokio,small_data_whole_stream_chunk,core,20,1,3009402,3009402,100000
bytes_tokio,small_data_whole_stream_chunk,baseline,20,1,3676658,3676658,100000
bytes_tokio,small_data_whole_stream_chunk,step1,20,1,3696837,3696837,100000
bytes_tokio,small_data_whole_stream_chunk,step2,20,1,3802377,3802377,100000
bytes_tokio,small_data_whole_stream_chunk,original,20,1,3717816,3717816,100000
bytes_tokio,small_data_whole_stream_chunk,baseline,21,1,3678614,3678614,100000
bytes_tokio,small_data_whole_stream_chunk,original,21,1,3708979,3708979,100000
bytes_tokio,small_data_whole_stream_chunk,step1,21,1,3699245,3699245,100000
bytes_tokio,small_data_whole_stream_chunk,step2,21,1,3807427,3807427,100000
bytes_tokio,small_data_whole_stream_chunk,core,21,1,3017152,3017152,100000
bytes_tokio,small_data_whole_stream_chunk,step2,22,1,3818148,3818148,100000
bytes_tokio,small_data_whole_stream_chunk,step1,22,1,3678454,3678454,100000
bytes_tokio,small_data_whole_stream_chunk,baseline,22,1,3717953,3717953,100000
bytes_tokio,small_data_whole_stream_chunk,core,22,1,3037985,3037985,100000
bytes_tokio,small_data_whole_stream_chunk,original,22,1,3682640,3682640,100000
bytes_tokio,small_data_whole_stream_chunk,baseline,23,1,3679326,3679326,100000
bytes_tokio,small_data_whole_stream_chunk,step2,23,1,3764748,3764748,100000
bytes_tokio,small_data_whole_stream_chunk,core,23,1,2990318,2990318,100000
bytes_tokio,small_data_whole_stream_chunk,original,23,1,3690494,3690494,100000
bytes_tokio,small_data_whole_stream_chunk,step1,23,1,3671157,3671157,100000
bytes_tokio,small_data_whole_stream_chunk,step2,24,1,3810266,3810266,100000
bytes_tokio,small_data_whole_stream_chunk,baseline,24,1,3710946,3710946,100000
bytes_tokio,small_data_whole_stream_chunk,step1,24,1,3687785,3687785,100000
bytes_tokio,small_data_whole_stream_chunk,original,24,1,3702238,3702238,100000
bytes_tokio,small_data_whole_stream_chunk,core,24,1,3003132,3003132,100000
bytes_tokio,small_data_whole_stream_chunk,step1,25,1,3665376,3665376,100000
bytes_tokio,small_data_whole_stream_chunk,original,25,1,3686013,3686013,100000
bytes_tokio,small_data_whole_stream_chunk,baseline,25,1,3689275,3689275,100000
bytes_tokio,small_data_whole_stream_chunk,core,25,1,3090094,3090094,100000
bytes_tokio,small_data_whole_stream_chunk,step2,25,1,3782427,3782427,100000
bytes_tokio,small_data_whole_stream_chunk,baseline,26,1,3662501,3662501,100000
bytes_tokio,small_data_whole_stream_chunk,original,26,1,3702759,3702759,100000
bytes_tokio,small_data_whole_stream_chunk,step1,26,1,3735155,3735155,100000
bytes_tokio,small_data_whole_stream_chunk,core,26,1,3003306,3003306,100000
bytes_tokio,small_data_whole_stream_chunk,step2,26,1,3762034,3762034,100000
bytes_tokio,small_data_whole_stream_chunk,original,27,1,3732176,3732176,100000
bytes_tokio,small_data_whole_stream_chunk,core,27,1,3006038,3006038,100000
bytes_tokio,small_data_whole_stream_chunk,baseline,27,1,3684657,3684657,100000
bytes_tokio,small_data_whole_stream_chunk,step1,27,1,3730820,3730820,100000
bytes_tokio,small_data_whole_stream_chunk,step2,27,1,5335291,5335291,100000
bytes_tokio,small_data_whole_stream_chunk,step2,28,1,5366210,5366210,100000
bytes_tokio,small_data_whole_stream_chunk,core,28,1,4312252,4312252,100000
bytes_tokio,small_data_whole_stream_chunk,baseline,28,1,5213133,5213133,100000
bytes_tokio,small_data_whole_stream_chunk,step1,28,1,3795645,3795645,100000
bytes_tokio,small_data_whole_stream_chunk,original,28,1,3683518,3683518,100000
bytes_tokio,small_data_whole_stream_chunk,original,29,1,3693775,3693775,100000
bytes_tokio,small_data_whole_stream_chunk,step1,29,1,3690181,3690181,100000
bytes_tokio,small_data_whole_stream_chunk,core,29,1,2987471,2987471,100000
bytes_tokio,small_data_whole_stream_chunk,baseline,29,1,3665684,3665684,100000
bytes_tokio,small_data_whole_stream_chunk,step2,29,1,3805248,3805248,100000
bytes_tokio,small_data_whole_stream_chunk,step2,30,1,3815128,3815128,100000
bytes_tokio,small_data_whole_stream_chunk,baseline,30,1,3656897,3656897,100000
bytes_tokio,small_data_whole_stream_chunk,core,30,1,3053222,3053222,100000
bytes_tokio,small_data_whole_stream_chunk,step1,30,1,3678095,3678095,100000
bytes_tokio,small_data_whole_stream_chunk,original,30,1,3711370,3711370,100000
bytes_tokio,small_data_tcp_chunks,step2,0,1,3801967,3801967,100000
bytes_tokio,small_data_tcp_chunks,step1,0,1,3711808,3711808,100000
bytes_tokio,small_data_tcp_chunks,baseline,0,1,3732491,3732491,100000
bytes_tokio,small_data_tcp_chunks,original,0,1,3727964,3727964,100000
bytes_tokio,small_data_tcp_chunks,core,0,1,3104397,3104397,100000
bytes_tokio,small_data_tcp_chunks,step1,1,1,3721319,3721319,100000
bytes_tokio,small_data_tcp_chunks,baseline,1,1,3709222,3709222,100000
bytes_tokio,small_data_tcp_chunks,step2,1,1,3790064,3790064,100000
bytes_tokio,small_data_tcp_chunks,core,1,1,3158524,3158524,100000
bytes_tokio,small_data_tcp_chunks,original,1,1,3724009,3724009,100000
bytes_tokio,small_data_tcp_chunks,core,2,1,3161859,3161859,100000
bytes_tokio,small_data_tcp_chunks,step2,2,1,3832648,3832648,100000
bytes_tokio,small_data_tcp_chunks,baseline,2,1,3714655,3714655,100000
bytes_tokio,small_data_tcp_chunks,original,2,1,3720484,3720484,100000
bytes_tokio,small_data_tcp_chunks,step1,2,1,3713338,3713338,100000
bytes_tokio,small_data_tcp_chunks,original,3,1,3712322,3712322,100000
bytes_tokio,small_data_tcp_chunks,step1,3,1,3721377,3721377,100000
bytes_tokio,small_data_tcp_chunks,core,3,1,3138755,3138755,100000
bytes_tokio,small_data_tcp_chunks,step2,3,1,3809682,3809682,100000
bytes_tokio,small_data_tcp_chunks,baseline,3,1,3716526,3716526,100000
bytes_tokio,small_data_tcp_chunks,baseline,4,1,3721487,3721487,100000
bytes_tokio,small_data_tcp_chunks,step2,4,1,3822231,3822231,100000
bytes_tokio,small_data_tcp_chunks,original,4,1,3721265,3721265,100000
bytes_tokio,small_data_tcp_chunks,core,4,1,3083009,3083009,100000
bytes_tokio,small_data_tcp_chunks,step1,4,1,3778028,3778028,100000
bytes_tokio,small_data_tcp_chunks,original,5,1,3745613,3745613,100000
bytes_tokio,small_data_tcp_chunks,step2,5,1,3809375,3809375,100000
bytes_tokio,small_data_tcp_chunks,baseline,5,1,3724661,3724661,100000
bytes_tokio,small_data_tcp_chunks,core,5,1,3145414,3145414,100000
bytes_tokio,small_data_tcp_chunks,step1,5,1,3733783,3733783,100000
bytes_tokio,small_data_tcp_chunks,baseline,6,1,3715261,3715261,100000
bytes_tokio,small_data_tcp_chunks,original,6,1,3720204,3720204,100000
bytes_tokio,small_data_tcp_chunks,step1,6,1,3715693,3715693,100000
bytes_tokio,small_data_tcp_chunks,step2,6,1,3827831,3827831,100000
bytes_tokio,small_data_tcp_chunks,core,6,1,3057323,3057323,100000
bytes_tokio,small_data_tcp_chunks,core,7,1,3096599,3096599,100000
bytes_tokio,small_data_tcp_chunks,original,7,1,3719795,3719795,100000
bytes_tokio,small_data_tcp_chunks,baseline,7,1,3702521,3702521,100000
bytes_tokio,small_data_tcp_chunks,step2,7,1,3805777,3805777,100000
bytes_tokio,small_data_tcp_chunks,step1,7,1,3724611,3724611,100000
bytes_tokio,small_data_tcp_chunks,step1,8,1,3729062,3729062,100000
bytes_tokio,small_data_tcp_chunks,step2,8,1,3801826,3801826,100000
bytes_tokio,small_data_tcp_chunks,original,8,1,3715921,3715921,100000
bytes_tokio,small_data_tcp_chunks,core,8,1,3139748,3139748,100000
bytes_tokio,small_data_tcp_chunks,baseline,8,1,3721080,3721080,100000
bytes_tokio,small_data_tcp_chunks,step1,9,1,3702627,3702627,100000
bytes_tokio,small_data_tcp_chunks,original,9,1,3714708,3714708,100000
bytes_tokio,small_data_tcp_chunks,step2,9,1,3813101,3813101,100000
bytes_tokio,small_data_tcp_chunks,core,9,1,3106690,3106690,100000
bytes_tokio,small_data_tcp_chunks,baseline,9,1,3706368,3706368,100000
bytes_tokio,small_data_tcp_chunks,baseline,10,1,3708099,3708099,100000
bytes_tokio,small_data_tcp_chunks,step2,10,1,3811946,3811946,100000
bytes_tokio,small_data_tcp_chunks,original,10,1,3735815,3735815,100000
bytes_tokio,small_data_tcp_chunks,step1,10,1,3719663,3719663,100000
bytes_tokio,small_data_tcp_chunks,core,10,1,3127347,3127347,100000
bytes_tokio,small_data_tcp_chunks,step1,11,1,3710090,3710090,100000
bytes_tokio,small_data_tcp_chunks,original,11,1,3724932,3724932,100000
bytes_tokio,small_data_tcp_chunks,baseline,11,1,3713456,3713456,100000
bytes_tokio,small_data_tcp_chunks,step2,11,1,3817380,3817380,100000
bytes_tokio,small_data_tcp_chunks,core,11,1,3081159,3081159,100000
bytes_tokio,small_data_tcp_chunks,baseline,12,1,3728587,3728587,100000
bytes_tokio,small_data_tcp_chunks,core,12,1,3158277,3158277,100000
bytes_tokio,small_data_tcp_chunks,step1,12,1,3720623,3720623,100000
bytes_tokio,small_data_tcp_chunks,original,12,1,3744981,3744981,100000
bytes_tokio,small_data_tcp_chunks,step2,12,1,3817654,3817654,100000
bytes_tokio,small_data_tcp_chunks,baseline,13,1,3717870,3717870,100000
bytes_tokio,small_data_tcp_chunks,core,13,1,3112096,3112096,100000
bytes_tokio,small_data_tcp_chunks,step2,13,1,3819413,3819413,100000
bytes_tokio,small_data_tcp_chunks,original,13,1,3726265,3726265,100000
bytes_tokio,small_data_tcp_chunks,step1,13,1,3747347,3747347,100000
bytes_tokio,small_data_tcp_chunks,baseline,14,1,3726200,3726200,100000
bytes_tokio,small_data_tcp_chunks,original,14,1,3736327,3736327,100000
bytes_tokio,small_data_tcp_chunks,core,14,1,3129256,3129256,100000
bytes_tokio,small_data_tcp_chunks,step2,14,1,3819850,3819850,100000
bytes_tokio,small_data_tcp_chunks,step1,14,1,3719691,3719691,100000
bytes_tokio,small_data_tcp_chunks,baseline,15,1,3722987,3722987,100000
bytes_tokio,small_data_tcp_chunks,step1,15,1,3709663,3709663,100000
bytes_tokio,small_data_tcp_chunks,original,15,1,3759833,3759833,100000
bytes_tokio,small_data_tcp_chunks,core,15,1,3069618,3069618,100000
bytes_tokio,small_data_tcp_chunks,step2,15,1,3805104,3805104,100000
bytes_tokio,small_data_tcp_chunks,original,16,1,3731049,3731049,100000
bytes_tokio,small_data_tcp_chunks,baseline,16,1,3713376,3713376,100000
bytes_tokio,small_data_tcp_chunks,core,16,1,3103601,3103601,100000
bytes_tokio,small_data_tcp_chunks,step2,16,1,3817268,3817268,100000
bytes_tokio,small_data_tcp_chunks,step1,16,1,3719868,3719868,100000
bytes_tokio,small_data_tcp_chunks,baseline,17,1,3748921,3748921,100000
bytes_tokio,small_data_tcp_chunks,original,17,1,3716527,3716527,100000
bytes_tokio,small_data_tcp_chunks,step1,17,1,3710157,3710157,100000
bytes_tokio,small_data_tcp_chunks,core,17,1,3096045,3096045,100000
bytes_tokio,small_data_tcp_chunks,step2,17,1,3827784,3827784,100000
bytes_tokio,small_data_tcp_chunks,baseline,18,1,3692757,3692757,100000
bytes_tokio,small_data_tcp_chunks,original,18,1,3711607,3711607,100000
bytes_tokio,small_data_tcp_chunks,core,18,1,3096449,3096449,100000
bytes_tokio,small_data_tcp_chunks,step1,18,1,3725447,3725447,100000
bytes_tokio,small_data_tcp_chunks,step2,18,1,3840597,3840597,100000
bytes_tokio,small_data_tcp_chunks,step1,19,1,3721464,3721464,100000
bytes_tokio,small_data_tcp_chunks,baseline,19,1,3752647,3752647,100000
bytes_tokio,small_data_tcp_chunks,original,19,1,3731748,3731748,100000
bytes_tokio,small_data_tcp_chunks,step2,19,1,3850565,3850565,100000
bytes_tokio,small_data_tcp_chunks,core,19,1,3080896,3080896,100000
bytes_tokio,small_data_tcp_chunks,core,20,1,3122181,3122181,100000
bytes_tokio,small_data_tcp_chunks,baseline,20,1,3717077,3717077,100000
bytes_tokio,small_data_tcp_chunks,step1,20,1,3706233,3706233,100000
bytes_tokio,small_data_tcp_chunks,step2,20,1,3817888,3817888,100000
bytes_tokio,small_data_tcp_chunks,original,20,1,3730985,3730985,100000
bytes_tokio,small_data_tcp_chunks,baseline,21,1,3776239,3776239,100000
bytes_tokio,small_data_tcp_chunks,original,21,1,3720200,3720200,100000
bytes_tokio,small_data_tcp_chunks,step1,21,1,3707981,3707981,100000
bytes_tokio,small_data_tcp_chunks,step2,21,1,3850736,3850736,100000
bytes_tokio,small_data_tcp_chunks,core,21,1,3065058,3065058,100000
bytes_tokio,small_data_tcp_chunks,step2,22,1,3817842,3817842,100000
bytes_tokio,small_data_tcp_chunks,step1,22,1,3713768,3713768,100000
bytes_tokio,small_data_tcp_chunks,baseline,22,1,3738351,3738351,100000
bytes_tokio,small_data_tcp_chunks,core,22,1,3099422,3099422,100000
bytes_tokio,small_data_tcp_chunks,original,22,1,3738521,3738521,100000
bytes_tokio,small_data_tcp_chunks,baseline,23,1,3743062,3743062,100000
bytes_tokio,small_data_tcp_chunks,step2,23,1,3818743,3818743,100000
bytes_tokio,small_data_tcp_chunks,core,23,1,3126879,3126879,100000
bytes_tokio,small_data_tcp_chunks,original,23,1,3729214,3729214,100000
bytes_tokio,small_data_tcp_chunks,step1,23,1,3699597,3699597,100000
bytes_tokio,small_data_tcp_chunks,step2,24,1,3801843,3801843,100000
bytes_tokio,small_data_tcp_chunks,baseline,24,1,3752520,3752520,100000
bytes_tokio,small_data_tcp_chunks,step1,24,1,3721777,3721777,100000
bytes_tokio,small_data_tcp_chunks,original,24,1,3742417,3742417,100000
bytes_tokio,small_data_tcp_chunks,core,24,1,3259603,3259603,100000
bytes_tokio,small_data_tcp_chunks,step1,25,1,4181529,4181529,100000
bytes_tokio,small_data_tcp_chunks,original,25,1,4489424,4489424,100000
bytes_tokio,small_data_tcp_chunks,baseline,25,1,4353002,4353002,100000
bytes_tokio,small_data_tcp_chunks,core,25,1,3998217,3998217,100000
bytes_tokio,small_data_tcp_chunks,step2,25,1,4762582,4762582,100000
bytes_tokio,small_data_tcp_chunks,baseline,26,1,4656546,4656546,100000
bytes_tokio,small_data_tcp_chunks,original,26,1,4409897,4409897,100000
bytes_tokio,small_data_tcp_chunks,step1,26,1,4379461,4379461,100000
bytes_tokio,small_data_tcp_chunks,core,26,1,3721416,3721416,100000
bytes_tokio,small_data_tcp_chunks,step2,26,1,4937393,4937393,100000
bytes_tokio,small_data_tcp_chunks,original,27,1,4518369,4518369,100000
bytes_tokio,small_data_tcp_chunks,core,27,1,4370234,4370234,100000
bytes_tokio,small_data_tcp_chunks,baseline,27,1,4415840,4415840,100000
bytes_tokio,small_data_tcp_chunks,step1,27,1,4383867,4383867,100000
bytes_tokio,small_data_tcp_chunks,step2,27,1,4432619,4432619,100000
bytes_tokio,small_data_tcp_chunks,step2,28,1,4563309,4563309,100000
bytes_tokio,small_data_tcp_chunks,core,28,1,3786073,3786073,100000
bytes_tokio,small_data_tcp_chunks,baseline,28,1,4662521,4662521,100000
bytes_tokio,small_data_tcp_chunks,step1,28,1,4517009,4517009,100000
bytes_tokio,small_data_tcp_chunks,original,28,1,4409553,4409553,100000
bytes_tokio,small_data_tcp_chunks,original,29,1,4213250,4213250,100000
bytes_tokio,small_data_tcp_chunks,step1,29,1,4245046,4245046,100000
bytes_tokio,small_data_tcp_chunks,core,29,1,3611115,3611115,100000
bytes_tokio,small_data_tcp_chunks,baseline,29,1,4373776,4373776,100000
bytes_tokio,small_data_tcp_chunks,step2,29,1,4018700,4018700,100000
bytes_tokio,small_data_tcp_chunks,step2,30,1,4017819,4017819,100000
bytes_tokio,small_data_tcp_chunks,baseline,30,1,3820734,3820734,100000
bytes_tokio,small_data_tcp_chunks,core,30,1,3140048,3140048,100000
bytes_tokio,small_data_tcp_chunks,step1,30,1,3810562,3810562,100000
bytes_tokio,small_data_tcp_chunks,original,30,1,4073789,4073789,100000
bytes_tokio,small_data_event_chunks,step2,0,1,4917596,4917596,100000
bytes_tokio,small_data_event_chunks,step1,0,1,4807944,4807944,100000
bytes_tokio,small_data_event_chunks,baseline,0,1,4804981,4804981,100000
bytes_tokio,small_data_event_chunks,original,0,1,5044773,5044773,100000
bytes_tokio,small_data_event_chunks,core,0,1,4679745,4679745,100000
bytes_tokio,small_data_event_chunks,step1,1,1,4864401,4864401,100000
bytes_tokio,small_data_event_chunks,baseline,1,1,4886957,4886957,100000
bytes_tokio,small_data_event_chunks,step2,1,1,5017479,5017479,100000
bytes_tokio,small_data_event_chunks,core,1,1,4247982,4247982,100000
bytes_tokio,small_data_event_chunks,original,1,1,4816010,4816010,100000
bytes_tokio,small_data_event_chunks,core,2,1,4313575,4313575,100000
bytes_tokio,small_data_event_chunks,step2,2,1,5016910,5016910,100000
bytes_tokio,small_data_event_chunks,baseline,2,1,4758997,4758997,100000
bytes_tokio,small_data_event_chunks,original,2,1,4858797,4858797,100000
bytes_tokio,small_data_event_chunks,step1,2,1,4945768,4945768,100000
bytes_tokio,small_data_event_chunks,original,3,1,4856803,4856803,100000
bytes_tokio,small_data_event_chunks,step1,3,1,4765261,4765261,100000
bytes_tokio,small_data_event_chunks,core,3,1,4299910,4299910,100000
bytes_tokio,small_data_event_chunks,step2,3,1,4902038,4902038,100000
bytes_tokio,small_data_event_chunks,baseline,3,1,4846378,4846378,100000
bytes_tokio,small_data_event_chunks,baseline,4,1,4762066,4762066,100000
bytes_tokio,small_data_event_chunks,step2,4,1,4910296,4910296,100000
bytes_tokio,small_data_event_chunks,original,4,1,4833862,4833862,100000
bytes_tokio,small_data_event_chunks,core,4,1,4332137,4332137,100000
bytes_tokio,small_data_event_chunks,step1,4,1,4779517,4779517,100000
bytes_tokio,small_data_event_chunks,original,5,1,4823610,4823610,100000
bytes_tokio,small_data_event_chunks,step2,5,1,4886644,4886644,100000
bytes_tokio,small_data_event_chunks,baseline,5,1,4802289,4802289,100000
bytes_tokio,small_data_event_chunks,core,5,1,4242438,4242438,100000
bytes_tokio,small_data_event_chunks,step1,5,1,4772367,4772367,100000
bytes_tokio,small_data_event_chunks,baseline,6,1,4812158,4812158,100000
bytes_tokio,small_data_event_chunks,original,6,1,4782976,4782976,100000
bytes_tokio,small_data_event_chunks,step1,6,1,4772801,4772801,100000
bytes_tokio,small_data_event_chunks,step2,6,1,4922423,4922423,100000
bytes_tokio,small_data_event_chunks,core,6,1,4305989,4305989,100000
bytes_tokio,small_data_event_chunks,core,7,1,4253877,4253877,100000
bytes_tokio,small_data_event_chunks,original,7,1,4796451,4796451,100000
bytes_tokio,small_data_event_chunks,baseline,7,1,4767600,4767600,100000
bytes_tokio,small_data_event_chunks,step2,7,1,4884217,4884217,100000
bytes_tokio,small_data_event_chunks,step1,7,1,4791249,4791249,100000
bytes_tokio,small_data_event_chunks,step1,8,1,4809427,4809427,100000
bytes_tokio,small_data_event_chunks,step2,8,1,4920954,4920954,100000
bytes_tokio,small_data_event_chunks,original,8,1,4810256,4810256,100000
bytes_tokio,small_data_event_chunks,core,8,1,4242636,4242636,100000
bytes_tokio,small_data_event_chunks,baseline,8,1,4768812,4768812,100000
bytes_tokio,small_data_event_chunks,step1,9,1,4769122,4769122,100000
bytes_tokio,small_data_event_chunks,original,9,1,4834993,4834993,100000
bytes_tokio,small_data_event_chunks,step2,9,1,4913958,4913958,100000
bytes_tokio,small_data_event_chunks,core,9,1,6292325,6292325,100000
bytes_tokio,small_data_event_chunks,baseline,9,1,6422241,6422241,100000
bytes_tokio,small_data_event_chunks,baseline,10,1,6583907,6583907,100000
bytes_tokio,small_data_event_chunks,step2,10,1,5203021,5203021,100000
bytes_tokio,small_data_event_chunks,original,10,1,4788309,4788309,100000
bytes_tokio,small_data_event_chunks,step1,10,1,4831285,4831285,100000
bytes_tokio,small_data_event_chunks,core,10,1,4292265,4292265,100000
bytes_tokio,small_data_event_chunks,step1,11,1,4768676,4768676,100000
bytes_tokio,small_data_event_chunks,original,11,1,4817786,4817786,100000
bytes_tokio,small_data_event_chunks,baseline,11,1,4769593,4769593,100000
bytes_tokio,small_data_event_chunks,step2,11,1,4965647,4965647,100000
bytes_tokio,small_data_event_chunks,core,11,1,4277145,4277145,100000
bytes_tokio,small_data_event_chunks,baseline,12,1,4764200,4764200,100000
bytes_tokio,small_data_event_chunks,core,12,1,4318397,4318397,100000
bytes_tokio,small_data_event_chunks,step1,12,1,4781149,4781149,100000
bytes_tokio,small_data_event_chunks,original,12,1,4783562,4783562,100000
bytes_tokio,small_data_event_chunks,step2,12,1,4879074,4879074,100000
bytes_tokio,small_data_event_chunks,baseline,13,1,4763799,4763799,100000
bytes_tokio,small_data_event_chunks,core,13,1,4263838,4263838,100000
bytes_tokio,small_data_event_chunks,step2,13,1,4876360,4876360,100000
bytes_tokio,small_data_event_chunks,original,13,1,4806784,4806784,100000
bytes_tokio,small_data_event_chunks,step1,13,1,4768913,4768913,100000
bytes_tokio,small_data_event_chunks,baseline,14,1,4795882,4795882,100000
bytes_tokio,small_data_event_chunks,original,14,1,4778979,4778979,100000
bytes_tokio,small_data_event_chunks,core,14,1,4260304,4260304,100000
bytes_tokio,small_data_event_chunks,step2,14,1,4890510,4890510,100000
bytes_tokio,small_data_event_chunks,step1,14,1,4781656,4781656,100000
bytes_tokio,small_data_event_chunks,baseline,15,1,4802802,4802802,100000
bytes_tokio,small_data_event_chunks,step1,15,1,4800351,4800351,100000
bytes_tokio,small_data_event_chunks,original,15,1,4831587,4831587,100000
bytes_tokio,small_data_event_chunks,core,15,1,4271980,4271980,100000
bytes_tokio,small_data_event_chunks,step2,15,1,4889809,4889809,100000
bytes_tokio,small_data_event_chunks,original,16,1,4798506,4798506,100000
bytes_tokio,small_data_event_chunks,baseline,16,1,4748807,4748807,100000
bytes_tokio,small_data_event_chunks,core,16,1,4261700,4261700,100000
bytes_tokio,small_data_event_chunks,step2,16,1,4882915,4882915,100000
bytes_tokio,small_data_event_chunks,step1,16,1,4809139,4809139,100000
bytes_tokio,small_data_event_chunks,baseline,17,1,4808126,4808126,100000
bytes_tokio,small_data_event_chunks,original,17,1,4772059,4772059,100000
bytes_tokio,small_data_event_chunks,step1,17,1,4779478,4779478,100000
bytes_tokio,small_data_event_chunks,core,17,1,4294021,4294021,100000
bytes_tokio,small_data_event_chunks,step2,17,1,4880951,4880951,100000
bytes_tokio,small_data_event_chunks,baseline,18,1,4826080,4826080,100000
bytes_tokio,small_data_event_chunks,original,18,1,4782766,4782766,100000
bytes_tokio,small_data_event_chunks,core,18,1,4274280,4274280,100000
bytes_tokio,small_data_event_chunks,step1,18,1,4772256,4772256,100000
bytes_tokio,small_data_event_chunks,step2,18,1,4950991,4950991,100000
bytes_tokio,small_data_event_chunks,step1,19,1,4814336,4814336,100000
bytes_tokio,small_data_event_chunks,baseline,19,1,4804025,4804025,100000
bytes_tokio,small_data_event_chunks,original,19,1,4814713,4814713,100000
bytes_tokio,small_data_event_chunks,step2,19,1,4924948,4924948,100000
bytes_tokio,small_data_event_chunks,core,19,1,4308359,4308359,100000
bytes_tokio,small_data_event_chunks,core,20,1,4254432,4254432,100000
bytes_tokio,small_data_event_chunks,baseline,20,1,4769773,4769773,100000
bytes_tokio,small_data_event_chunks,step1,20,1,4814951,4814951,100000
bytes_tokio,small_data_event_chunks,step2,20,1,4931978,4931978,100000
bytes_tokio,small_data_event_chunks,original,20,1,4858845,4858845,100000
bytes_tokio,small_data_event_chunks,baseline,21,1,4750816,4750816,100000
bytes_tokio,small_data_event_chunks,original,21,1,4804835,4804835,100000
bytes_tokio,small_data_event_chunks,step1,21,1,4786361,4786361,100000
bytes_tokio,small_data_event_chunks,step2,21,1,4886106,4886106,100000
bytes_tokio,small_data_event_chunks,core,21,1,4254708,4254708,100000
bytes_tokio,small_data_event_chunks,step2,22,1,4914400,4914400,100000
bytes_tokio,small_data_event_chunks,step1,22,1,4760336,4760336,100000
bytes_tokio,small_data_event_chunks,baseline,22,1,4812231,4812231,100000
bytes_tokio,small_data_event_chunks,core,22,1,4251507,4251507,100000
bytes_tokio,small_data_event_chunks,original,22,1,4764104,4764104,100000
bytes_tokio,small_data_event_chunks,baseline,23,1,4761331,4761331,100000
bytes_tokio,small_data_event_chunks,step2,23,1,4895052,4895052,100000
bytes_tokio,small_data_event_chunks,core,23,1,4286716,4286716,100000
bytes_tokio,small_data_event_chunks,original,23,1,4771662,4771662,100000
bytes_tokio,small_data_event_chunks,step1,23,1,4778339,4778339,100000
bytes_tokio,small_data_event_chunks,step2,24,1,5056457,5056457,100000
bytes_tokio,small_data_event_chunks,baseline,24,1,4819439,4819439,100000
bytes_tokio,small_data_event_chunks,step1,24,1,4778784,4778784,100000
bytes_tokio,small_data_event_chunks,original,24,1,4832499,4832499,100000
bytes_tokio,small_data_event_chunks,core,24,1,4253611,4253611,100000
bytes_tokio,small_data_event_chunks,step1,25,1,4831892,4831892,100000
bytes_tokio,small_data_event_chunks,original,25,1,4840283,4840283,100000
bytes_tokio,small_data_event_chunks,baseline,25,1,4792558,4792558,100000
bytes_tokio,small_data_event_chunks,core,25,1,4274382,4274382,100000
bytes_tokio,small_data_event_chunks,step2,25,1,4895944,4895944,100000
bytes_tokio,small_data_event_chunks,baseline,26,1,4857456,4857456,100000
bytes_tokio,small_data_event_chunks,original,26,1,4789207,4789207,100000
bytes_tokio,small_data_event_chunks,step1,26,1,4813207,4813207,100000
bytes_tokio,small_data_event_chunks,core,26,1,4259647,4259647,100000
bytes_tokio,small_data_event_chunks,step2,26,1,4880439,4880439,100000
bytes_tokio,small_data_event_chunks,original,27,1,4800567,4800567,100000
bytes_tokio,small_data_event_chunks,core,27,1,4258477,4258477,100000
bytes_tokio,small_data_event_chunks,baseline,27,1,4775421,4775421,100000
bytes_tokio,small_data_event_chunks,step1,27,1,4764384,4764384,100000
bytes_tokio,small_data_event_chunks,step2,27,1,4967878,4967878,100000
bytes_tokio,small_data_event_chunks,step2,28,1,4935954,4935954,100000
bytes_tokio,small_data_event_chunks,core,28,1,4242119,4242119,100000
bytes_tokio,small_data_event_chunks,baseline,28,1,4762135,4762135,100000
bytes_tokio,small_data_event_chunks,step1,28,1,4793615,4793615,100000
bytes_tokio,small_data_event_chunks,original,28,1,4856068,4856068,100000
bytes_tokio,small_data_event_chunks,original,29,1,4774998,4774998,100000
bytes_tokio,small_data_event_chunks,step1,29,1,4813555,4813555,100000
bytes_tokio,small_data_event_chunks,core,29,1,4248862,4248862,100000
bytes_tokio,small_data_event_chunks,baseline,29,1,4759446,4759446,100000
bytes_tokio,small_data_event_chunks,step2,29,1,4943278,4943278,100000
bytes_tokio,small_data_event_chunks,step2,30,1,4896973,4896973,100000
bytes_tokio,small_data_event_chunks,baseline,30,1,4817108,4817108,100000
bytes_tokio,small_data_event_chunks,core,30,1,4230419,4230419,100000
bytes_tokio,small_data_event_chunks,step1,30,1,4826836,4826836,100000
bytes_tokio,small_data_event_chunks,original,30,1,4801654,4801654,100000
bytes_tokio,small_data_4b_chunks,step2,0,1,12320256,12320256,100000
bytes_tokio,small_data_4b_chunks,step1,0,1,12143716,12143716,100000
bytes_tokio,small_data_4b_chunks,baseline,0,1,12440384,12440384,100000
bytes_tokio,small_data_4b_chunks,original,0,1,12109939,12109939,100000
bytes_tokio,small_data_4b_chunks,core,0,1,10148658,10148658,100000
bytes_tokio,small_data_4b_chunks,step1,1,1,11986697,11986697,100000
bytes_tokio,small_data_4b_chunks,baseline,1,1,11971204,11971204,100000
bytes_tokio,small_data_4b_chunks,step2,1,1,12501161,12501161,100000
bytes_tokio,small_data_4b_chunks,core,1,1,10526080,10526080,100000
bytes_tokio,small_data_4b_chunks,original,1,1,12013474,12013474,100000
bytes_tokio,small_data_4b_chunks,core,2,1,10144806,10144806,100000
bytes_tokio,small_data_4b_chunks,step2,2,1,12149403,12149403,100000
bytes_tokio,small_data_4b_chunks,baseline,2,1,12044299,12044299,100000
bytes_tokio,small_data_4b_chunks,original,2,1,12004194,12004194,100000
bytes_tokio,small_data_4b_chunks,step1,2,1,12069284,12069284,100000
bytes_tokio,small_data_4b_chunks,original,3,1,12015143,12015143,100000
bytes_tokio,small_data_4b_chunks,step1,3,1,11995147,11995147,100000
bytes_tokio,small_data_4b_chunks,core,3,1,10164015,10164015,100000
bytes_tokio,small_data_4b_chunks,step2,3,1,12099296,12099296,100000
bytes_tokio,small_data_4b_chunks,baseline,3,1,11908088,11908088,100000
bytes_tokio,small_data_4b_chunks,baseline,4,1,12016693,12016693,100000
bytes_tokio,small_data_4b_chunks,step2,4,1,12056142,12056142,100000
bytes_tokio,small_data_4b_chunks,original,4,1,11956716,11956716,100000
bytes_tokio,small_data_4b_chunks,core,4,1,10199282,10199282,100000
bytes_tokio,small_data_4b_chunks,step1,4,1,11896777,11896777,100000
bytes_tokio,small_data_4b_chunks,original,5,1,12912638,12912638,100000
bytes_tokio,small_data_4b_chunks,step2,5,1,14622362,14622362,100000
bytes_tokio,small_data_4b_chunks,baseline,5,1,11948987,11948987,100000
bytes_tokio,small_data_4b_chunks,core,5,1,10191884,10191884,100000
bytes_tokio,small_data_4b_chunks,step1,5,1,11958017,11958017,100000
bytes_tokio,small_data_4b_chunks,baseline,6,1,11971250,11971250,100000
bytes_tokio,small_data_4b_chunks,original,6,1,11947025,11947025,100000
bytes_tokio,small_data_4b_chunks,step1,6,1,11927659,11927659,100000
bytes_tokio,small_data_4b_chunks,step2,6,1,12047219,12047219,100000
bytes_tokio,small_data_4b_chunks,core,6,1,10192636,10192636,100000
bytes_tokio,small_data_4b_chunks,core,7,1,10148121,10148121,100000
bytes_tokio,small_data_4b_chunks,original,7,1,11990314,11990314,100000
bytes_tokio,small_data_4b_chunks,baseline,7,1,11962349,11962349,100000
bytes_tokio,small_data_4b_chunks,step2,7,1,12067463,12067463,100000
bytes_tokio,small_data_4b_chunks,step1,7,1,11995546,11995546,100000
bytes_tokio,small_data_4b_chunks,step1,8,1,11955332,11955332,100000
bytes_tokio,small_data_4b_chunks,step2,8,1,12037177,12037177,100000
bytes_tokio,small_data_4b_chunks,original,8,1,11923858,11923858,100000
bytes_tokio,small_data_4b_chunks,core,8,1,10213892,10213892,100000
bytes_tokio,small_data_4b_chunks,baseline,8,1,11956706,11956706,100000
bytes_tokio,small_data_4b_chunks,step1,9,1,11940355,11940355,100000
bytes_tokio,small_data_4b_chunks,original,9,1,12005172,12005172,100000
bytes_tokio,small_data_4b_chunks,step2,9,1,12074703,12074703,100000
bytes_tokio,small_data_4b_chunks,core,9,1,10177753,10177753,100000
bytes_tokio,small_data_4b_chunks,baseline,9,1,11887634,11887634,100000
bytes_tokio,small_data_4b_chunks,baseline,10,1,11919253,11919253,100000
bytes_tokio,small_data_4b_chunks,step2,10,1,12019998,12019998,100000
bytes_tokio,small_data_4b_chunks,original,10,1,11935784,11935784,100000
bytes_tokio,small_data_4b_chunks,step1,10,1,11926459,11926459,100000
bytes_tokio,small_data_4b_chunks,core,10,1,10140202,10140202,100000
bytes_tokio,small_data_4b_chunks,step1,11,1,12010489,12010489,100000
bytes_tokio,small_data_4b_chunks,original,11,1,11980078,11980078,100000
bytes_tokio,small_data_4b_chunks,baseline,11,1,11863263,11863263,100000
bytes_tokio,small_data_4b_chunks,step2,11,1,11989665,11989665,100000
bytes_tokio,small_data_4b_chunks,core,11,1,10087672,10087672,100000
bytes_tokio,small_data_4b_chunks,baseline,12,1,11893879,11893879,100000
bytes_tokio,small_data_4b_chunks,core,12,1,10133085,10133085,100000
bytes_tokio,small_data_4b_chunks,step1,12,1,11925368,11925368,100000
bytes_tokio,small_data_4b_chunks,original,12,1,11904421,11904421,100000
bytes_tokio,small_data_4b_chunks,step2,12,1,12027757,12027757,100000
bytes_tokio,small_data_4b_chunks,baseline,13,1,11919243,11919243,100000
bytes_tokio,small_data_4b_chunks,core,13,1,10108344,10108344,100000
bytes_tokio,small_data_4b_chunks,step2,13,1,12049245,12049245,100000
bytes_tokio,small_data_4b_chunks,original,13,1,11917782,11917782,100000
bytes_tokio,small_data_4b_chunks,step1,13,1,11961974,11961974,100000
bytes_tokio,small_data_4b_chunks,baseline,14,1,11944371,11944371,100000
bytes_tokio,small_data_4b_chunks,original,14,1,11945259,11945259,100000
bytes_tokio,small_data_4b_chunks,core,14,1,10180665,10180665,100000
bytes_tokio,small_data_4b_chunks,step2,14,1,12133290,12133290,100000
bytes_tokio,small_data_4b_chunks,step1,14,1,12913681,12913681,100000
bytes_tokio,small_data_4b_chunks,baseline,15,1,13595418,13595418,100000
bytes_tokio,small_data_4b_chunks,step1,15,1,13719505,13719505,100000
bytes_tokio,small_data_4b_chunks,original,15,1,13888461,13888461,100000
bytes_tokio,small_data_4b_chunks,core,15,1,12028264,12028264,100000
bytes_tokio,small_data_4b_chunks,step2,15,1,13773839,13773839,100000
bytes_tokio,small_data_4b_chunks,original,16,1,13808041,13808041,100000
bytes_tokio,small_data_4b_chunks,baseline,16,1,13120299,13120299,100000
bytes_tokio,small_data_4b_chunks,core,16,1,10948044,10948044,100000
bytes_tokio,small_data_4b_chunks,step2,16,1,12159177,12159177,100000
bytes_tokio,small_data_4b_chunks,step1,16,1,12244679,12244679,100000
bytes_tokio,small_data_4b_chunks,baseline,17,1,12010788,12010788,100000
bytes_tokio,small_data_4b_chunks,original,17,1,12263116,12263116,100000
bytes_tokio,small_data_4b_chunks,step1,17,1,12092411,12092411,100000
bytes_tokio,small_data_4b_chunks,core,17,1,10248235,10248235,100000
bytes_tokio,small_data_4b_chunks,step2,17,1,12101687,12101687,100000
bytes_tokio,small_data_4b_chunks,baseline,18,1,11889517,11889517,100000
bytes_tokio,small_data_4b_chunks,original,18,1,12035526,12035526,100000
bytes_tokio,small_data_4b_chunks,core,18,1,10473730,10473730,100000
bytes_tokio,small_data_4b_chunks,step1,18,1,12040321,12040321,100000
bytes_tokio,small_data_4b_chunks,step2,18,1,12092411,12092411,100000
bytes_tokio,small_data_4b_chunks,step1,19,1,12066208,12066208,100000
bytes_tokio,small_data_4b_chunks,baseline,19,1,11982532,11982532,100000
bytes_tokio,small_data_4b_chunks,original,19,1,11941567,11941567,100000
bytes_tokio,small_data_4b_chunks,step2,19,1,12100567,12100567,100000
bytes_tokio,small_data_4b_chunks,core,19,1,10192952,10192952,100000
bytes_tokio,small_data_4b_chunks,core,20,1,10102153,10102153,100000
bytes_tokio,small_data_4b_chunks,baseline,20,1,11952641,11952641,100000
bytes_tokio,small_data_4b_chunks,step1,20,1,11951112,11951112,100000
bytes_tokio,small_data_4b_chunks,step2,20,1,12019208,12019208,100000
bytes_tokio,small_data_4b_chunks,original,20,1,12004191,12004191,100000
bytes_tokio,small_data_4b_chunks,baseline,21,1,11898780,11898780,100000
bytes_tokio,small_data_4b_chunks,original,21,1,11987819,11987819,100000
bytes_tokio,small_data_4b_chunks,step1,21,1,11939951,11939951,100000
bytes_tokio,small_data_4b_chunks,step2,21,1,12035563,12035563,100000
bytes_tokio,small_data_4b_chunks,core,21,1,10163358,10163358,100000
bytes_tokio,small_data_4b_chunks,step2,22,1,12038511,12038511,100000
bytes_tokio,small_data_4b_chunks,step1,22,1,11974498,11974498,100000
bytes_tokio,small_data_4b_chunks,baseline,22,1,11935618,11935618,100000
bytes_tokio,small_data_4b_chunks,core,22,1,10187880,10187880,100000
bytes_tokio,small_data_4b_chunks,original,22,1,11887832,11887832,100000
bytes_tokio,small_data_4b_chunks,baseline,23,1,11929340,11929340,100000
bytes_tokio,small_data_4b_chunks,step2,23,1,12008184,12008184,100000
bytes_tokio,small_data_4b_chunks,core,23,1,10092289,10092289,100000
bytes_tokio,small_data_4b_chunks,original,23,1,11979734,11979734,100000
bytes_tokio,small_data_4b_chunks,step1,23,1,11968967,11968967,100000
bytes_tokio,small_data_4b_chunks,step2,24,1,12049722,12049722,100000
bytes_tokio,small_data_4b_chunks,baseline,24,1,12000561,12000561,100000
bytes_tokio,small_data_4b_chunks,step1,24,1,11955163,11955163,100000
bytes_tokio,small_data_4b_chunks,original,24,1,11991776,11991776,100000
bytes_tokio,small_data_4b_chunks,core,24,1,10136988,10136988,100000
bytes_tokio,small_data_4b_chunks,step1,25,1,11908535,11908535,100000
bytes_tokio,small_data_4b_chunks,original,25,1,11977241,11977241,100000
bytes_tokio,small_data_4b_chunks,baseline,25,1,11850536,11850536,100000
bytes_tokio,small_data_4b_chunks,core,25,1,10187277,10187277,100000
bytes_tokio,small_data_4b_chunks,step2,25,1,12075913,12075913,100000
bytes_tokio,small_data_4b_chunks,baseline,26,1,11982278,11982278,100000
bytes_tokio,small_data_4b_chunks,original,26,1,11989345,11989345,100000
bytes_tokio,small_data_4b_chunks,step1,26,1,12036042,12036042,100000
bytes_tokio,small_data_4b_chunks,core,26,1,10236773,10236773,100000
bytes_tokio,small_data_4b_chunks,step2,26,1,12012811,12012811,100000
bytes_tokio,small_data_4b_chunks,original,27,1,11937540,11937540,100000
bytes_tokio,small_data_4b_chunks,core,27,1,10144968,10144968,100000
bytes_tokio,small_data_4b_chunks,baseline,27,1,11942664,11942664,100000
bytes_tokio,small_data_4b_chunks,step1,27,1,12031617,12031617,100000
bytes_tokio,small_data_4b_chunks,step2,27,1,12006938,12006938,100000
bytes_tokio,small_data_4b_chunks,step2,28,1,12120892,12120892,100000
bytes_tokio,small_data_4b_chunks,core,28,1,10175829,10175829,100000
bytes_tokio,small_data_4b_chunks,baseline,28,1,11893668,11893668,100000
bytes_tokio,small_data_4b_chunks,step1,28,1,12006974,12006974,100000
bytes_tokio,small_data_4b_chunks,original,28,1,11969739,11969739,100000
bytes_tokio,small_data_4b_chunks,original,29,1,11933979,11933979,100000
bytes_tokio,small_data_4b_chunks,step1,29,1,11983873,11983873,100000
bytes_tokio,small_data_4b_chunks,core,29,1,10101468,10101468,100000
bytes_tokio,small_data_4b_chunks,baseline,29,1,11903107,11903107,100000
bytes_tokio,small_data_4b_chunks,step2,29,1,12063985,12063985,100000
bytes_tokio,small_data_4b_chunks,step2,30,1,12028079,12028079,100000
bytes_tokio,small_data_4b_chunks,baseline,30,1,11902474,11902474,100000
bytes_tokio,small_data_4b_chunks,core,30,1,10218224,10218224,100000
bytes_tokio,small_data_4b_chunks,step1,30,1,11950565,11950565,100000
bytes_tokio,small_data_4b_chunks,original,30,1,11976160,11976160,100000
bytes_tokio,metadata_events_tcp_chunks,step2,0,1,5046818,5046818,50000
bytes_tokio,metadata_events_tcp_chunks,step1,0,1,5730558,5730558,50000
bytes_tokio,metadata_events_tcp_chunks,baseline,0,1,5186422,5186422,50000
bytes_tokio,metadata_events_tcp_chunks,original,0,1,4967315,4967315,50000
bytes_tokio,metadata_events_tcp_chunks,core,0,1,5391216,5391216,50000
bytes_tokio,metadata_events_tcp_chunks,step1,1,1,5447578,5447578,50000
bytes_tokio,metadata_events_tcp_chunks,baseline,1,1,5089960,5089960,50000
bytes_tokio,metadata_events_tcp_chunks,step2,1,1,5209150,5209150,50000
bytes_tokio,metadata_events_tcp_chunks,core,1,1,5787037,5787037,50000
bytes_tokio,metadata_events_tcp_chunks,original,1,1,4988150,4988150,50000
bytes_tokio,metadata_events_tcp_chunks,core,2,1,5492380,5492380,50000
bytes_tokio,metadata_events_tcp_chunks,step2,2,1,5251119,5251119,50000
bytes_tokio,metadata_events_tcp_chunks,baseline,2,1,4766652,4766652,50000
bytes_tokio,metadata_events_tcp_chunks,original,2,1,4877315,4877315,50000
bytes_tokio,metadata_events_tcp_chunks,step1,2,1,4880863,4880863,50000
bytes_tokio,metadata_events_tcp_chunks,original,3,1,5122394,5122394,50000
bytes_tokio,metadata_events_tcp_chunks,step1,3,1,4396159,4396159,50000
bytes_tokio,metadata_events_tcp_chunks,core,3,1,4470485,4470485,50000
bytes_tokio,metadata_events_tcp_chunks,step2,3,1,4253995,4253995,50000
bytes_tokio,metadata_events_tcp_chunks,baseline,3,1,3974549,3974549,50000
bytes_tokio,metadata_events_tcp_chunks,baseline,4,1,3986585,3986585,50000
bytes_tokio,metadata_events_tcp_chunks,step2,4,1,4546989,4546989,50000
bytes_tokio,metadata_events_tcp_chunks,original,4,1,4249263,4249263,50000
bytes_tokio,metadata_events_tcp_chunks,core,4,1,4567647,4567647,50000
bytes_tokio,metadata_events_tcp_chunks,step1,4,1,4609098,4609098,50000
bytes_tokio,metadata_events_tcp_chunks,original,5,1,4268066,4268066,50000
bytes_tokio,metadata_events_tcp_chunks,step2,5,1,4227436,4227436,50000
bytes_tokio,metadata_events_tcp_chunks,baseline,5,1,4002995,4002995,50000
bytes_tokio,metadata_events_tcp_chunks,core,5,1,4583865,4583865,50000
bytes_tokio,metadata_events_tcp_chunks,step1,5,1,4260456,4260456,50000
bytes_tokio,metadata_events_tcp_chunks,baseline,6,1,4034342,4034342,50000
bytes_tokio,metadata_events_tcp_chunks,original,6,1,4144218,4144218,50000
bytes_tokio,metadata_events_tcp_chunks,step1,6,1,4310919,4310919,50000
bytes_tokio,metadata_events_tcp_chunks,step2,6,1,4242991,4242991,50000
bytes_tokio,metadata_events_tcp_chunks,core,6,1,4448856,4448856,50000
bytes_tokio,metadata_events_tcp_chunks,core,7,1,4461417,4461417,50000
bytes_tokio,metadata_events_tcp_chunks,original,7,1,4077444,4077444,50000
bytes_tokio,metadata_events_tcp_chunks,baseline,7,1,3960210,3960210,50000
bytes_tokio,metadata_events_tcp_chunks,step2,7,1,4461545,4461545,50000
bytes_tokio,metadata_events_tcp_chunks,step1,7,1,4261905,4261905,50000
bytes_tokio,metadata_events_tcp_chunks,step1,8,1,4269872,4269872,50000
bytes_tokio,metadata_events_tcp_chunks,step2,8,1,4288997,4288997,50000
bytes_tokio,metadata_events_tcp_chunks,original,8,1,4174197,4174197,50000
bytes_tokio,metadata_events_tcp_chunks,core,8,1,4545590,4545590,50000
bytes_tokio,metadata_events_tcp_chunks,baseline,8,1,3949610,3949610,50000
bytes_tokio,metadata_events_tcp_chunks,step1,9,1,4281564,4281564,50000
bytes_tokio,metadata_events_tcp_chunks,original,9,1,4071857,4071857,50000
bytes_tokio,metadata_events_tcp_chunks,step2,9,1,4309294,4309294,50000
bytes_tokio,metadata_events_tcp_chunks,core,9,1,4523385,4523385,50000
bytes_tokio,metadata_events_tcp_chunks,baseline,9,1,3974763,3974763,50000
bytes_tokio,metadata_events_tcp_chunks,baseline,10,1,3935852,3935852,50000
bytes_tokio,metadata_events_tcp_chunks,step2,10,1,4277182,4277182,50000
bytes_tokio,metadata_events_tcp_chunks,original,10,1,4073434,4073434,50000
bytes_tokio,metadata_events_tcp_chunks,step1,10,1,4151328,4151328,50000
bytes_tokio,metadata_events_tcp_chunks,core,10,1,4482697,4482697,50000
bytes_tokio,metadata_events_tcp_chunks,step1,11,1,4281774,4281774,50000
bytes_tokio,metadata_events_tcp_chunks,original,11,1,4090187,4090187,50000
bytes_tokio,metadata_events_tcp_chunks,baseline,11,1,3964877,3964877,50000
bytes_tokio,metadata_events_tcp_chunks,step2,11,1,4291083,4291083,50000
bytes_tokio,metadata_events_tcp_chunks,core,11,1,4498152,4498152,50000
bytes_tokio,metadata_events_tcp_chunks,baseline,12,1,3963294,3963294,50000
bytes_tokio,metadata_events_tcp_chunks,core,12,1,4492548,4492548,50000
bytes_tokio,metadata_events_tcp_chunks,step1,12,1,4320809,4320809,50000
bytes_tokio,metadata_events_tcp_chunks,original,12,1,4086046,4086046,50000
bytes_tokio,metadata_events_tcp_chunks,step2,12,1,4238456,4238456,50000
bytes_tokio,metadata_events_tcp_chunks,baseline,13,1,3978606,3978606,50000
bytes_tokio,metadata_events_tcp_chunks,core,13,1,4484426,4484426,50000
bytes_tokio,metadata_events_tcp_chunks,step2,13,1,4267855,4267855,50000
bytes_tokio,metadata_events_tcp_chunks,original,13,1,4059582,4059582,50000
bytes_tokio,metadata_events_tcp_chunks,step1,13,1,4260034,4260034,50000
bytes_tokio,metadata_events_tcp_chunks,baseline,14,1,3983689,3983689,50000
bytes_tokio,metadata_events_tcp_chunks,original,14,1,4079151,4079151,50000
bytes_tokio,metadata_events_tcp_chunks,core,14,1,4488465,4488465,50000
bytes_tokio,metadata_events_tcp_chunks,step2,14,1,4256184,4256184,50000
bytes_tokio,metadata_events_tcp_chunks,step1,14,1,4187447,4187447,50000
bytes_tokio,metadata_events_tcp_chunks,baseline,15,1,3986593,3986593,50000
bytes_tokio,metadata_events_tcp_chunks,step1,15,1,4202030,4202030,50000
bytes_tokio,metadata_events_tcp_chunks,original,15,1,4094799,4094799,50000
bytes_tokio,metadata_events_tcp_chunks,core,15,1,4459125,4459125,50000
bytes_tokio,metadata_events_tcp_chunks,step2,15,1,4261178,4261178,50000
bytes_tokio,metadata_events_tcp_chunks,original,16,1,4094090,4094090,50000
bytes_tokio,metadata_events_tcp_chunks,baseline,16,1,3953096,3953096,50000
bytes_tokio,metadata_events_tcp_chunks,core,16,1,4483368,4483368,50000
bytes_tokio,metadata_events_tcp_chunks,step2,16,1,4258645,4258645,50000
bytes_tokio,metadata_events_tcp_chunks,step1,16,1,4290377,4290377,50000
bytes_tokio,metadata_events_tcp_chunks,baseline,17,1,3930198,3930198,50000
bytes_tokio,metadata_events_tcp_chunks,original,17,1,4146112,4146112,50000
bytes_tokio,metadata_events_tcp_chunks,step1,17,1,4261411,4261411,50000
bytes_tokio,metadata_events_tcp_chunks,core,17,1,4467053,4467053,50000
bytes_tokio,metadata_events_tcp_chunks,step2,17,1,4251461,4251461,50000
bytes_tokio,metadata_events_tcp_chunks,baseline,18,1,3939467,3939467,50000
bytes_tokio,metadata_events_tcp_chunks,original,18,1,4110134,4110134,50000
bytes_tokio,metadata_events_tcp_chunks,core,18,1,4490548,4490548,50000
bytes_tokio,metadata_events_tcp_chunks,step1,18,1,4259074,4259074,50000
bytes_tokio,metadata_events_tcp_chunks,step2,18,1,4304264,4304264,50000
bytes_tokio,metadata_events_tcp_chunks,step1,19,1,4269375,4269375,50000
bytes_tokio,metadata_events_tcp_chunks,baseline,19,1,3972659,3972659,50000
bytes_tokio,metadata_events_tcp_chunks,original,19,1,4106836,4106836,50000
bytes_tokio,metadata_events_tcp_chunks,step2,19,1,4239085,4239085,50000
bytes_tokio,metadata_events_tcp_chunks,core,19,1,4461020,4461020,50000
bytes_tokio,metadata_events_tcp_chunks,core,20,1,4483533,4483533,50000
bytes_tokio,metadata_events_tcp_chunks,baseline,20,1,3967766,3967766,50000
bytes_tokio,metadata_events_tcp_chunks,step1,20,1,4278782,4278782,50000
bytes_tokio,metadata_events_tcp_chunks,step2,20,1,4297950,4297950,50000
bytes_tokio,metadata_events_tcp_chunks,original,20,1,4094243,4094243,50000
bytes_tokio,metadata_events_tcp_chunks,baseline,21,1,3953417,3953417,50000
bytes_tokio,metadata_events_tcp_chunks,original,21,1,4093835,4093835,50000
bytes_tokio,metadata_events_tcp_chunks,step1,21,1,4205222,4205222,50000
bytes_tokio,metadata_events_tcp_chunks,step2,21,1,4418084,4418084,50000
bytes_tokio,metadata_events_tcp_chunks,core,21,1,4452571,4452571,50000
bytes_tokio,metadata_events_tcp_chunks,step2,22,1,4269987,4269987,50000
bytes_tokio,metadata_events_tcp_chunks,step1,22,1,4278580,4278580,50000
bytes_tokio,metadata_events_tcp_chunks,baseline,22,1,3953058,3953058,50000
bytes_tokio,metadata_events_tcp_chunks,core,22,1,4485708,4485708,50000
bytes_tokio,metadata_events_tcp_chunks,original,22,1,4087592,4087592,50000
bytes_tokio,metadata_events_tcp_chunks,baseline,23,1,3942339,3942339,50000
bytes_tokio,metadata_events_tcp_chunks,step2,23,1,4245741,4245741,50000
bytes_tokio,metadata_events_tcp_chunks,core,23,1,4469389,4469389,50000
bytes_tokio,metadata_events_tcp_chunks,original,23,1,4093399,4093399,50000
bytes_tokio,metadata_events_tcp_chunks,step1,23,1,4303395,4303395,50000
bytes_tokio,metadata_events_tcp_chunks,step2,24,1,4252735,4252735,50000
bytes_tokio,metadata_events_tcp_chunks,baseline,24,1,3954530,3954530,50000
bytes_tokio,metadata_events_tcp_chunks,step1,24,1,4238138,4238138,50000
bytes_tokio,metadata_events_tcp_chunks,original,24,1,4105304,4105304,50000
bytes_tokio,metadata_events_tcp_chunks,core,24,1,4479112,4479112,50000
bytes_tokio,metadata_events_tcp_chunks,step1,25,1,4264847,4264847,50000
bytes_tokio,metadata_events_tcp_chunks,original,25,1,4077889,4077889,50000
bytes_tokio,metadata_events_tcp_chunks,baseline,25,1,3918455,3918455,50000
bytes_tokio,metadata_events_tcp_chunks,core,25,1,4464611,4464611,50000
bytes_tokio,metadata_events_tcp_chunks,step2,25,1,4287157,4287157,50000
bytes_tokio,metadata_events_tcp_chunks,baseline,26,1,3948626,3948626,50000
bytes_tokio,metadata_events_tcp_chunks,original,26,1,4072380,4072380,50000
bytes_tokio,metadata_events_tcp_chunks,step1,26,1,4210023,4210023,50000
bytes_tokio,metadata_events_tcp_chunks,core,26,1,4467350,4467350,50000
bytes_tokio,metadata_events_tcp_chunks,step2,26,1,4276669,4276669,50000
bytes_tokio,metadata_events_tcp_chunks,original,27,1,4065577,4065577,50000
bytes_tokio,metadata_events_tcp_chunks,core,27,1,4536311,4536311,50000
bytes_tokio,metadata_events_tcp_chunks,baseline,27,1,3970772,3970772,50000
bytes_tokio,metadata_events_tcp_chunks,step1,27,1,4299646,4299646,50000
bytes_tokio,metadata_events_tcp_chunks,step2,27,1,4279194,4279194,50000
bytes_tokio,metadata_events_tcp_chunks,step2,28,1,4254049,4254049,50000
bytes_tokio,metadata_events_tcp_chunks,core,28,1,4488912,4488912,50000
bytes_tokio,metadata_events_tcp_chunks,baseline,28,1,3987019,3987019,50000
bytes_tokio,metadata_events_tcp_chunks,step1,28,1,4257128,4257128,50000
bytes_tokio,metadata_events_tcp_chunks,original,28,1,4105950,4105950,50000
bytes_tokio,metadata_events_tcp_chunks,original,29,1,4071921,4071921,50000
bytes_tokio,metadata_events_tcp_chunks,step1,29,1,4243195,4243195,50000
bytes_tokio,metadata_events_tcp_chunks,core,29,1,4463772,4463772,50000
bytes_tokio,metadata_events_tcp_chunks,baseline,29,1,3983734,3983734,50000
bytes_tokio,metadata_events_tcp_chunks,step2,29,1,4430117,4430117,50000
bytes_tokio,metadata_events_tcp_chunks,step2,30,1,4236731,4236731,50000
bytes_tokio,metadata_events_tcp_chunks,baseline,30,1,3975853,3975853,50000
bytes_tokio,metadata_events_tcp_chunks,core,30,1,4485535,4485535,50000
bytes_tokio,metadata_events_tcp_chunks,step1,30,1,4314298,4314298,50000
bytes_tokio,metadata_events_tcp_chunks,original,30,1,4124320,4124320,50000
bytes_tokio,multiline_data_tcp_chunks,step2,0,1,2751146,2751146,50000
bytes_tokio,multiline_data_tcp_chunks,step1,0,1,2729475,2729475,50000
bytes_tokio,multiline_data_tcp_chunks,baseline,0,1,2680645,2680645,50000
bytes_tokio,multiline_data_tcp_chunks,original,0,1,2662367,2662367,50000
bytes_tokio,multiline_data_tcp_chunks,core,0,1,2727498,2727498,50000
bytes_tokio,multiline_data_tcp_chunks,step1,1,1,2730383,2730383,50000
bytes_tokio,multiline_data_tcp_chunks,baseline,1,1,2693421,2693421,50000
bytes_tokio,multiline_data_tcp_chunks,step2,1,1,2751605,2751605,50000
bytes_tokio,multiline_data_tcp_chunks,core,1,1,2738706,2738706,50000
bytes_tokio,multiline_data_tcp_chunks,original,1,1,2651399,2651399,50000
bytes_tokio,multiline_data_tcp_chunks,core,2,1,2730977,2730977,50000
bytes_tokio,multiline_data_tcp_chunks,step2,2,1,2754034,2754034,50000
bytes_tokio,multiline_data_tcp_chunks,baseline,2,1,2701220,2701220,50000
bytes_tokio,multiline_data_tcp_chunks,original,2,1,2655324,2655324,50000
bytes_tokio,multiline_data_tcp_chunks,step1,2,1,2767180,2767180,50000
bytes_tokio,multiline_data_tcp_chunks,original,3,1,2673241,2673241,50000
bytes_tokio,multiline_data_tcp_chunks,step1,3,1,2735688,2735688,50000
bytes_tokio,multiline_data_tcp_chunks,core,3,1,2728271,2728271,50000
bytes_tokio,multiline_data_tcp_chunks,step2,3,1,2752658,2752658,50000
bytes_tokio,multiline_data_tcp_chunks,baseline,3,1,2690132,2690132,50000
bytes_tokio,multiline_data_tcp_chunks,baseline,4,1,2690180,2690180,50000
bytes_tokio,multiline_data_tcp_chunks,step2,4,1,2778201,2778201,50000
bytes_tokio,multiline_data_tcp_chunks,original,4,1,2641006,2641006,50000
bytes_tokio,multiline_data_tcp_chunks,core,4,1,2745567,2745567,50000
bytes_tokio,multiline_data_tcp_chunks,step1,4,1,2738242,2738242,50000
bytes_tokio,multiline_data_tcp_chunks,original,5,1,2658251,2658251,50000
bytes_tokio,multiline_data_tcp_chunks,step2,5,1,2781754,2781754,50000
bytes_tokio,multiline_data_tcp_chunks,baseline,5,1,2665929,2665929,50000
bytes_tokio,multiline_data_tcp_chunks,core,5,1,2739352,2739352,50000
bytes_tokio,multiline_data_tcp_chunks,step1,5,1,2793039,2793039,50000
bytes_tokio,multiline_data_tcp_chunks,baseline,6,1,2695347,2695347,50000
bytes_tokio,multiline_data_tcp_chunks,original,6,1,2679625,2679625,50000
bytes_tokio,multiline_data_tcp_chunks,step1,6,1,2761198,2761198,50000
bytes_tokio,multiline_data_tcp_chunks,step2,6,1,2773372,2773372,50000
bytes_tokio,multiline_data_tcp_chunks,core,6,1,2734005,2734005,50000
bytes_tokio,multiline_data_tcp_chunks,core,7,1,2709270,2709270,50000
bytes_tokio,multiline_data_tcp_chunks,original,7,1,2673072,2673072,50000
bytes_tokio,multiline_data_tcp_chunks,baseline,7,1,2689861,2689861,50000
bytes_tokio,multiline_data_tcp_chunks,step2,7,1,2742124,2742124,50000
bytes_tokio,multiline_data_tcp_chunks,step1,7,1,2792922,2792922,50000
bytes_tokio,multiline_data_tcp_chunks,step1,8,1,2751837,2751837,50000
bytes_tokio,multiline_data_tcp_chunks,step2,8,1,2747685,2747685,50000
bytes_tokio,multiline_data_tcp_chunks,original,8,1,2660678,2660678,50000
bytes_tokio,multiline_data_tcp_chunks,core,8,1,2714580,2714580,50000
bytes_tokio,multiline_data_tcp_chunks,baseline,8,1,2676701,2676701,50000
bytes_tokio,multiline_data_tcp_chunks,step1,9,1,2783756,2783756,50000
bytes_tokio,multiline_data_tcp_chunks,original,9,1,2679283,2679283,50000
bytes_tokio,multiline_data_tcp_chunks,step2,9,1,2771116,2771116,50000
bytes_tokio,multiline_data_tcp_chunks,core,9,1,2736496,2736496,50000
bytes_tokio,multiline_data_tcp_chunks,baseline,9,1,2691077,2691077,50000
bytes_tokio,multiline_data_tcp_chunks,baseline,10,1,2688846,2688846,50000
bytes_tokio,multiline_data_tcp_chunks,step2,10,1,2755866,2755866,50000
bytes_tokio,multiline_data_tcp_chunks,original,10,1,2680324,2680324,50000
bytes_tokio,multiline_data_tcp_chunks,step1,10,1,2761378,2761378,50000
bytes_tokio,multiline_data_tcp_chunks,core,10,1,2728905,2728905,50000
bytes_tokio,multiline_data_tcp_chunks,step1,11,1,2746481,2746481,50000
bytes_tokio,multiline_data_tcp_chunks,original,11,1,2667089,2667089,50000
bytes_tokio,multiline_data_tcp_chunks,baseline,11,1,2672857,2672857,50000
bytes_tokio,multiline_data_tcp_chunks,step2,11,1,2759220,2759220,50000
bytes_tokio,multiline_data_tcp_chunks,core,11,1,2731013,2731013,50000
bytes_tokio,multiline_data_tcp_chunks,baseline,12,1,2703577,2703577,50000
bytes_tokio,multiline_data_tcp_chunks,core,12,1,2708904,2708904,50000
bytes_tokio,multiline_data_tcp_chunks,step1,12,1,2762357,2762357,50000
bytes_tokio,multiline_data_tcp_chunks,original,12,1,2682717,2682717,50000
bytes_tokio,multiline_data_tcp_chunks,step2,12,1,2765690,2765690,50000
bytes_tokio,multiline_data_tcp_chunks,baseline,13,1,2691834,2691834,50000
bytes_tokio,multiline_data_tcp_chunks,core,13,1,2744931,2744931,50000
bytes_tokio,multiline_data_tcp_chunks,step2,13,1,2753528,2753528,50000
bytes_tokio,multiline_data_tcp_chunks,original,13,1,2698440,2698440,50000
bytes_tokio,multiline_data_tcp_chunks,step1,13,1,2748666,2748666,50000
bytes_tokio,multiline_data_tcp_chunks,baseline,14,1,2684134,2684134,50000
bytes_tokio,multiline_data_tcp_chunks,original,14,1,2670098,2670098,50000
bytes_tokio,multiline_data_tcp_chunks,core,14,1,2744860,2744860,50000
bytes_tokio,multiline_data_tcp_chunks,step2,14,1,2754550,2754550,50000
bytes_tokio,multiline_data_tcp_chunks,step1,14,1,2730293,2730293,50000
bytes_tokio,multiline_data_tcp_chunks,baseline,15,1,2687835,2687835,50000
bytes_tokio,multiline_data_tcp_chunks,step1,15,1,2745459,2745459,50000
bytes_tokio,multiline_data_tcp_chunks,original,15,1,2661644,2661644,50000
bytes_tokio,multiline_data_tcp_chunks,core,15,1,2742595,2742595,50000
bytes_tokio,multiline_data_tcp_chunks,step2,15,1,2745418,2745418,50000
bytes_tokio,multiline_data_tcp_chunks,original,16,1,2638805,2638805,50000
bytes_tokio,multiline_data_tcp_chunks,baseline,16,1,2697519,2697519,50000
bytes_tokio,multiline_data_tcp_chunks,core,16,1,2753517,2753517,50000
bytes_tokio,multiline_data_tcp_chunks,step2,16,1,2755524,2755524,50000
bytes_tokio,multiline_data_tcp_chunks,step1,16,1,2743004,2743004,50000
bytes_tokio,multiline_data_tcp_chunks,baseline,17,1,2694177,2694177,50000
bytes_tokio,multiline_data_tcp_chunks,original,17,1,2645836,2645836,50000
bytes_tokio,multiline_data_tcp_chunks,step1,17,1,2782898,2782898,50000
bytes_tokio,multiline_data_tcp_chunks,core,17,1,2727381,2727381,50000
bytes_tokio,multiline_data_tcp_chunks,step2,17,1,2748908,2748908,50000
bytes_tokio,multiline_data_tcp_chunks,baseline,18,1,2664300,2664300,50000
bytes_tokio,multiline_data_tcp_chunks,original,18,1,2660922,2660922,50000
bytes_tokio,multiline_data_tcp_chunks,core,18,1,2739796,2739796,50000
bytes_tokio,multiline_data_tcp_chunks,step1,18,1,2777481,2777481,50000
bytes_tokio,multiline_data_tcp_chunks,step2,18,1,2742588,2742588,50000
bytes_tokio,multiline_data_tcp_chunks,step1,19,1,2726816,2726816,50000
bytes_tokio,multiline_data_tcp_chunks,baseline,19,1,2652182,2652182,50000
bytes_tokio,multiline_data_tcp_chunks,original,19,1,2706709,2706709,50000
bytes_tokio,multiline_data_tcp_chunks,step2,19,1,2836159,2836159,50000
bytes_tokio,multiline_data_tcp_chunks,core,19,1,3486327,3486327,50000
bytes_tokio,multiline_data_tcp_chunks,core,20,1,3254398,3254398,50000
bytes_tokio,multiline_data_tcp_chunks,baseline,20,1,3220128,3220128,50000
bytes_tokio,multiline_data_tcp_chunks,step1,20,1,3816612,3816612,50000
bytes_tokio,multiline_data_tcp_chunks,step2,20,1,3666556,3666556,50000
bytes_tokio,multiline_data_tcp_chunks,original,20,1,3353167,3353167,50000
bytes_tokio,multiline_data_tcp_chunks,baseline,21,1,3544441,3544441,50000
bytes_tokio,multiline_data_tcp_chunks,original,21,1,3444890,3444890,50000
bytes_tokio,multiline_data_tcp_chunks,step1,21,1,3405833,3405833,50000
bytes_tokio,multiline_data_tcp_chunks,step2,21,1,3399596,3399596,50000
bytes_tokio,multiline_data_tcp_chunks,core,21,1,3623107,3623107,50000
bytes_tokio,multiline_data_tcp_chunks,step2,22,1,3543730,3543730,50000
bytes_tokio,multiline_data_tcp_chunks,step1,22,1,3654411,3654411,50000
bytes_tokio,multiline_data_tcp_chunks,baseline,22,1,3437704,3437704,50000
bytes_tokio,multiline_data_tcp_chunks,core,22,1,3423513,3423513,50000
bytes_tokio,multiline_data_tcp_chunks,original,22,1,3279306,3279306,50000
bytes_tokio,multiline_data_tcp_chunks,baseline,23,1,3275466,3275466,50000
bytes_tokio,multiline_data_tcp_chunks,step2,23,1,3660778,3660778,50000
bytes_tokio,multiline_data_tcp_chunks,core,23,1,3198701,3198701,50000
bytes_tokio,multiline_data_tcp_chunks,original,23,1,3302492,3302492,50000
bytes_tokio,multiline_data_tcp_chunks,step1,23,1,3551204,3551204,50000
bytes_tokio,multiline_data_tcp_chunks,step2,24,1,3420443,3420443,50000
bytes_tokio,multiline_data_tcp_chunks,baseline,24,1,3333513,3333513,50000
bytes_tokio,multiline_data_tcp_chunks,step1,24,1,3489415,3489415,50000
bytes_tokio,multiline_data_tcp_chunks,original,24,1,3014729,3014729,50000
bytes_tokio,multiline_data_tcp_chunks,core,24,1,3190594,3190594,50000
bytes_tokio,multiline_data_tcp_chunks,step1,25,1,3441651,3441651,50000
bytes_tokio,multiline_data_tcp_chunks,original,25,1,3149972,3149972,50000
bytes_tokio,multiline_data_tcp_chunks,baseline,25,1,3178647,3178647,50000
bytes_tokio,multiline_data_tcp_chunks,core,25,1,2974095,2974095,50000
bytes_tokio,multiline_data_tcp_chunks,step2,25,1,2823569,2823569,50000
bytes_tokio,multiline_data_tcp_chunks,baseline,26,1,2685350,2685350,50000
bytes_tokio,multiline_data_tcp_chunks,original,26,1,2690079,2690079,50000
bytes_tokio,multiline_data_tcp_chunks,step1,26,1,2785194,2785194,50000
bytes_tokio,multiline_data_tcp_chunks,core,26,1,2840547,2840547,50000
bytes_tokio,multiline_data_tcp_chunks,step2,26,1,2760045,2760045,50000
bytes_tokio,multiline_data_tcp_chunks,original,27,1,2698370,2698370,50000
bytes_tokio,multiline_data_tcp_chunks,core,27,1,2872518,2872518,50000
bytes_tokio,multiline_data_tcp_chunks,baseline,27,1,2730957,2730957,50000
bytes_tokio,multiline_data_tcp_chunks,step1,27,1,2729985,2729985,50000
bytes_tokio,multiline_data_tcp_chunks,step2,27,1,2759511,2759511,50000
bytes_tokio,multiline_data_tcp_chunks,step2,28,1,2785928,2785928,50000
bytes_tokio,multiline_data_tcp_chunks,core,28,1,2734154,2734154,50000
bytes_tokio,multiline_data_tcp_chunks,baseline,28,1,2724701,2724701,50000
bytes_tokio,multiline_data_tcp_chunks,step1,28,1,2744643,2744643,50000
bytes_tokio,multiline_data_tcp_chunks,original,28,1,2880092,2880092,50000
bytes_tokio,multiline_data_tcp_chunks,original,29,1,2689867,2689867,50000
bytes_tokio,multiline_data_tcp_chunks,step1,29,1,2726290,2726290,50000
bytes_tokio,multiline_data_tcp_chunks,core,29,1,2832687,2832687,50000
bytes_tokio,multiline_data_tcp_chunks,baseline,29,1,2708431,2708431,50000
bytes_tokio,multiline_data_tcp_chunks,step2,29,1,2792412,2792412,50000
bytes_tokio,multiline_data_tcp_chunks,step2,30,1,2763164,2763164,50000
bytes_tokio,multiline_data_tcp_chunks,baseline,30,1,2719692,2719692,50000
bytes_tokio,multiline_data_tcp_chunks,core,30,1,2732167,2732167,50000
bytes_tokio,multiline_data_tcp_chunks,step1,30,1,2788085,2788085,50000
bytes_tokio,multiline_data_tcp_chunks,original,30,1,2703034,2703034,50000
bytes_tokio,keepalive_whole_stream_chunk,step2,0,3,2887692,962564,0
bytes_tokio,keepalive_whole_stream_chunk,step1,0,3,2888102,962700.6666666666,0
bytes_tokio,keepalive_whole_stream_chunk,baseline,0,3,2844876,948292,0
bytes_tokio,keepalive_whole_stream_chunk,original,0,3,2853305,951101.6666666666,0
bytes_tokio,keepalive_whole_stream_chunk,core,0,2,2272909,1136454.5,0
bytes_tokio,keepalive_whole_stream_chunk,step1,1,3,3022064,1007354.6666666666,0
bytes_tokio,keepalive_whole_stream_chunk,baseline,1,3,3090340,1030113.3333333334,0
bytes_tokio,keepalive_whole_stream_chunk,step2,1,3,2982411,994137,0
bytes_tokio,keepalive_whole_stream_chunk,core,1,2,2382454,1191227,0
bytes_tokio,keepalive_whole_stream_chunk,original,1,3,2967557,989185.6666666666,0
bytes_tokio,keepalive_whole_stream_chunk,core,2,2,2149647,1074823.5,0
bytes_tokio,keepalive_whole_stream_chunk,step2,2,3,2871542,957180.6666666666,0
bytes_tokio,keepalive_whole_stream_chunk,baseline,2,3,2899845,966615,0
bytes_tokio,keepalive_whole_stream_chunk,original,2,3,2881679,960559.6666666666,0
bytes_tokio,keepalive_whole_stream_chunk,step1,2,3,2857945,952648.3333333334,0
bytes_tokio,keepalive_whole_stream_chunk,original,3,3,2849045,949681.6666666666,0
bytes_tokio,keepalive_whole_stream_chunk,step1,3,3,2893272,964424,0
bytes_tokio,keepalive_whole_stream_chunk,core,3,2,2166800,1083400,0
bytes_tokio,keepalive_whole_stream_chunk,step2,3,3,2854571,951523.6666666666,0
bytes_tokio,keepalive_whole_stream_chunk,baseline,3,3,2909242,969747.3333333334,0
bytes_tokio,keepalive_whole_stream_chunk,baseline,4,3,2866893,955631,0
bytes_tokio,keepalive_whole_stream_chunk,step2,4,3,2863771,954590.3333333334,0
bytes_tokio,keepalive_whole_stream_chunk,original,4,3,2841783,947261,0
bytes_tokio,keepalive_whole_stream_chunk,core,4,2,2219781,1109890.5,0
bytes_tokio,keepalive_whole_stream_chunk,step1,4,3,2888506,962835.3333333334,0
bytes_tokio,keepalive_whole_stream_chunk,original,5,3,2864515,954838.3333333334,0
bytes_tokio,keepalive_whole_stream_chunk,step2,5,3,2842348,947449.3333333334,0
bytes_tokio,keepalive_whole_stream_chunk,baseline,5,3,2885250,961750,0
bytes_tokio,keepalive_whole_stream_chunk,core,5,2,2154618,1077309,0
bytes_tokio,keepalive_whole_stream_chunk,step1,5,3,2837556,945852,0
bytes_tokio,keepalive_whole_stream_chunk,baseline,6,3,2854559,951519.6666666666,0
bytes_tokio,keepalive_whole_stream_chunk,original,6,3,2881754,960584.6666666666,0
bytes_tokio,keepalive_whole_stream_chunk,step1,6,3,2836352,945450.6666666666,0
bytes_tokio,keepalive_whole_stream_chunk,step2,6,3,2837415,945805,0
bytes_tokio,keepalive_whole_stream_chunk,core,6,2,2150360,1075180,0
bytes_tokio,keepalive_whole_stream_chunk,core,7,2,2181356,1090678,0
bytes_tokio,keepalive_whole_stream_chunk,original,7,3,2856862,952287.3333333334,0
bytes_tokio,keepalive_whole_stream_chunk,baseline,7,3,2845600,948533.3333333334,0
bytes_tokio,keepalive_whole_stream_chunk,step2,7,3,2852497,950832.3333333334,0
bytes_tokio,keepalive_whole_stream_chunk,step1,7,3,2860664,953554.6666666666,0
bytes_tokio,keepalive_whole_stream_chunk,step1,8,3,2865494,955164.6666666666,0
bytes_tokio,keepalive_whole_stream_chunk,step2,8,3,2838553,946184.3333333334,0
bytes_tokio,keepalive_whole_stream_chunk,original,8,3,2844484,948161.3333333334,0
bytes_tokio,keepalive_whole_stream_chunk,core,8,2,2175864,1087932,0
bytes_tokio,keepalive_whole_stream_chunk,baseline,8,3,2859937,953312.3333333334,0
bytes_tokio,keepalive_whole_stream_chunk,step1,9,3,2835832,945277.3333333334,0
bytes_tokio,keepalive_whole_stream_chunk,original,9,3,2837195,945731.6666666666,0
bytes_tokio,keepalive_whole_stream_chunk,step2,9,3,2862061,954020.3333333334,0
bytes_tokio,keepalive_whole_stream_chunk,core,9,2,2144759,1072379.5,0
bytes_tokio,keepalive_whole_stream_chunk,baseline,9,3,2844731,948243.6666666666,0
bytes_tokio,keepalive_whole_stream_chunk,baseline,10,3,2855206,951735.3333333334,0
bytes_tokio,keepalive_whole_stream_chunk,step2,10,3,2869798,956599.3333333334,0
bytes_tokio,keepalive_whole_stream_chunk,original,10,3,2864554,954851.3333333334,0
bytes_tokio,keepalive_whole_stream_chunk,step1,10,3,2836724,945574.6666666666,0
bytes_tokio,keepalive_whole_stream_chunk,core,10,2,2156255,1078127.5,0
bytes_tokio,keepalive_whole_stream_chunk,step1,11,3,2864257,954752.3333333334,0
bytes_tokio,keepalive_whole_stream_chunk,original,11,3,2849063,949687.6666666666,0
bytes_tokio,keepalive_whole_stream_chunk,baseline,11,3,2853716,951238.6666666666,0
bytes_tokio,keepalive_whole_stream_chunk,step2,11,3,2839192,946397.3333333334,0
bytes_tokio,keepalive_whole_stream_chunk,core,11,2,2187177,1093588.5,0
bytes_tokio,keepalive_whole_stream_chunk,baseline,12,3,2845333,948444.3333333334,0
bytes_tokio,keepalive_whole_stream_chunk,core,12,2,2160243,1080121.5,0
bytes_tokio,keepalive_whole_stream_chunk,step1,12,3,2874009,958003,0
bytes_tokio,keepalive_whole_stream_chunk,original,12,3,2857816,952605.3333333334,0
bytes_tokio,keepalive_whole_stream_chunk,step2,12,3,2862515,954171.6666666666,0
bytes_tokio,keepalive_whole_stream_chunk,baseline,13,3,2914694,971564.6666666666,0
bytes_tokio,keepalive_whole_stream_chunk,core,13,2,2065920,1032960,0
bytes_tokio,keepalive_whole_stream_chunk,step2,13,3,2860137,953379,0
bytes_tokio,keepalive_whole_stream_chunk,original,13,3,2856199,952066.3333333334,0
bytes_tokio,keepalive_whole_stream_chunk,step1,13,3,2852301,950767,0
bytes_tokio,keepalive_whole_stream_chunk,baseline,14,3,2850855,950285,0
bytes_tokio,keepalive_whole_stream_chunk,original,14,3,2857324,952441.3333333334,0
bytes_tokio,keepalive_whole_stream_chunk,core,14,2,2158856,1079428,0
bytes_tokio,keepalive_whole_stream_chunk,step2,14,3,2845071,948357,0
bytes_tokio,keepalive_whole_stream_chunk,step1,14,3,2930650,976883.3333333334,0
bytes_tokio,keepalive_whole_stream_chunk,baseline,15,3,2848220,949406.6666666666,0
bytes_tokio,keepalive_whole_stream_chunk,step1,15,3,2892773,964257.6666666666,0
bytes_tokio,keepalive_whole_stream_chunk,original,15,3,2843937,947979,0
bytes_tokio,keepalive_whole_stream_chunk,core,15,2,2225213,1112606.5,0
bytes_tokio,keepalive_whole_stream_chunk,step2,15,3,2853796,951265.3333333334,0
bytes_tokio,keepalive_whole_stream_chunk,original,16,3,2853004,951001.3333333334,0
bytes_tokio,keepalive_whole_stream_chunk,baseline,16,3,2850856,950285.3333333334,0
bytes_tokio,keepalive_whole_stream_chunk,core,16,2,2234972,1117486,0
bytes_tokio,keepalive_whole_stream_chunk,step2,16,3,2854033,951344.3333333334,0
bytes_tokio,keepalive_whole_stream_chunk,step1,16,3,2839378,946459.3333333334,0
bytes_tokio,keepalive_whole_stream_chunk,baseline,17,3,2839724,946574.6666666666,0
bytes_tokio,keepalive_whole_stream_chunk,original,17,3,2859220,953073.3333333334,0
bytes_tokio,keepalive_whole_stream_chunk,step1,17,3,2856729,952243,0
bytes_tokio,keepalive_whole_stream_chunk,core,17,2,2246310,1123155,0
bytes_tokio,keepalive_whole_stream_chunk,step2,17,3,2875139,958379.6666666666,0
bytes_tokio,keepalive_whole_stream_chunk,baseline,18,3,2864424,954808,0
bytes_tokio,keepalive_whole_stream_chunk,original,18,3,2868090,956030,0
bytes_tokio,keepalive_whole_stream_chunk,core,18,2,2151692,1075846,0
bytes_tokio,keepalive_whole_stream_chunk,step1,18,3,2861909,953969.6666666666,0
bytes_tokio,keepalive_whole_stream_chunk,step2,18,3,2859864,953288,0
bytes_tokio,keepalive_whole_stream_chunk,step1,19,3,2838345,946115,0
bytes_tokio,keepalive_whole_stream_chunk,baseline,19,3,2841048,947016,0
bytes_tokio,keepalive_whole_stream_chunk,original,19,3,2834767,944922.3333333334,0
bytes_tokio,keepalive_whole_stream_chunk,step2,19,3,2858189,952729.6666666666,0
bytes_tokio,keepalive_whole_stream_chunk,core,19,2,2255505,1127752.5,0
bytes_tokio,keepalive_whole_stream_chunk,core,20,2,2166748,1083374,0
bytes_tokio,keepalive_whole_stream_chunk,baseline,20,3,2868402,956134,0
bytes_tokio,keepalive_whole_stream_chunk,step1,20,3,2859100,953033.3333333334,0
bytes_tokio,keepalive_whole_stream_chunk,step2,20,3,2836594,945531.3333333334,0
bytes_tokio,keepalive_whole_stream_chunk,original,20,3,2837312,945770.6666666666,0
bytes_tokio,keepalive_whole_stream_chunk,baseline,21,3,2856936,952312,0
bytes_tokio,keepalive_whole_stream_chunk,original,21,3,2857494,952498,0
bytes_tokio,keepalive_whole_stream_chunk,step1,21,3,2835752,945250.6666666666,0
bytes_tokio,keepalive_whole_stream_chunk,step2,21,3,2837531,945843.6666666666,0
bytes_tokio,keepalive_whole_stream_chunk,core,21,2,2228155,1114077.5,0
bytes_tokio,keepalive_whole_stream_chunk,step2,22,3,2863995,954665,0
bytes_tokio,keepalive_whole_stream_chunk,step1,22,3,2858631,952877,0
bytes_tokio,keepalive_whole_stream_chunk,baseline,22,3,2839393,946464.3333333334,0
bytes_tokio,keepalive_whole_stream_chunk,core,22,2,2167630,1083815,0
bytes_tokio,keepalive_whole_stream_chunk,original,22,3,2863411,954470.3333333334,0
bytes_tokio,keepalive_whole_stream_chunk,baseline,23,3,3064184,1021394.6666666666,0
bytes_tokio,keepalive_whole_stream_chunk,step2,23,3,2950020,983340,0
bytes_tokio,keepalive_whole_stream_chunk,core,23,2,2182027,1091013.5,0
bytes_tokio,keepalive_whole_stream_chunk,original,23,3,2846202,948734,0
bytes_tokio,keepalive_whole_stream_chunk,step1,23,3,2864895,954965,0
bytes_tokio,keepalive_whole_stream_chunk,step2,24,3,2836105,945368.3333333334,0
bytes_tokio,keepalive_whole_stream_chunk,baseline,24,3,2862436,954145.3333333334,0
bytes_tokio,keepalive_whole_stream_chunk,step1,24,3,2836276,945425.3333333334,0
bytes_tokio,keepalive_whole_stream_chunk,original,24,3,2848440,949480,0
bytes_tokio,keepalive_whole_stream_chunk,core,24,2,2175757,1087878.5,0
bytes_tokio,keepalive_whole_stream_chunk,step1,25,3,2894443,964814.3333333334,0
bytes_tokio,keepalive_whole_stream_chunk,original,25,3,2894450,964816.6666666666,0
bytes_tokio,keepalive_whole_stream_chunk,baseline,25,3,2837252,945750.6666666666,0
bytes_tokio,keepalive_whole_stream_chunk,core,25,2,2173632,1086816,0
bytes_tokio,keepalive_whole_stream_chunk,step2,25,3,2869560,956520,0
bytes_tokio,keepalive_whole_stream_chunk,baseline,26,3,2839354,946451.3333333334,0
bytes_tokio,keepalive_whole_stream_chunk,original,26,3,2838098,946032.6666666666,0
bytes_tokio,keepalive_whole_stream_chunk,step1,26,3,2840876,946958.6666666666,0
bytes_tokio,keepalive_whole_stream_chunk,core,26,2,2195058,1097529,0
bytes_tokio,keepalive_whole_stream_chunk,step2,26,3,2843949,947983,0
bytes_tokio,keepalive_whole_stream_chunk,original,27,3,2854039,951346.3333333334,0
bytes_tokio,keepalive_whole_stream_chunk,core,27,2,2251865,1125932.5,0
bytes_tokio,keepalive_whole_stream_chunk,baseline,27,3,2895526,965175.3333333334,0
bytes_tokio,keepalive_whole_stream_chunk,step1,27,3,2924210,974736.6666666666,0
bytes_tokio,keepalive_whole_stream_chunk,step2,27,3,2860402,953467.3333333334,0
bytes_tokio,keepalive_whole_stream_chunk,step2,28,3,2837221,945740.3333333334,0
bytes_tokio,keepalive_whole_stream_chunk,core,28,2,2166092,1083046,0
bytes_tokio,keepalive_whole_stream_chunk,baseline,28,3,2957576,985858.6666666666,0
bytes_tokio,keepalive_whole_stream_chunk,step1,28,3,2836184,945394.6666666666,0
bytes_tokio,keepalive_whole_stream_chunk,original,28,3,2836613,945537.6666666666,0
bytes_tokio,keepalive_whole_stream_chunk,original,29,3,2876732,958910.6666666666,0
bytes_tokio,keepalive_whole_stream_chunk,step1,29,3,2834713,944904.3333333334,0
bytes_tokio,keepalive_whole_stream_chunk,core,29,2,2231169,1115584.5,0
bytes_tokio,keepalive_whole_stream_chunk,baseline,29,3,2855476,951825.3333333334,0
bytes_tokio,keepalive_whole_stream_chunk,step2,29,3,2880713,960237.6666666666,0
bytes_tokio,keepalive_whole_stream_chunk,step2,30,3,2841746,947248.6666666666,0
bytes_tokio,keepalive_whole_stream_chunk,baseline,30,3,2837887,945962.3333333334,0
bytes_tokio,keepalive_whole_stream_chunk,core,30,2,2262939,1131469.5,0
bytes_tokio,keepalive_whole_stream_chunk,step1,30,3,2870873,956957.6666666666,0
bytes_tokio,keepalive_whole_stream_chunk,original,30,3,2913338,971112.6666666666,0
bytes_tokio,keepalive_tcp_chunks,step2,0,3,2970687,990229,0
bytes_tokio,keepalive_tcp_chunks,step1,0,3,2984453,994817.6666666666,0
bytes_tokio,keepalive_tcp_chunks,baseline,0,2,2033119,1016559.5,0
bytes_tokio,keepalive_tcp_chunks,original,0,2,2093839,1046919.5,0
bytes_tokio,keepalive_tcp_chunks,core,0,2,2152599,1076299.5,0
bytes_tokio,keepalive_tcp_chunks,step1,1,3,2979764,993254.6666666666,0
bytes_tokio,keepalive_tcp_chunks,baseline,1,2,2026898,1013449,0
bytes_tokio,keepalive_tcp_chunks,step2,1,3,2957898,985966,0
bytes_tokio,keepalive_tcp_chunks,core,1,2,2167672,1083836,0
bytes_tokio,keepalive_tcp_chunks,original,1,2,2084229,1042114.5,0
bytes_tokio,keepalive_tcp_chunks,core,2,2,2199188,1099594,0
bytes_tokio,keepalive_tcp_chunks,step2,2,3,2976119,992039.6666666666,0
bytes_tokio,keepalive_tcp_chunks,baseline,2,2,2024202,1012101,0
bytes_tokio,keepalive_tcp_chunks,original,2,2,2085006,1042503,0
bytes_tokio,keepalive_tcp_chunks,step1,2,3,2973718,991239.3333333334,0
bytes_tokio,keepalive_tcp_chunks,original,3,2,2087713,1043856.5,0
bytes_tokio,keepalive_tcp_chunks,step1,3,3,2958475,986158.3333333334,0
bytes_tokio,keepalive_tcp_chunks,core,3,2,2126265,1063132.5,0
bytes_tokio,keepalive_tcp_chunks,step2,3,3,2964021,988007,0
bytes_tokio,keepalive_tcp_chunks,baseline,3,2,2028213,1014106.5,0
bytes_tokio,keepalive_tcp_chunks,baseline,4,2,2024144,1012072,0
bytes_tokio,keepalive_tcp_chunks,step2,4,3,2943632,981210.6666666666,0
bytes_tokio,keepalive_tcp_chunks,original,4,2,2087556,1043778,0
bytes_tokio,keepalive_tcp_chunks,core,4,2,2192633,1096316.5,0
bytes_tokio,keepalive_tcp_chunks,step1,4,3,2984255,994751.6666666666,0
bytes_tokio,keepalive_tcp_chunks,original,5,2,2114430,1057215,0
bytes_tokio,keepalive_tcp_chunks,step2,5,3,2947435,982478.3333333334,0
bytes_tokio,keepalive_tcp_chunks,baseline,5,2,2042714,1021357,0
bytes_tokio,keepalive_tcp_chunks,core,5,2,2199478,1099739,0
bytes_tokio,keepalive_tcp_chunks,step1,5,3,2954970,984990,0
bytes_tokio,keepalive_tcp_chunks,baseline,6,2,2033350,1016675,0
bytes_tokio,keepalive_tcp_chunks,original,6,2,2087384,1043692,0
bytes_tokio,keepalive_tcp_chunks,step1,6,3,2983870,994623.3333333334,0
bytes_tokio,keepalive_tcp_chunks,step2,6,3,2946885,982295,0
bytes_tokio,keepalive_tcp_chunks,core,6,2,2139164,1069582,0
bytes_tokio,keepalive_tcp_chunks,core,7,2,2130597,1065298.5,0
bytes_tokio,keepalive_tcp_chunks,original,7,2,2100252,1050126,0
bytes_tokio,keepalive_tcp_chunks,baseline,7,2,2036720,1018360,0
bytes_tokio,keepalive_tcp_chunks,step2,7,3,2946318,982106,0
bytes_tokio,keepalive_tcp_chunks,step1,7,3,2983686,994562,0
bytes_tokio,keepalive_tcp_chunks,step1,8,3,3020189,1006729.6666666666,0
bytes_tokio,keepalive_tcp_chunks,step2,8,3,2944855,981618.3333333334,0
bytes_tokio,keepalive_tcp_chunks,original,8,2,2086130,1043065,0
bytes_tokio,keepalive_tcp_chunks,core,8,2,2120822,1060411,0
bytes_tokio,keepalive_tcp_chunks,baseline,8,2,2038151,1019075.5,0
bytes_tokio,keepalive_tcp_chunks,step1,9,3,2974777,991592.3333333334,0
bytes_tokio,keepalive_tcp_chunks,original,9,2,2084476,1042238,0
bytes_tokio,keepalive_tcp_chunks,step2,9,3,2972818,990939.3333333334,0
bytes_tokio,keepalive_tcp_chunks,core,9,2,2192797,1096398.5,0
bytes_tokio,keepalive_tcp_chunks,baseline,9,2,2054821,1027410.5,0
bytes_tokio,keepalive_tcp_chunks,baseline,10,2,2021774,1010887,0
bytes_tokio,keepalive_tcp_chunks,step2,10,3,2974058,991352.6666666666,0
bytes_tokio,keepalive_tcp_chunks,original,10,2,2164772,1082386,0
bytes_tokio,keepalive_tcp_chunks,step1,10,3,2998943,999647.6666666666,0
bytes_tokio,keepalive_tcp_chunks,core,10,2,2212289,1106144.5,0
bytes_tokio,keepalive_tcp_chunks,step1,11,3,2957622,985874,0
bytes_tokio,keepalive_tcp_chunks,original,11,2,2082941,1041470.5,0
bytes_tokio,keepalive_tcp_chunks,baseline,11,2,2042064,1021032,0
bytes_tokio,keepalive_tcp_chunks,step2,11,3,2969279,989759.6666666666,0
bytes_tokio,keepalive_tcp_chunks,core,11,2,2146590,1073295,0
bytes_tokio,keepalive_tcp_chunks,baseline,12,2,2020835,1010417.5,0
bytes_tokio,keepalive_tcp_chunks,core,12,2,2188173,1094086.5,0
bytes_tokio,keepalive_tcp_chunks,step1,12,3,2982178,994059.3333333334,0
bytes_tokio,keepalive_tcp_chunks,original,12,2,2084179,1042089.5,0
bytes_tokio,keepalive_tcp_chunks,step2,12,3,2963888,987962.6666666666,0
bytes_tokio,keepalive_tcp_chunks,baseline,13,2,2048316,1024158,0
bytes_tokio,keepalive_tcp_chunks,core,13,2,2149589,1074794.5,0
bytes_tokio,keepalive_tcp_chunks,step2,13,3,2974589,991529.6666666666,0
bytes_tokio,keepalive_tcp_chunks,original,13,2,2087064,1043532,0
bytes_tokio,keepalive_tcp_chunks,step1,13,3,2958419,986139.6666666666,0
bytes_tokio,keepalive_tcp_chunks,baseline,14,2,2020562,1010281,0
bytes_tokio,keepalive_tcp_chunks,original,14,2,2109152,1054576,0
bytes_tokio,keepalive_tcp_chunks,core,14,2,2303085,1151542.5,0
bytes_tokio,keepalive_tcp_chunks,step2,14,3,2959226,986408.6666666666,0
bytes_tokio,keepalive_tcp_chunks,step1,14,3,2957695,985898.3333333334,0
bytes_tokio,keepalive_tcp_chunks,baseline,15,2,2041523,1020761.5,0
bytes_tokio,keepalive_tcp_chunks,step1,15,3,2957506,985835.3333333334,0
bytes_tokio,keepalive_tcp_chunks,original,15,2,2101526,1050763,0
bytes_tokio,keepalive_tcp_chunks,core,15,2,2170650,1085325,0
bytes_tokio,keepalive_tcp_chunks,step2,15,3,3012783,1004261,0
bytes_tokio,keepalive_tcp_chunks,original,16,2,2089832,1044916,0
bytes_tokio,keepalive_tcp_chunks,baseline,16,2,2026812,1013406,0
bytes_tokio,keepalive_tcp_chunks,core,16,2,2156598,1078299,0
bytes_tokio,keepalive_tcp_chunks,step2,16,3,2956080,985360,0
bytes_tokio,keepalive_tcp_chunks,step1,16,3,2986600,995533.3333333334,0
bytes_tokio,keepalive_tcp_chunks,baseline,17,2,2038573,1019286.5,0
bytes_tokio,keepalive_tcp_chunks,original,17,2,2084795,1042397.5,0
bytes_tokio,keepalive_tcp_chunks,step1,17,3,2950318,983439.3333333334,0
bytes_tokio,keepalive_tcp_chunks,core,17,2,2169942,1084971,0
bytes_tokio,keepalive_tcp_chunks,step2,17,3,2964796,988265.3333333334,0
bytes_tokio,keepalive_tcp_chunks,baseline,18,2,2020565,1010282.5,0
bytes_tokio,keepalive_tcp_chunks,original,18,2,2078347,1039173.5,0
bytes_tokio,keepalive_tcp_chunks,core,18,2,2153102,1076551,0
bytes_tokio,keepalive_tcp_chunks,step1,18,3,3002217,1000739,0
bytes_tokio,keepalive_tcp_chunks,step2,18,3,2952302,984100.6666666666,0
bytes_tokio,keepalive_tcp_chunks,step1,19,3,2947828,982609.3333333334,0
bytes_tokio,keepalive_tcp_chunks,baseline,19,2,2019770,1009885,0
bytes_tokio,keepalive_tcp_chunks,original,19,2,2102613,1051306.5,0
bytes_tokio,keepalive_tcp_chunks,step2,19,3,2978196,992732,0
bytes_tokio,keepalive_tcp_chunks,core,19,2,2181894,1090947,0
bytes_tokio,keepalive_tcp_chunks,core,20,2,2163029,1081514.5,0
bytes_tokio,keepalive_tcp_chunks,baseline,20,2,2055135,1027567.5,0
bytes_tokio,keepalive_tcp_chunks,step1,20,3,2960040,986680,0
bytes_tokio,keepalive_tcp_chunks,step2,20,3,2954418,984806,0
bytes_tokio,keepalive_tcp_chunks,original,20,2,2084990,1042495,0
bytes_tokio,keepalive_tcp_chunks,baseline,21,2,2035512,1017756,0
bytes_tokio,keepalive_tcp_chunks,original,21,2,2093935,1046967.5,0
bytes_tokio,keepalive_tcp_chunks,step1,21,3,2957162,985720.6666666666,0
bytes_tokio,keepalive_tcp_chunks,step2,21,3,2947868,982622.6666666666,0
bytes_tokio,keepalive_tcp_chunks,core,21,2,2191088,1095544,0
bytes_tokio,keepalive_tcp_chunks,step2,22,3,2983415,994471.6666666666,0
bytes_tokio,keepalive_tcp_chunks,step1,22,3,2973615,991205,0
bytes_tokio,keepalive_tcp_chunks,baseline,22,2,2023351,1011675.5,0
bytes_tokio,keepalive_tcp_chunks,core,22,2,2147265,1073632.5,0
bytes_tokio,keepalive_tcp_chunks,original,22,2,2066030,1033015,0
bytes_tokio,keepalive_tcp_chunks,baseline,23,2,2023780,1011890,0
bytes_tokio,keepalive_tcp_chunks,step2,23,3,2944795,981598.3333333334,0
bytes_tokio,keepalive_tcp_chunks,core,23,2,2151350,1075675,0
bytes_tokio,keepalive_tcp_chunks,original,23,2,2055868,1027934,0
bytes_tokio,keepalive_tcp_chunks,step1,23,3,3025348,1008449.3333333334,0
bytes_tokio,keepalive_tcp_chunks,step2,24,3,2956512,985504,0
bytes_tokio,keepalive_tcp_chunks,baseline,24,2,2022621,1011310.5,0
bytes_tokio,keepalive_tcp_chunks,step1,24,3,2954990,984996.6666666666,0
bytes_tokio,keepalive_tcp_chunks,original,24,2,2093759,1046879.5,0
bytes_tokio,keepalive_tcp_chunks,core,24,2,2150036,1075018,0
bytes_tokio,keepalive_tcp_chunks,step1,25,3,2972416,990805.3333333334,0
bytes_tokio,keepalive_tcp_chunks,original,25,2,2090070,1045035,0
bytes_tokio,keepalive_tcp_chunks,baseline,25,2,2039872,1019936,0
bytes_tokio,keepalive_tcp_chunks,core,25,2,2173505,1086752.5,0
bytes_tokio,keepalive_tcp_chunks,step2,25,3,2961485,987161.6666666666,0
bytes_tokio,keepalive_tcp_chunks,baseline,26,2,2033261,1016630.5,0
bytes_tokio,keepalive_tcp_chunks,original,26,2,2084451,1042225.5,0
bytes_tokio,keepalive_tcp_chunks,step1,26,3,2993934,997978,0
bytes_tokio,keepalive_tcp_chunks,core,26,2,2154611,1077305.5,0
bytes_tokio,keepalive_tcp_chunks,step2,26,3,2967992,989330.6666666666,0
bytes_tokio,keepalive_tcp_chunks,original,27,2,2088628,1044314,0
bytes_tokio,keepalive_tcp_chunks,core,27,2,2131020,1065510,0
bytes_tokio,keepalive_tcp_chunks,baseline,27,2,2023204,1011602,0
bytes_tokio,keepalive_tcp_chunks,step1,27,3,2953135,984378.3333333334,0
bytes_tokio,keepalive_tcp_chunks,step2,27,3,2963412,987804,0
bytes_tokio,keepalive_tcp_chunks,step2,28,3,2970041,990013.6666666666,0
bytes_tokio,keepalive_tcp_chunks,core,28,2,2181618,1090809,0
bytes_tokio,keepalive_tcp_chunks,baseline,28,2,2041434,1020717,0
bytes_tokio,keepalive_tcp_chunks,step1,28,3,2956628,985542.6666666666,0
bytes_tokio,keepalive_tcp_chunks,original,28,2,2086020,1043010,0
bytes_tokio,keepalive_tcp_chunks,original,29,2,2555988,1277994,0
bytes_tokio,keepalive_tcp_chunks,step1,29,3,4019829,1339943,0
bytes_tokio,keepalive_tcp_chunks,core,29,2,2683865,1341932.5,0
bytes_tokio,keepalive_tcp_chunks,baseline,29,2,2634302,1317151,0
bytes_tokio,keepalive_tcp_chunks,step2,29,3,4028268,1342756,0
bytes_tokio,keepalive_tcp_chunks,step2,30,3,3829203,1276401,0
bytes_tokio,keepalive_tcp_chunks,baseline,30,2,2468938,1234469,0
bytes_tokio,keepalive_tcp_chunks,core,30,2,2703630,1351815,0
bytes_tokio,keepalive_tcp_chunks,step1,30,3,4492049,1497349.6666666667,0
bytes_tokio,keepalive_tcp_chunks,original,30,2,2458730,1229365,0
bytes_tokio,keepalive_line_chunks,step2,0,1,4682267,4682267,0
bytes_tokio,keepalive_line_chunks,step1,0,1,4498348,4498348,0
bytes_tokio,keepalive_line_chunks,baseline,0,1,4108175,4108175,0
bytes_tokio,keepalive_line_chunks,original,0,1,4164880,4164880,0
bytes_tokio,keepalive_line_chunks,core,0,1,3884394,3884394,0
bytes_tokio,keepalive_line_chunks,step1,1,1,4030961,4030961,0
bytes_tokio,keepalive_line_chunks,baseline,1,1,4175170,4175170,0
bytes_tokio,keepalive_line_chunks,step2,1,1,4184756,4184756,0
bytes_tokio,keepalive_line_chunks,core,1,1,3897328,3897328,0
bytes_tokio,keepalive_line_chunks,original,1,1,4036935,4036935,0
bytes_tokio,keepalive_line_chunks,core,2,1,3918192,3918192,0
bytes_tokio,keepalive_line_chunks,step2,2,1,4105599,4105599,0
bytes_tokio,keepalive_line_chunks,baseline,2,1,4312555,4312555,0
bytes_tokio,keepalive_line_chunks,original,2,1,4134862,4134862,0
bytes_tokio,keepalive_line_chunks,step1,2,1,4157085,4157085,0
bytes_tokio,keepalive_line_chunks,original,3,1,4222460,4222460,0
bytes_tokio,keepalive_line_chunks,step1,3,1,4092371,4092371,0
bytes_tokio,keepalive_line_chunks,core,3,1,3883993,3883993,0
bytes_tokio,keepalive_line_chunks,step2,3,1,4052374,4052374,0
bytes_tokio,keepalive_line_chunks,baseline,3,1,4059990,4059990,0
bytes_tokio,keepalive_line_chunks,baseline,4,1,4061130,4061130,0
bytes_tokio,keepalive_line_chunks,step2,4,1,4042831,4042831,0
bytes_tokio,keepalive_line_chunks,original,4,1,4011940,4011940,0
bytes_tokio,keepalive_line_chunks,core,4,1,3874706,3874706,0
bytes_tokio,keepalive_line_chunks,step1,4,1,3983819,3983819,0
bytes_tokio,keepalive_line_chunks,original,5,1,4064035,4064035,0
bytes_tokio,keepalive_line_chunks,step2,5,1,4074993,4074993,0
bytes_tokio,keepalive_line_chunks,baseline,5,1,4318678,4318678,0
bytes_tokio,keepalive_line_chunks,core,5,1,4109315,4109315,0
bytes_tokio,keepalive_line_chunks,step1,5,1,4255302,4255302,0
bytes_tokio,keepalive_line_chunks,baseline,6,1,4101136,4101136,0
bytes_tokio,keepalive_line_chunks,original,6,1,4053093,4053093,0
bytes_tokio,keepalive_line_chunks,step1,6,1,4012150,4012150,0
bytes_tokio,keepalive_line_chunks,step2,6,1,4011732,4011732,0
bytes_tokio,keepalive_line_chunks,core,6,1,3928064,3928064,0
bytes_tokio,keepalive_line_chunks,core,7,1,3854045,3854045,0
bytes_tokio,keepalive_line_chunks,original,7,1,4010726,4010726,0
bytes_tokio,keepalive_line_chunks,baseline,7,1,4002963,4002963,0
bytes_tokio,keepalive_line_chunks,step2,7,1,4033796,4033796,0
bytes_tokio,keepalive_line_chunks,step1,7,1,4064371,4064371,0
bytes_tokio,keepalive_line_chunks,step1,8,1,4092314,4092314,0
bytes_tokio,keepalive_line_chunks,step2,8,1,4184954,4184954,0
bytes_tokio,keepalive_line_chunks,original,8,1,4035309,4035309,0
bytes_tokio,keepalive_line_chunks,core,8,1,3893732,3893732,0
bytes_tokio,keepalive_line_chunks,baseline,8,1,4066698,4066698,0
bytes_tokio,keepalive_line_chunks,step1,9,1,4073380,4073380,0
bytes_tokio,keepalive_line_chunks,original,9,1,4045471,4045471,0
bytes_tokio,keepalive_line_chunks,step2,9,1,4102258,4102258,0
bytes_tokio,keepalive_line_chunks,core,9,1,3843516,3843516,0
bytes_tokio,keepalive_line_chunks,baseline,9,1,4085259,4085259,0
bytes_tokio,keepalive_line_chunks,baseline,10,1,4110108,4110108,0
bytes_tokio,keepalive_line_chunks,step2,10,1,4190556,4190556,0
bytes_tokio,keepalive_line_chunks,original,10,1,4036021,4036021,0
bytes_tokio,keepalive_line_chunks,step1,10,1,4085571,4085571,0
bytes_tokio,keepalive_line_chunks,core,10,1,3857234,3857234,0
bytes_tokio,keepalive_line_chunks,step1,11,1,4008381,4008381,0
bytes_tokio,keepalive_line_chunks,original,11,1,3974867,3974867,0
bytes_tokio,keepalive_line_chunks,baseline,11,1,4013298,4013298,0
bytes_tokio,keepalive_line_chunks,step2,11,1,4054478,4054478,0
bytes_tokio,keepalive_line_chunks,core,11,1,3868649,3868649,0
bytes_tokio,keepalive_line_chunks,baseline,12,1,4022304,4022304,0
bytes_tokio,keepalive_line_chunks,core,12,1,3847899,3847899,0
bytes_tokio,keepalive_line_chunks,step1,12,1,3997012,3997012,0
bytes_tokio,keepalive_line_chunks,original,12,1,4029576,4029576,0
bytes_tokio,keepalive_line_chunks,step2,12,1,4126688,4126688,0
bytes_tokio,keepalive_line_chunks,baseline,13,1,4087654,4087654,0
bytes_tokio,keepalive_line_chunks,core,13,1,3893138,3893138,0
bytes_tokio,keepalive_line_chunks,step2,13,1,3996943,3996943,0
bytes_tokio,keepalive_line_chunks,original,13,1,4139768,4139768,0
bytes_tokio,keepalive_line_chunks,step1,13,1,4081210,4081210,0
bytes_tokio,keepalive_line_chunks,baseline,14,1,4096902,4096902,0
bytes_tokio,keepalive_line_chunks,original,14,1,4127841,4127841,0
bytes_tokio,keepalive_line_chunks,core,14,1,3833954,3833954,0
bytes_tokio,keepalive_line_chunks,step2,14,1,4051447,4051447,0
bytes_tokio,keepalive_line_chunks,step1,14,1,4102365,4102365,0
bytes_tokio,keepalive_line_chunks,baseline,15,1,4083386,4083386,0
bytes_tokio,keepalive_line_chunks,step1,15,1,4110983,4110983,0
bytes_tokio,keepalive_line_chunks,original,15,1,4189764,4189764,0
bytes_tokio,keepalive_line_chunks,core,15,1,3886610,3886610,0
bytes_tokio,keepalive_line_chunks,step2,15,1,4085629,4085629,0
bytes_tokio,keepalive_line_chunks,original,16,1,4131778,4131778,0
bytes_tokio,keepalive_line_chunks,baseline,16,1,4072048,4072048,0
bytes_tokio,keepalive_line_chunks,core,16,1,3911235,3911235,0
bytes_tokio,keepalive_line_chunks,step2,16,1,3992277,3992277,0
bytes_tokio,keepalive_line_chunks,step1,16,1,4062572,4062572,0
bytes_tokio,keepalive_line_chunks,baseline,17,1,4058291,4058291,0
bytes_tokio,keepalive_line_chunks,original,17,1,4047915,4047915,0
bytes_tokio,keepalive_line_chunks,step1,17,1,4091486,4091486,0
bytes_tokio,keepalive_line_chunks,core,17,1,3911089,3911089,0
bytes_tokio,keepalive_line_chunks,step2,17,1,3995623,3995623,0
bytes_tokio,keepalive_line_chunks,baseline,18,1,4023024,4023024,0
bytes_tokio,keepalive_line_chunks,original,18,1,3996875,3996875,0
bytes_tokio,keepalive_line_chunks,core,18,1,3882882,3882882,0
bytes_tokio,keepalive_line_chunks,step1,18,1,4003435,4003435,0
bytes_tokio,keepalive_line_chunks,step2,18,1,4042740,4042740,0
bytes_tokio,keepalive_line_chunks,step1,19,1,4094425,4094425,0
bytes_tokio,keepalive_line_chunks,baseline,19,1,4145176,4145176,0
bytes_tokio,keepalive_line_chunks,original,19,1,4155915,4155915,0
bytes_tokio,keepalive_line_chunks,step2,19,1,4183505,4183505,0
bytes_tokio,keepalive_line_chunks,core,19,1,3839050,3839050,0
bytes_tokio,keepalive_line_chunks,core,20,1,3844339,3844339,0
bytes_tokio,keepalive_line_chunks,baseline,20,1,4077667,4077667,0
bytes_tokio,keepalive_line_chunks,step1,20,1,4101056,4101056,0
bytes_tokio,keepalive_line_chunks,step2,20,1,4057566,4057566,0
bytes_tokio,keepalive_line_chunks,original,20,1,4094430,4094430,0
bytes_tokio,keepalive_line_chunks,baseline,21,1,4082192,4082192,0
bytes_tokio,keepalive_line_chunks,original,21,1,4087787,4087787,0
bytes_tokio,keepalive_line_chunks,step1,21,1,4203758,4203758,0
bytes_tokio,keepalive_line_chunks,step2,21,1,4063552,4063552,0
bytes_tokio,keepalive_line_chunks,core,21,1,3872451,3872451,0
bytes_tokio,keepalive_line_chunks,step2,22,1,4108414,4108414,0
bytes_tokio,keepalive_line_chunks,step1,22,1,4099979,4099979,0
bytes_tokio,keepalive_line_chunks,baseline,22,1,4073099,4073099,0
bytes_tokio,keepalive_line_chunks,core,22,1,3888747,3888747,0
bytes_tokio,keepalive_line_chunks,original,22,1,3991786,3991786,0
bytes_tokio,keepalive_line_chunks,baseline,23,1,4009488,4009488,0
bytes_tokio,keepalive_line_chunks,step2,23,1,4040969,4040969,0
bytes_tokio,keepalive_line_chunks,core,23,1,3874010,3874010,0
bytes_tokio,keepalive_line_chunks,original,23,1,3981524,3981524,0
bytes_tokio,keepalive_line_chunks,step1,23,1,4111616,4111616,0
bytes_tokio,keepalive_line_chunks,step2,24,1,4071807,4071807,0
bytes_tokio,keepalive_line_chunks,baseline,24,1,4133476,4133476,0
bytes_tokio,keepalive_line_chunks,step1,24,1,4077163,4077163,0
bytes_tokio,keepalive_line_chunks,original,24,1,4194867,4194867,0
bytes_tokio,keepalive_line_chunks,core,24,1,3844739,3844739,0
bytes_tokio,keepalive_line_chunks,step1,25,1,4004697,4004697,0
bytes_tokio,keepalive_line_chunks,original,25,1,3993353,3993353,0
bytes_tokio,keepalive_line_chunks,baseline,25,1,4008593,4008593,0
bytes_tokio,keepalive_line_chunks,core,25,1,3852656,3852656,0
bytes_tokio,keepalive_line_chunks,step2,25,1,4000477,4000477,0
bytes_tokio,keepalive_line_chunks,baseline,26,1,4012285,4012285,0
bytes_tokio,keepalive_line_chunks,original,26,1,4042153,4042153,0
bytes_tokio,keepalive_line_chunks,step1,26,1,4017122,4017122,0
bytes_tokio,keepalive_line_chunks,core,26,1,3869043,3869043,0
bytes_tokio,keepalive_line_chunks,step2,26,1,4002729,4002729,0
bytes_tokio,keepalive_line_chunks,original,27,1,4025138,4025138,0
bytes_tokio,keepalive_line_chunks,core,27,1,3876338,3876338,0
bytes_tokio,keepalive_line_chunks,baseline,27,1,3987159,3987159,0
bytes_tokio,keepalive_line_chunks,step1,27,1,4073792,4073792,0
bytes_tokio,keepalive_line_chunks,step2,27,1,4027332,4027332,0
bytes_tokio,keepalive_line_chunks,step2,28,1,4049437,4049437,0
bytes_tokio,keepalive_line_chunks,core,28,1,3835339,3835339,0
bytes_tokio,keepalive_line_chunks,baseline,28,1,3981658,3981658,0
bytes_tokio,keepalive_line_chunks,step1,28,1,4051900,4051900,0
bytes_tokio,keepalive_line_chunks,original,28,1,4063349,4063349,0
bytes_tokio,keepalive_line_chunks,original,29,1,4004226,4004226,0
bytes_tokio,keepalive_line_chunks,step1,29,1,4037046,4037046,0
bytes_tokio,keepalive_line_chunks,core,29,1,3834626,3834626,0
bytes_tokio,keepalive_line_chunks,baseline,29,1,3992096,3992096,0
bytes_tokio,keepalive_line_chunks,step2,29,1,4057068,4057068,0
bytes_tokio,keepalive_line_chunks,step2,30,1,4037301,4037301,0
bytes_tokio,keepalive_line_chunks,baseline,30,1,3981220,3981220,0
bytes_tokio,keepalive_line_chunks,core,30,1,3895953,3895953,0
bytes_tokio,keepalive_line_chunks,step1,30,1,3975873,3975873,0
bytes_tokio,keepalive_line_chunks,original,30,1,4012150,4012150,0
bytes_tokio,keepalive_4b_chunks,step2,0,1,12509953,12509953,0
bytes_tokio,keepalive_4b_chunks,step1,0,1,12577819,12577819,0
bytes_tokio,keepalive_4b_chunks,baseline,0,1,12521824,12521824,0
bytes_tokio,keepalive_4b_chunks,original,0,1,12555648,12555648,0
bytes_tokio,keepalive_4b_chunks,core,0,1,11773533,11773533,0
bytes_tokio,keepalive_4b_chunks,step1,1,1,12379124,12379124,0
bytes_tokio,keepalive_4b_chunks,baseline,1,1,12779481,12779481,0
bytes_tokio,keepalive_4b_chunks,step2,1,1,14637685,14637685,0
bytes_tokio,keepalive_4b_chunks,core,1,1,13390598,13390598,0
bytes_tokio,keepalive_4b_chunks,original,1,1,14700886,14700886,0
bytes_tokio,keepalive_4b_chunks,core,2,1,13653127,13653127,0
bytes_tokio,keepalive_4b_chunks,step2,2,1,14593392,14593392,0
bytes_tokio,keepalive_4b_chunks,baseline,2,1,14091967,14091967,0
bytes_tokio,keepalive_4b_chunks,original,2,1,13929668,13929668,0
bytes_tokio,keepalive_4b_chunks,step1,2,1,12769794,12769794,0
bytes_tokio,keepalive_4b_chunks,original,3,1,12916452,12916452,0
bytes_tokio,keepalive_4b_chunks,step1,3,1,12876661,12876661,0
bytes_tokio,keepalive_4b_chunks,core,3,1,11825600,11825600,0
bytes_tokio,keepalive_4b_chunks,step2,3,1,13115200,13115200,0
bytes_tokio,keepalive_4b_chunks,baseline,3,1,12579485,12579485,0
bytes_tokio,keepalive_4b_chunks,baseline,4,1,12586021,12586021,0
bytes_tokio,keepalive_4b_chunks,step2,4,1,12798398,12798398,0
bytes_tokio,keepalive_4b_chunks,original,4,1,12824384,12824384,0
bytes_tokio,keepalive_4b_chunks,core,4,1,12171666,12171666,0
bytes_tokio,keepalive_4b_chunks,step1,4,1,12627689,12627689,0
bytes_tokio,keepalive_4b_chunks,original,5,1,12600613,12600613,0
bytes_tokio,keepalive_4b_chunks,step2,5,1,12872505,12872505,0
bytes_tokio,keepalive_4b_chunks,baseline,5,1,12574097,12574097,0
bytes_tokio,keepalive_4b_chunks,core,5,1,11834307,11834307,0
bytes_tokio,keepalive_4b_chunks,step1,5,1,12573296,12573296,0
bytes_tokio,keepalive_4b_chunks,baseline,6,1,12587775,12587775,0
bytes_tokio,keepalive_4b_chunks,original,6,1,12484150,12484150,0
bytes_tokio,keepalive_4b_chunks,step1,6,1,12475941,12475941,0
bytes_tokio,keepalive_4b_chunks,step2,6,1,12753618,12753618,0
bytes_tokio,keepalive_4b_chunks,core,6,1,11761934,11761934,0
bytes_tokio,keepalive_4b_chunks,core,7,1,11818692,11818692,0
bytes_tokio,keepalive_4b_chunks,original,7,1,12552028,12552028,0
bytes_tokio,keepalive_4b_chunks,baseline,7,1,12603099,12603099,0
bytes_tokio,keepalive_4b_chunks,step2,7,1,12819405,12819405,0
bytes_tokio,keepalive_4b_chunks,step1,7,1,12529822,12529822,0
bytes_tokio,keepalive_4b_chunks,step1,8,1,12571434,12571434,0
bytes_tokio,keepalive_4b_chunks,step2,8,1,12823042,12823042,0
bytes_tokio,keepalive_4b_chunks,original,8,1,12569195,12569195,0
bytes_tokio,keepalive_4b_chunks,core,8,1,11780603,11780603,0
bytes_tokio,keepalive_4b_chunks,baseline,8,1,12526286,12526286,0
bytes_tokio,keepalive_4b_chunks,step1,9,1,12557874,12557874,0
bytes_tokio,keepalive_4b_chunks,original,9,1,12482085,12482085,0
bytes_tokio,keepalive_4b_chunks,step2,9,1,12861202,12861202,0
bytes_tokio,keepalive_4b_chunks,core,9,1,11775540,11775540,0
bytes_tokio,keepalive_4b_chunks,baseline,9,1,12139306,12139306,0
bytes_tokio,keepalive_4b_chunks,baseline,10,1,12557089,12557089,0
bytes_tokio,keepalive_4b_chunks,step2,10,1,12782477,12782477,0
bytes_tokio,keepalive_4b_chunks,original,10,1,12543512,12543512,0
bytes_tokio,keepalive_4b_chunks,step1,10,1,12549212,12549212,0
bytes_tokio,keepalive_4b_chunks,core,10,1,11748073,11748073,0
bytes_tokio,keepalive_4b_chunks,step1,11,1,12354701,12354701,0
bytes_tokio,keepalive_4b_chunks,original,11,1,12603489,12603489,0
bytes_tokio,keepalive_4b_chunks,baseline,11,1,12484234,12484234,0
bytes_tokio,keepalive_4b_chunks,step2,11,1,12848977,12848977,0
bytes_tokio,keepalive_4b_chunks,core,11,1,11835521,11835521,0
bytes_tokio,keepalive_4b_chunks,baseline,12,1,12392582,12392582,0
bytes_tokio,keepalive_4b_chunks,core,12,1,11866325,11866325,0
bytes_tokio,keepalive_4b_chunks,step1,12,1,12514618,12514618,0
bytes_tokio,keepalive_4b_chunks,original,12,1,12475538,12475538,0
bytes_tokio,keepalive_4b_chunks,step2,12,1,12735793,12735793,0
bytes_tokio,keepalive_4b_chunks,baseline,13,1,12462491,12462491,0
bytes_tokio,keepalive_4b_chunks,core,13,1,11768152,11768152,0
bytes_tokio,keepalive_4b_chunks,step2,13,1,12787380,12787380,0
bytes_tokio,keepalive_4b_chunks,original,13,1,12578185,12578185,0
bytes_tokio,keepalive_4b_chunks,step1,13,1,12554216,12554216,0
bytes_tokio,keepalive_4b_chunks,baseline,14,1,12610918,12610918,0
bytes_tokio,keepalive_4b_chunks,original,14,1,12454585,12454585,0
bytes_tokio,keepalive_4b_chunks,core,14,1,11790767,11790767,0
bytes_tokio,keepalive_4b_chunks,step2,14,1,12694125,12694125,0
bytes_tokio,keepalive_4b_chunks,step1,14,1,12467337,12467337,0
bytes_tokio,keepalive_4b_chunks,baseline,15,1,12514846,12514846,0
bytes_tokio,keepalive_4b_chunks,step1,15,1,12532376,12532376,0
bytes_tokio,keepalive_4b_chunks,original,15,1,12472038,12472038,0
bytes_tokio,keepalive_4b_chunks,core,15,1,11782678,11782678,0
bytes_tokio,keepalive_4b_chunks,step2,15,1,12838581,12838581,0
bytes_tokio,keepalive_4b_chunks,original,16,1,12482335,12482335,0
bytes_tokio,keepalive_4b_chunks,baseline,16,1,12570864,12570864,0
bytes_tokio,keepalive_4b_chunks,core,16,1,11763834,11763834,0
bytes_tokio,keepalive_4b_chunks,step2,16,1,12791040,12791040,0
bytes_tokio,keepalive_4b_chunks,step1,16,1,12497307,12497307,0
bytes_tokio,keepalive_4b_chunks,baseline,17,1,12745152,12745152,0
bytes_tokio,keepalive_4b_chunks,original,17,1,14360509,14360509,0
bytes_tokio,keepalive_4b_chunks,step1,17,1,14042180,14042180,0
bytes_tokio,keepalive_4b_chunks,core,17,1,13577571,13577571,0
bytes_tokio,keepalive_4b_chunks,step2,17,1,14251156,14251156,0
bytes_tokio,keepalive_4b_chunks,baseline,18,1,14165747,14165747,0
bytes_tokio,keepalive_4b_chunks,original,18,1,14013379,14013379,0
bytes_tokio,keepalive_4b_chunks,core,18,1,13422044,13422044,0
bytes_tokio,keepalive_4b_chunks,step1,18,1,12873700,12873700,0
bytes_tokio,keepalive_4b_chunks,step2,18,1,12971209,12971209,0
bytes_tokio,keepalive_4b_chunks,step1,19,1,12798633,12798633,0
bytes_tokio,keepalive_4b_chunks,baseline,19,1,12777748,12777748,0
bytes_tokio,keepalive_4b_chunks,original,19,1,12877625,12877625,0
bytes_tokio,keepalive_4b_chunks,step2,19,1,12908762,12908762,0
bytes_tokio,keepalive_4b_chunks,core,19,1,11819105,11819105,0
bytes_tokio,keepalive_4b_chunks,core,20,1,11806949,11806949,0
bytes_tokio,keepalive_4b_chunks,baseline,20,1,12234001,12234001,0
bytes_tokio,keepalive_4b_chunks,step1,20,1,13042180,13042180,0
bytes_tokio,keepalive_4b_chunks,step2,20,1,12944360,12944360,0
bytes_tokio,keepalive_4b_chunks,original,20,1,12526350,12526350,0
bytes_tokio,keepalive_4b_chunks,baseline,21,1,12672346,12672346,0
bytes_tokio,keepalive_4b_chunks,original,21,1,12724887,12724887,0
bytes_tokio,keepalive_4b_chunks,step1,21,1,12524806,12524806,0
bytes_tokio,keepalive_4b_chunks,step2,21,1,12819863,12819863,0
bytes_tokio,keepalive_4b_chunks,core,21,1,11771357,11771357,0
bytes_tokio,keepalive_4b_chunks,step2,22,1,12811011,12811011,0
bytes_tokio,keepalive_4b_chunks,step1,22,1,12588313,12588313,0
bytes_tokio,keepalive_4b_chunks,baseline,22,1,12599370,12599370,0
bytes_tokio,keepalive_4b_chunks,core,22,1,11794047,11794047,0
bytes_tokio,keepalive_4b_chunks,original,22,1,12415241,12415241,0
bytes_tokio,keepalive_4b_chunks,baseline,23,1,12545492,12545492,0
bytes_tokio,keepalive_4b_chunks,step2,23,1,12873111,12873111,0
bytes_tokio,keepalive_4b_chunks,core,23,1,11793865,11793865,0
bytes_tokio,keepalive_4b_chunks,original,23,1,12474418,12474418,0
bytes_tokio,keepalive_4b_chunks,step1,23,1,12571114,12571114,0
bytes_tokio,keepalive_4b_chunks,step2,24,1,12933730,12933730,0
bytes_tokio,keepalive_4b_chunks,baseline,24,1,12588718,12588718,0
bytes_tokio,keepalive_4b_chunks,step1,24,1,12484174,12484174,0
bytes_tokio,keepalive_4b_chunks,original,24,1,12493689,12493689,0
bytes_tokio,keepalive_4b_chunks,core,24,1,11807919,11807919,0
bytes_tokio,keepalive_4b_chunks,step1,25,1,12459819,12459819,0
bytes_tokio,keepalive_4b_chunks,original,25,1,12510567,12510567,0
bytes_tokio,keepalive_4b_chunks,baseline,25,1,12500885,12500885,0
bytes_tokio,keepalive_4b_chunks,core,25,1,11774855,11774855,0
bytes_tokio,keepalive_4b_chunks,step2,25,1,12845731,12845731,0
bytes_tokio,keepalive_4b_chunks,baseline,26,1,12491719,12491719,0
bytes_tokio,keepalive_4b_chunks,original,26,1,12534615,12534615,0
bytes_tokio,keepalive_4b_chunks,step1,26,1,12674917,12674917,0
bytes_tokio,keepalive_4b_chunks,core,26,1,11778574,11778574,0
bytes_tokio,keepalive_4b_chunks,step2,26,1,12890116,12890116,0
bytes_tokio,keepalive_4b_chunks,original,27,1,12400692,12400692,0
bytes_tokio,keepalive_4b_chunks,core,27,1,11774386,11774386,0
bytes_tokio,keepalive_4b_chunks,baseline,27,1,12404712,12404712,0
bytes_tokio,keepalive_4b_chunks,step1,27,1,12607841,12607841,0
bytes_tokio,keepalive_4b_chunks,step2,27,1,12847669,12847669,0
bytes_tokio,keepalive_4b_chunks,step2,28,1,12834716,12834716,0
bytes_tokio,keepalive_4b_chunks,core,28,1,11792240,11792240,0
bytes_tokio,keepalive_4b_chunks,baseline,28,1,13936184,13936184,0
bytes_tokio,keepalive_4b_chunks,step1,28,1,12757681,12757681,0
bytes_tokio,keepalive_4b_chunks,original,28,1,12806092,12806092,0
bytes_tokio,keepalive_4b_chunks,original,29,1,12501750,12501750,0
bytes_tokio,keepalive_4b_chunks,step1,29,1,12559184,12559184,0
bytes_tokio,keepalive_4b_chunks,core,29,1,11877599,11877599,0
bytes_tokio,keepalive_4b_chunks,baseline,29,1,12623851,12623851,0
bytes_tokio,keepalive_4b_chunks,step2,29,1,12775708,12775708,0
bytes_tokio,keepalive_4b_chunks,step2,30,1,12813165,12813165,0
bytes_tokio,keepalive_4b_chunks,baseline,30,1,12525936,12525936,0
bytes_tokio,keepalive_4b_chunks,core,30,1,11827731,11827731,0
bytes_tokio,keepalive_4b_chunks,step1,30,1,12555847,12555847,0
bytes_tokio,keepalive_4b_chunks,original,30,1,12502016,12502016,0
bytes_tokio,large_data_event_chunks,step2,0,39,2872447,73652.48717948717,64
bytes_tokio,large_data_event_chunks,step1,0,39,2867096,73515.28205128205,64
bytes_tokio,large_data_event_chunks,baseline,0,34,2994515,88073.9705882353,64
bytes_tokio,large_data_event_chunks,original,0,34,2987214,87859.23529411765,64
bytes_tokio,large_data_event_chunks,core,0,33,3024333,91646.45454545454,64
bytes_tokio,large_data_event_chunks,step1,1,39,2870165,73593.97435897436,64
bytes_tokio,large_data_event_chunks,baseline,1,34,2993779,88052.32352941176,64
bytes_tokio,large_data_event_chunks,step2,1,39,2924597,74989.66666666667,64
bytes_tokio,large_data_event_chunks,core,1,33,2978383,90254.0303030303,64
bytes_tokio,large_data_event_chunks,original,1,34,2989371,87922.67647058824,64
bytes_tokio,large_data_event_chunks,core,2,33,3011227,91249.30303030302,64
bytes_tokio,large_data_event_chunks,step2,2,39,2873855,73688.58974358975,64
bytes_tokio,large_data_event_chunks,baseline,2,34,2992712,88020.94117647059,64
bytes_tokio,large_data_event_chunks,original,2,34,2988298,87891.11764705883,64
bytes_tokio,large_data_event_chunks,step1,2,39,2873014,73667.02564102564,64
bytes_tokio,large_data_event_chunks,original,3,34,2990860,87966.4705882353,64
bytes_tokio,large_data_event_chunks,step1,3,39,2871691,73633.10256410256,64
bytes_tokio,large_data_event_chunks,core,3,33,2973684,90111.63636363637,64
bytes_tokio,large_data_event_chunks,step2,3,39,2873067,73668.38461538461,64
bytes_tokio,large_data_event_chunks,baseline,3,34,2993910,88056.17647058824,64
bytes_tokio,large_data_event_chunks,baseline,4,34,3028516,89074,64
bytes_tokio,large_data_event_chunks,step2,4,39,2877827,73790.43589743589,64
bytes_tokio,large_data_event_chunks,original,4,34,2988067,87884.32352941176,64
bytes_tokio,large_data_event_chunks,core,4,33,2975681,90172.15151515152,64
bytes_tokio,large_data_event_chunks,step1,4,39,2869186,73568.8717948718,64
bytes_tokio,large_data_event_chunks,original,5,34,2995749,88110.26470588235,64
bytes_tokio,large_data_event_chunks,step2,5,39,2873772,73686.46153846153,64
bytes_tokio,large_data_event_chunks,baseline,5,34,2996420,88130,64
bytes_tokio,large_data_event_chunks,core,5,33,2973983,90120.69696969698,64
bytes_tokio,large_data_event_chunks,step1,5,39,2870518,73603.02564102564,64
bytes_tokio,large_data_event_chunks,baseline,6,34,2996493,88132.14705882352,64
bytes_tokio,large_data_event_chunks,original,6,34,3003291,88332.08823529411,64
bytes_tokio,large_data_event_chunks,step1,6,39,2870144,73593.43589743589,64
bytes_tokio,large_data_event_chunks,step2,6,39,2938050,75334.61538461539,64
bytes_tokio,large_data_event_chunks,core,6,33,3287458,99619.93939393939,64
bytes_tokio,large_data_event_chunks,core,7,33,3379320,102403.63636363637,64
bytes_tokio,large_data_event_chunks,original,7,34,3616894,106379.23529411765,64
bytes_tokio,large_data_event_chunks,baseline,7,34,3511232,103271.5294117647,64
bytes_tokio,large_data_event_chunks,step2,7,39,3384000,86769.23076923077,64
bytes_tokio,large_data_event_chunks,step1,7,39,3304515,84731.15384615384,64
bytes_tokio,large_data_event_chunks,step1,8,39,3187232,81723.89743589744,64
bytes_tokio,large_data_event_chunks,step2,8,39,3462085,88771.41025641025,64
bytes_tokio,large_data_event_chunks,original,8,34,3642039,107118.79411764706,64
bytes_tokio,large_data_event_chunks,core,8,33,3584057,108607.78787878787,64
bytes_tokio,large_data_event_chunks,baseline,8,34,3907052,114913.29411764706,64
bytes_tokio,large_data_event_chunks,step1,9,39,3371046,86437.07692307692,64
bytes_tokio,large_data_event_chunks,original,9,34,3945225,116036.0294117647,64
bytes_tokio,large_data_event_chunks,step2,9,39,3255282,83468.76923076923,64
bytes_tokio,large_data_event_chunks,core,9,33,4298843,130267.9696969697,64
bytes_tokio,large_data_event_chunks,baseline,9,34,3451541,101515.91176470589,64
bytes_tokio,large_data_event_chunks,baseline,10,34,3613669,106284.38235294117,64
bytes_tokio,large_data_event_chunks,step2,10,39,3513920,90100.51282051283,64
bytes_tokio,large_data_event_chunks,original,10,34,3721614,109459.23529411765,64
bytes_tokio,large_data_event_chunks,step1,10,39,3342321,85700.53846153847,64
bytes_tokio,large_data_event_chunks,core,10,33,3793067,114941.42424242424,64
bytes_tokio,large_data_event_chunks,step1,11,39,3362882,86227.7435897436,64
bytes_tokio,large_data_event_chunks,original,11,34,3536281,104008.26470588235,64
bytes_tokio,large_data_event_chunks,baseline,11,34,3508875,103202.20588235294,64
bytes_tokio,large_data_event_chunks,step2,11,39,3234413,82933.66666666667,64
bytes_tokio,large_data_event_chunks,core,11,33,3764926,114088.66666666667,64
bytes_tokio,large_data_event_chunks,baseline,12,34,3455945,101645.44117647059,64
bytes_tokio,large_data_event_chunks,core,12,33,3710870,112450.60606060606,64
bytes_tokio,large_data_event_chunks,step1,12,39,3187835,81739.35897435897,64
bytes_tokio,large_data_event_chunks,original,12,34,3103025,91265.44117647059,64
bytes_tokio,large_data_event_chunks,step2,12,39,2891590,74143.33333333333,64
bytes_tokio,large_data_event_chunks,baseline,13,34,3011618,88577,64
bytes_tokio,large_data_event_chunks,core,13,33,3009251,91189.42424242424,64
bytes_tokio,large_data_event_chunks,step2,13,39,3003849,77021.76923076923,64
bytes_tokio,large_data_event_chunks,original,13,34,2997740,88168.82352941176,64
bytes_tokio,large_data_event_chunks,step1,13,39,2886076,74001.94871794872,64
bytes_tokio,large_data_event_chunks,baseline,14,34,3028673,89078.61764705883,64
bytes_tokio,large_data_event_chunks,original,14,34,2991447,87983.73529411765,64
bytes_tokio,large_data_event_chunks,core,14,33,2979604,90291.0303030303,64
bytes_tokio,large_data_event_chunks,step2,14,39,2880428,73857.1282051282,64
bytes_tokio,large_data_event_chunks,step1,14,39,3194459,81909.20512820513,64
bytes_tokio,large_data_event_chunks,baseline,15,34,3111659,91519.38235294117,64
bytes_tokio,large_data_event_chunks,step1,15,39,2974551,76270.53846153847,64
bytes_tokio,large_data_event_chunks,original,15,34,3006530,88427.35294117648,64
bytes_tokio,large_data_event_chunks,core,15,33,2982330,90373.63636363637,64
bytes_tokio,large_data_event_chunks,step2,15,39,2883575,73937.82051282052,64
bytes_tokio,large_data_event_chunks,original,16,34,3104535,91309.85294117648,64
bytes_tokio,large_data_event_chunks,baseline,16,34,3109151,91445.61764705883,64
bytes_tokio,large_data_event_chunks,core,16,33,3029549,91804.51515151515,64
bytes_tokio,large_data_event_chunks,step2,16,39,2893113,74182.38461538461,64
bytes_tokio,large_data_event_chunks,step1,16,39,2900622,74374.92307692308,64
bytes_tokio,large_data_event_chunks,baseline,17,34,3028254,89066.29411764706,64
bytes_tokio,large_data_event_chunks,original,17,34,3020167,88828.44117647059,64
bytes_tokio,large_data_event_chunks,step1,17,39,2908496,74576.82051282052,64
bytes_tokio,large_data_event_chunks,core,17,33,2992486,90681.39393939394,64
bytes_tokio,large_data_event_chunks,step2,17,39,2893875,74201.92307692308,64
bytes_tokio,large_data_event_chunks,baseline,18,34,2990697,87961.67647058824,64
bytes_tokio,large_data_event_chunks,original,18,34,2988938,87909.94117647059,64
bytes_tokio,large_data_event_chunks,core,18,33,2993247,90704.45454545454,64
bytes_tokio,large_data_event_chunks,step1,18,39,2869476,73576.30769230769,64
bytes_tokio,large_data_event_chunks,step2,18,39,2870817,73610.69230769231,64
bytes_tokio,large_data_event_chunks,step1,19,39,2874543,73706.23076923077,64
bytes_tokio,large_data_event_chunks,baseline,19,34,2986990,87852.64705882352,64
bytes_tokio,large_data_event_chunks,original,19,34,2986111,87826.79411764706,64
bytes_tokio,large_data_event_chunks,step2,19,39,2882336,73906.05128205128,64
bytes_tokio,large_data_event_chunks,core,19,33,2974741,90143.66666666667,64
bytes_tokio,large_data_event_chunks,core,20,33,2973946,90119.57575757576,64
bytes_tokio,large_data_event_chunks,baseline,20,34,2994921,88085.91176470589,64
bytes_tokio,large_data_event_chunks,step1,20,39,3005840,77072.82051282052,64
bytes_tokio,large_data_event_chunks,step2,20,39,2916047,74770.43589743589,64
bytes_tokio,large_data_event_chunks,original,20,34,3159541,92927.67647058824,64
bytes_tokio,large_data_event_chunks,baseline,21,34,3013694,88638.05882352941,64
bytes_tokio,large_data_event_chunks,original,21,34,2998322,88185.94117647059,64
bytes_tokio,large_data_event_chunks,step1,21,39,2946866,75560.66666666667,64
bytes_tokio,large_data_event_chunks,step2,21,39,2885187,73979.15384615384,64
bytes_tokio,large_data_event_chunks,core,21,33,3000213,90915.54545454546,64
bytes_tokio,large_data_event_chunks,step2,22,39,2875116,73720.92307692308,64
bytes_tokio,large_data_event_chunks,step1,22,39,2866808,73507.89743589744,64
bytes_tokio,large_data_event_chunks,baseline,22,34,2992678,88019.94117647059,64
bytes_tokio,large_data_event_chunks,core,22,33,2978379,90253.90909090909,64
bytes_tokio,large_data_event_chunks,original,22,34,2989388,87923.17647058824,64
bytes_tokio,large_data_event_chunks,baseline,23,34,2992981,88028.85294117648,64
bytes_tokio,large_data_event_chunks,step2,23,39,2875691,73735.66666666667,64
bytes_tokio,large_data_event_chunks,core,23,33,2975699,90172.69696969698,64
bytes_tokio,large_data_event_chunks,original,23,34,2989842,87936.5294117647,64
bytes_tokio,large_data_event_chunks,step1,23,39,2872415,73651.66666666667,64
bytes_tokio,large_data_event_chunks,step2,24,39,2910942,74639.53846153847,64
bytes_tokio,large_data_event_chunks,baseline,24,34,3029686,89108.41176470589,64
bytes_tokio,large_data_event_chunks,step1,24,39,2866589,73502.28205128205,64
bytes_tokio,large_data_event_chunks,original,24,34,2993864,88054.82352941176,64
bytes_tokio,large_data_event_chunks,core,24,33,2987262,90523.09090909091,64
bytes_tokio,large_data_event_chunks,step1,25,39,2867542,73526.71794871795,64
bytes_tokio,large_data_event_chunks,original,25,34,2992436,88012.82352941176,64
bytes_tokio,large_data_event_chunks,baseline,25,34,2990780,87964.11764705883,64
bytes_tokio,large_data_event_chunks,core,25,33,2995781,90781.24242424243,64
bytes_tokio,large_data_event_chunks,step2,25,39,2877316,73777.33333333333,64
bytes_tokio,large_data_event_chunks,baseline,26,34,2995709,88109.08823529411,64
bytes_tokio,large_data_event_chunks,original,26,34,2998704,88197.17647058824,64
bytes_tokio,large_data_event_chunks,step1,26,39,2876818,73764.56410256411,64
bytes_tokio,large_data_event_chunks,core,26,33,2974679,90141.78787878787,64
bytes_tokio,large_data_event_chunks,step2,26,39,2877538,73783.02564102564,64
bytes_tokio,large_data_event_chunks,original,27,34,2993027,88030.20588235294,64
bytes_tokio,large_data_event_chunks,core,27,33,2976257,90189.60606060606,64
bytes_tokio,large_data_event_chunks,baseline,27,34,2992623,88018.32352941176,64
bytes_tokio,large_data_event_chunks,step1,27,39,2866672,73504.41025641025,64
bytes_tokio,large_data_event_chunks,step2,27,39,2872894,73663.94871794872,64
bytes_tokio,large_data_event_chunks,step2,28,39,2874296,73699.89743589744,64
bytes_tokio,large_data_event_chunks,core,28,33,2990763,90629.18181818182,64
bytes_tokio,large_data_event_chunks,baseline,28,34,3008817,88494.61764705883,64
bytes_tokio,large_data_event_chunks,step1,28,39,2870482,73602.10256410256,64
bytes_tokio,large_data_event_chunks,original,28,34,2985553,87810.38235294117,64
bytes_tokio,large_data_event_chunks,original,29,34,2986077,87825.79411764706,64
bytes_tokio,large_data_event_chunks,step1,29,39,2871635,73631.66666666667,64
bytes_tokio,large_data_event_chunks,core,29,33,2976926,90209.87878787878,64
bytes_tokio,large_data_event_chunks,baseline,29,34,2994760,88081.17647058824,64
bytes_tokio,large_data_event_chunks,step2,29,39,2882875,73919.8717948718,64
bytes_tokio,large_data_event_chunks,step2,30,39,2883894,73946,64
bytes_tokio,large_data_event_chunks,baseline,30,34,3020160,88828.23529411765,64
bytes_tokio,large_data_event_chunks,core,30,33,2978988,90272.36363636363,64
bytes_tokio,large_data_event_chunks,step1,30,39,2868537,73552.23076923077,64
bytes_tokio,large_data_event_chunks,original,30,34,3013297,88626.38235294117,64
bytes_tokio,large_data_tcp_chunks,step2,0,22,2947889,133994.95454545456,64
bytes_tokio,large_data_tcp_chunks,step1,0,22,2951296,134149.81818181818,64
bytes_tokio,large_data_tcp_chunks,baseline,0,19,2960080,155793.68421052632,64
bytes_tokio,large_data_tcp_chunks,original,0,17,2618963,154056.64705882352,64
bytes_tokio,large_data_tcp_chunks,core,0,23,2889134,125614.52173913043,64
bytes_tokio,large_data_tcp_chunks,step1,1,22,2978585,135390.22727272726,64
bytes_tokio,large_data_tcp_chunks,baseline,1,19,3012978,158577.7894736842,64
bytes_tokio,large_data_tcp_chunks,step2,1,22,3028505,137659.31818181818,64
bytes_tokio,large_data_tcp_chunks,core,1,23,2974510,129326.52173913043,64
bytes_tokio,large_data_tcp_chunks,original,1,17,2665710,156806.4705882353,64
bytes_tokio,large_data_tcp_chunks,core,2,23,2988476,129933.73913043478,64
bytes_tokio,large_data_tcp_chunks,step2,2,22,3064218,139282.63636363635,64
bytes_tokio,large_data_tcp_chunks,baseline,2,19,3061109,161111,64
bytes_tokio,large_data_tcp_chunks,original,2,17,2734045,160826.17647058822,64
bytes_tokio,large_data_tcp_chunks,step1,2,22,3033889,137904.04545454544,64
bytes_tokio,large_data_tcp_chunks,original,3,17,2653933,156113.70588235295,64
bytes_tokio,large_data_tcp_chunks,step1,3,22,3021568,137344,64
bytes_tokio,large_data_tcp_chunks,core,3,23,2967056,129002.43478260869,64
bytes_tokio,large_data_tcp_chunks,step2,3,22,3016513,137114.22727272726,64
bytes_tokio,large_data_tcp_chunks,baseline,3,19,2999839,157886.26315789475,64
bytes_tokio,large_data_tcp_chunks,baseline,4,19,3029865,159466.57894736843,64
bytes_tokio,large_data_tcp_chunks,step2,4,22,3077323,139878.31818181818,64
bytes_tokio,large_data_tcp_chunks,original,4,17,2748479,161675.23529411765,64
bytes_tokio,large_data_tcp_chunks,core,4,23,2902558,126198.17391304347,64
bytes_tokio,large_data_tcp_chunks,step1,4,22,2966435,134837.95454545456,64
bytes_tokio,large_data_tcp_chunks,original,5,17,2667449,156908.76470588235,64
bytes_tokio,large_data_tcp_chunks,step2,5,22,2963864,134721.0909090909,64
bytes_tokio,large_data_tcp_chunks,baseline,5,19,2958316,155700.84210526315,64
bytes_tokio,large_data_tcp_chunks,core,5,23,2895133,125875.34782608696,64
bytes_tokio,large_data_tcp_chunks,step1,5,22,2958890,134495,64
bytes_tokio,large_data_tcp_chunks,baseline,6,19,2958660,155718.94736842104,64
bytes_tokio,large_data_tcp_chunks,original,6,17,2611439,153614.0588235294,64
bytes_tokio,large_data_tcp_chunks,step1,6,22,2953231,134237.77272727274,64
bytes_tokio,large_data_tcp_chunks,step2,6,22,2968244,134920.18181818182,64
bytes_tokio,large_data_tcp_chunks,core,6,23,2883148,125354.26086956522,64
bytes_tokio,large_data_tcp_chunks,core,7,23,2882934,125344.95652173914,64
bytes_tokio,large_data_tcp_chunks,original,7,17,2607769,153398.17647058822,64
bytes_tokio,large_data_tcp_chunks,baseline,7,19,2955614,155558.63157894736,64
bytes_tokio,large_data_tcp_chunks,step2,7,22,2948783,134035.5909090909,64
bytes_tokio,large_data_tcp_chunks,step1,7,22,2950913,134132.4090909091,64
bytes_tokio,large_data_tcp_chunks,step1,8,22,2952088,134185.81818181818,64
bytes_tokio,large_data_tcp_chunks,step2,8,22,2948435,134019.77272727274,64
bytes_tokio,large_data_tcp_chunks,original,8,17,2607561,153385.9411764706,64
bytes_tokio,large_data_tcp_chunks,core,8,23,2881004,125261.04347826086,64
bytes_tokio,large_data_tcp_chunks,baseline,8,19,2955833,155570.15789473685,64
bytes_tokio,large_data_tcp_chunks,step1,9,22,2969709,134986.77272727274,64
bytes_tokio,large_data_tcp_chunks,original,9,17,2598416,152848,64
bytes_tokio,large_data_tcp_chunks,step2,9,22,2952354,134197.9090909091,64
bytes_tokio,large_data_tcp_chunks,core,9,23,2876879,125081.69565217392,64
bytes_tokio,large_data_tcp_chunks,baseline,9,19,3143088,165425.68421052632,64
bytes_tokio,large_data_tcp_chunks,baseline,10,19,3030529,159501.52631578947,64
bytes_tokio,large_data_tcp_chunks,step2,10,22,3071260,139602.72727272726,64
bytes_tokio,large_data_tcp_chunks,original,10,17,2661517,156559.82352941178,64
bytes_tokio,large_data_tcp_chunks,step1,10,22,3014149,137006.77272727274,64
bytes_tokio,large_data_tcp_chunks,core,10,23,2983498,129717.30434782608,64
bytes_tokio,large_data_tcp_chunks,step1,11,22,3034769,137944.04545454544,64
bytes_tokio,large_data_tcp_chunks,original,11,17,2670394,157082,64
bytes_tokio,large_data_tcp_chunks,baseline,11,19,3013387,158599.31578947368,64
bytes_tokio,large_data_tcp_chunks,step2,11,22,3013822,136991.9090909091,64
bytes_tokio,large_data_tcp_chunks,core,11,23,2978726,129509.82608695653,64
bytes_tokio,large_data_tcp_chunks,baseline,12,19,3015652,158718.52631578947,64
bytes_tokio,large_data_tcp_chunks,core,12,23,3025529,131544.73913043478,64
bytes_tokio,large_data_tcp_chunks,step1,12,22,3027708,137623.0909090909,64
bytes_tokio,large_data_tcp_chunks,original,12,17,2638082,155181.29411764705,64
bytes_tokio,large_data_tcp_chunks,step2,12,22,2977611,135345.95454545456,64
bytes_tokio,large_data_tcp_chunks,baseline,13,19,3030443,159497,64
bytes_tokio,large_data_tcp_chunks,core,13,23,2942656,127941.56521739131,64
bytes_tokio,large_data_tcp_chunks,step2,13,22,2996026,136183,64
bytes_tokio,large_data_tcp_chunks,original,13,17,2624622,154389.5294117647,64
bytes_tokio,large_data_tcp_chunks,step1,13,22,2983849,135629.5,64
bytes_tokio,large_data_tcp_chunks,baseline,14,19,2958803,155726.47368421053,64
bytes_tokio,large_data_tcp_chunks,original,14,17,2610556,153562.11764705883,64
bytes_tokio,large_data_tcp_chunks,core,14,23,2897188,125964.69565217392,64
bytes_tokio,large_data_tcp_chunks,step2,14,22,2990899,135949.95454545456,64
bytes_tokio,large_data_tcp_chunks,step1,14,22,3041626,138255.72727272726,64
bytes_tokio,large_data_tcp_chunks,baseline,15,19,3036850,159834.2105263158,64
bytes_tokio,large_data_tcp_chunks,step1,15,22,3094578,140662.63636363635,64
bytes_tokio,large_data_tcp_chunks,original,15,17,2647237,155719.82352941178,64
bytes_tokio,large_data_tcp_chunks,core,15,23,2927656,127289.39130434782,64
bytes_tokio,large_data_tcp_chunks,step2,15,22,2965113,134777.86363636365,64
bytes_tokio,large_data_tcp_chunks,original,16,17,2604161,153185.9411764706,64
bytes_tokio,large_data_tcp_chunks,baseline,16,19,2952537,155396.68421052632,64
bytes_tokio,large_data_tcp_chunks,core,16,23,2879769,125207.34782608696,64
bytes_tokio,large_data_tcp_chunks,step2,16,22,3012997,136954.4090909091,64
bytes_tokio,large_data_tcp_chunks,step1,16,22,2991661,135984.5909090909,64
bytes_tokio,large_data_tcp_chunks,baseline,17,19,3040297,160015.63157894736,64
bytes_tokio,large_data_tcp_chunks,original,17,17,2652962,156056.58823529413,64
bytes_tokio,large_data_tcp_chunks,step1,17,22,3018455,137202.5,64
bytes_tokio,large_data_tcp_chunks,core,17,23,2922790,127077.82608695653,64
bytes_tokio,large_data_tcp_chunks,step2,17,22,3057247,138965.77272727274,64
bytes_tokio,large_data_tcp_chunks,baseline,18,19,3008263,158329.63157894736,64
bytes_tokio,large_data_tcp_chunks,original,18,17,2640690,155334.70588235295,64
bytes_tokio,large_data_tcp_chunks,core,18,23,2886349,125493.43478260869,64
bytes_tokio,large_data_tcp_chunks,step1,18,22,3174288,144285.81818181818,64
bytes_tokio,large_data_tcp_chunks,step2,18,22,3253734,147897,64
bytes_tokio,large_data_tcp_chunks,step1,19,22,3282437,149201.68181818182,64
bytes_tokio,large_data_tcp_chunks,baseline,19,19,3305152,173955.36842105264,64
bytes_tokio,large_data_tcp_chunks,original,19,17,2727134,160419.64705882352,64
bytes_tokio,large_data_tcp_chunks,step2,19,22,3327555,151252.5,64
bytes_tokio,large_data_tcp_chunks,core,19,23,3069969,133476.91304347827,64
bytes_tokio,large_data_tcp_chunks,core,20,23,2989122,129961.82608695653,64
bytes_tokio,large_data_tcp_chunks,baseline,20,19,3044388,160230.94736842104,64
bytes_tokio,large_data_tcp_chunks,step1,20,22,3027428,137610.36363636365,64
bytes_tokio,large_data_tcp_chunks,step2,20,22,2989230,135874.0909090909,64
bytes_tokio,large_data_tcp_chunks,original,20,17,2646242,155661.29411764705,64
bytes_tokio,large_data_tcp_chunks,baseline,21,19,3061889,161152.05263157896,64
bytes_tokio,large_data_tcp_chunks,original,21,17,2676828,157460.4705882353,64
bytes_tokio,large_data_tcp_chunks,step1,21,22,3044187,138372.13636363635,64
bytes_tokio,large_data_tcp_chunks,step2,21,22,2951493,134158.77272727274,64
bytes_tokio,large_data_tcp_chunks,core,21,23,2906456,126367.65217391304,64
bytes_tokio,large_data_tcp_chunks,step2,22,22,3006805,136672.95454545456,64
bytes_tokio,large_data_tcp_chunks,step1,22,22,2964683,134758.31818181818,64
bytes_tokio,large_data_tcp_chunks,baseline,22,19,2977490,156710,64
bytes_tokio,large_data_tcp_chunks,core,22,23,2890939,125693,64
bytes_tokio,large_data_tcp_chunks,original,22,17,2630271,154721.82352941178,64
bytes_tokio,large_data_tcp_chunks,baseline,23,19,2955612,155558.52631578947,64
bytes_tokio,large_data_tcp_chunks,step2,23,22,2955510,134341.36363636365,64
bytes_tokio,large_data_tcp_chunks,core,23,23,2880398,125234.69565217392,64
bytes_tokio,large_data_tcp_chunks,original,23,17,2608252,153426.58823529413,64
bytes_tokio,large_data_tcp_chunks,step1,23,22,2949590,134072.27272727274,64
bytes_tokio,large_data_tcp_chunks,step2,24,22,2972102,135095.54545454544,64
bytes_tokio,large_data_tcp_chunks,baseline,24,19,2952130,155375.26315789475,64
bytes_tokio,large_data_tcp_chunks,step1,24,22,2942865,133766.5909090909,64
bytes_tokio,large_data_tcp_chunks,original,24,17,2606826,153342.70588235295,64
bytes_tokio,large_data_tcp_chunks,core,24,23,2885296,125447.65217391304,64
bytes_tokio,large_data_tcp_chunks,step1,25,22,3012441,136929.13636363635,64
bytes_tokio,large_data_tcp_chunks,original,25,17,2622046,154238,64
bytes_tokio,large_data_tcp_chunks,baseline,25,19,2963551,155976.36842105264,64
bytes_tokio,large_data_tcp_chunks,core,25,23,2987235,129879.78260869565,64
bytes_tokio,large_data_tcp_chunks,step2,25,22,3132422,142382.81818181818,64
bytes_tokio,large_data_tcp_chunks,baseline,26,19,3032800,159621.05263157896,64
bytes_tokio,large_data_tcp_chunks,original,26,17,2786141,163890.64705882352,64
bytes_tokio,large_data_tcp_chunks,step1,26,22,3039214,138146.0909090909,64
bytes_tokio,large_data_tcp_chunks,core,26,23,2989673,129985.78260869565,64
bytes_tokio,large_data_tcp_chunks,step2,26,22,3073575,139707.95454545456,64
bytes_tokio,large_data_tcp_chunks,original,27,17,2657513,156324.29411764705,64
bytes_tokio,large_data_tcp_chunks,core,27,23,3015504,131108.86956521738,64
bytes_tokio,large_data_tcp_chunks,baseline,27,19,2982814,156990.2105263158,64
bytes_tokio,large_data_tcp_chunks,step1,27,22,3010762,136852.81818181818,64
bytes_tokio,large_data_tcp_chunks,step2,27,22,2970199,135009.04545454544,64
bytes_tokio,large_data_tcp_chunks,step2,28,22,2978488,135385.81818181818,64
bytes_tokio,large_data_tcp_chunks,core,28,23,2920182,126964.43478260869,64
bytes_tokio,large_data_tcp_chunks,baseline,28,19,3111599,163768.36842105264,64
bytes_tokio,large_data_tcp_chunks,step1,28,22,2963018,134682.63636363635,64
bytes_tokio,large_data_tcp_chunks,original,28,17,2625131,154419.4705882353,64
bytes_tokio,large_data_tcp_chunks,original,29,17,2617607,153976.88235294117,64
bytes_tokio,large_data_tcp_chunks,step1,29,22,2952626,134210.27272727274,64
bytes_tokio,large_data_tcp_chunks,core,29,23,2992705,130117.60869565218,64
bytes_tokio,large_data_tcp_chunks,baseline,29,19,2992645,157507.63157894736,64
bytes_tokio,large_data_tcp_chunks,step2,29,22,3008931,136769.5909090909,64
bytes_tokio,large_data_tcp_chunks,step2,30,22,3088658,140393.54545454544,64
bytes_tokio,large_data_tcp_chunks,baseline,30,19,3026766,159303.47368421053,64
bytes_tokio,large_data_tcp_chunks,core,30,23,2887145,125528.04347826086,64
bytes_tokio,large_data_tcp_chunks,step1,30,22,2962071,134639.5909090909,64
bytes_tokio,large_data_tcp_chunks,original,30,17,2615041,153825.9411764706,64
bytes_tokio,medium_data_10b_chunks,step2,0,1,2253086,2253086,256
bytes_tokio,medium_data_10b_chunks,step1,0,1,2232346,2232346,256
bytes_tokio,medium_data_10b_chunks,baseline,0,1,2234118,2234118,256
bytes_tokio,medium_data_10b_chunks,original,0,1,2287606,2287606,256
bytes_tokio,medium_data_10b_chunks,core,0,1,2148771,2148771,256
bytes_tokio,medium_data_10b_chunks,step1,1,1,2210121,2210121,256
bytes_tokio,medium_data_10b_chunks,baseline,1,1,2242697,2242697,256
bytes_tokio,medium_data_10b_chunks,step2,1,1,2281536,2281536,256
bytes_tokio,medium_data_10b_chunks,core,1,1,2141377,2141377,256
bytes_tokio,medium_data_10b_chunks,original,1,1,2245521,2245521,256
bytes_tokio,medium_data_10b_chunks,core,2,1,2160343,2160343,256
bytes_tokio,medium_data_10b_chunks,step2,2,1,2240171,2240171,256
bytes_tokio,medium_data_10b_chunks,baseline,2,1,2222542,2222542,256
bytes_tokio,medium_data_10b_chunks,original,2,1,2247425,2247425,256
bytes_tokio,medium_data_10b_chunks,step1,2,1,2240298,2240298,256
bytes_tokio,medium_data_10b_chunks,original,3,1,2255236,2255236,256
bytes_tokio,medium_data_10b_chunks,step1,3,1,2242777,2242777,256
bytes_tokio,medium_data_10b_chunks,core,3,1,2150037,2150037,256
bytes_tokio,medium_data_10b_chunks,step2,3,1,2242179,2242179,256
bytes_tokio,medium_data_10b_chunks,baseline,3,1,2243405,2243405,256
bytes_tokio,medium_data_10b_chunks,baseline,4,1,2236049,2236049,256
bytes_tokio,medium_data_10b_chunks,step2,4,1,2212850,2212850,256
bytes_tokio,medium_data_10b_chunks,original,4,1,2253295,2253295,256
bytes_tokio,medium_data_10b_chunks,core,4,1,2137946,2137946,256
bytes_tokio,medium_data_10b_chunks,step1,4,1,2217477,2217477,256
bytes_tokio,medium_data_10b_chunks,original,5,1,2306250,2306250,256
bytes_tokio,medium_data_10b_chunks,step2,5,1,2230689,2230689,256
bytes_tokio,medium_data_10b_chunks,baseline,5,1,2260048,2260048,256
bytes_tokio,medium_data_10b_chunks,core,5,1,2150577,2150577,256
bytes_tokio,medium_data_10b_chunks,step1,5,1,2206476,2206476,256
bytes_tokio,medium_data_10b_chunks,baseline,6,1,2242726,2242726,256
bytes_tokio,medium_data_10b_chunks,original,6,1,2266071,2266071,256
bytes_tokio,medium_data_10b_chunks,step1,6,1,2225303,2225303,256
bytes_tokio,medium_data_10b_chunks,step2,6,1,2224692,2224692,256
bytes_tokio,medium_data_10b_chunks,core,6,1,2150970,2150970,256
bytes_tokio,medium_data_10b_chunks,core,7,1,2149654,2149654,256
bytes_tokio,medium_data_10b_chunks,original,7,1,2211745,2211745,256
bytes_tokio,medium_data_10b_chunks,baseline,7,1,2155116,2155116,256
bytes_tokio,medium_data_10b_chunks,step2,7,1,2165526,2165526,256
bytes_tokio,medium_data_10b_chunks,step1,7,1,2212475,2212475,256
bytes_tokio,medium_data_10b_chunks,step1,8,1,2246258,2246258,256
bytes_tokio,medium_data_10b_chunks,step2,8,1,2237645,2237645,256
bytes_tokio,medium_data_10b_chunks,original,8,1,2252445,2252445,256
bytes_tokio,medium_data_10b_chunks,core,8,1,2134622,2134622,256
bytes_tokio,medium_data_10b_chunks,baseline,8,1,2253160,2253160,256
bytes_tokio,medium_data_10b_chunks,step1,9,1,2225244,2225244,256
bytes_tokio,medium_data_10b_chunks,original,9,1,2264681,2264681,256
bytes_tokio,medium_data_10b_chunks,step2,9,1,2241204,2241204,256
bytes_tokio,medium_data_10b_chunks,core,9,1,2141061,2141061,256
bytes_tokio,medium_data_10b_chunks,baseline,9,1,2216245,2216245,256
bytes_tokio,medium_data_10b_chunks,baseline,10,1,2233768,2233768,256
bytes_tokio,medium_data_10b_chunks,step2,10,1,2266870,2266870,256
bytes_tokio,medium_data_10b_chunks,original,10,1,2266838,2266838,256
bytes_tokio,medium_data_10b_chunks,step1,10,1,2204763,2204763,256
bytes_tokio,medium_data_10b_chunks,core,10,1,2185204,2185204,256
bytes_tokio,medium_data_10b_chunks,step1,11,1,2217594,2217594,256
bytes_tokio,medium_data_10b_chunks,original,11,1,2373437,2373437,256
bytes_tokio,medium_data_10b_chunks,baseline,11,1,2614695,2614695,256
bytes_tokio,medium_data_10b_chunks,step2,11,1,2612275,2612275,256
bytes_tokio,medium_data_10b_chunks,core,11,1,2630027,2630027,256
bytes_tokio,medium_data_10b_chunks,baseline,12,1,2575907,2575907,256
bytes_tokio,medium_data_10b_chunks,core,12,1,2577927,2577927,256
bytes_tokio,medium_data_10b_chunks,step1,12,1,2709485,2709485,256
bytes_tokio,medium_data_10b_chunks,original,12,1,2769230,2769230,256
bytes_tokio,medium_data_10b_chunks,step2,12,1,2735432,2735432,256
bytes_tokio,medium_data_10b_chunks,baseline,13,1,2683014,2683014,256
bytes_tokio,medium_data_10b_chunks,core,13,1,2529629,2529629,256
bytes_tokio,medium_data_10b_chunks,step2,13,1,2532021,2532021,256
bytes_tokio,medium_data_10b_chunks,original,13,1,2722351,2722351,256
bytes_tokio,medium_data_10b_chunks,step1,13,1,2546390,2546390,256
bytes_tokio,medium_data_10b_chunks,baseline,14,1,2491362,2491362,256
bytes_tokio,medium_data_10b_chunks,original,14,1,2696934,2696934,256
bytes_tokio,medium_data_10b_chunks,core,14,1,2587379,2587379,256
bytes_tokio,medium_data_10b_chunks,step2,14,1,2707062,2707062,256
bytes_tokio,medium_data_10b_chunks,step1,14,1,2649244,2649244,256
bytes_tokio,medium_data_10b_chunks,baseline,15,1,2532906,2532906,256
bytes_tokio,medium_data_10b_chunks,step1,15,1,2612134,2612134,256
bytes_tokio,medium_data_10b_chunks,original,15,1,2311349,2311349,256
bytes_tokio,medium_data_10b_chunks,core,15,1,2471703,2471703,256
bytes_tokio,medium_data_10b_chunks,step2,15,1,2510863,2510863,256
bytes_tokio,medium_data_10b_chunks,original,16,1,2795432,2795432,256
bytes_tokio,medium_data_10b_chunks,baseline,16,1,2666341,2666341,256
bytes_tokio,medium_data_10b_chunks,core,16,1,2603599,2603599,256
bytes_tokio,medium_data_10b_chunks,step2,16,1,2421854,2421854,256
bytes_tokio,medium_data_10b_chunks,step1,16,1,2470420,2470420,256
bytes_tokio,medium_data_10b_chunks,baseline,17,1,2647108,2647108,256
bytes_tokio,medium_data_10b_chunks,original,17,1,2662253,2662253,256
bytes_tokio,medium_data_10b_chunks,step1,17,1,2770206,2770206,256
bytes_tokio,medium_data_10b_chunks,core,17,1,2458357,2458357,256
bytes_tokio,medium_data_10b_chunks,step2,17,1,2486168,2486168,256
bytes_tokio,medium_data_10b_chunks,baseline,18,1,2542105,2542105,256
bytes_tokio,medium_data_10b_chunks,original,18,1,2518181,2518181,256
bytes_tokio,medium_data_10b_chunks,core,18,1,2549232,2549232,256
bytes_tokio,medium_data_10b_chunks,step1,18,1,2614067,2614067,256
bytes_tokio,medium_data_10b_chunks,step2,18,1,2625004,2625004,256
bytes_tokio,medium_data_10b_chunks,step1,19,1,2344427,2344427,256
bytes_tokio,medium_data_10b_chunks,baseline,19,1,2255564,2255564,256
bytes_tokio,medium_data_10b_chunks,original,19,1,2267349,2267349,256
bytes_tokio,medium_data_10b_chunks,step2,19,1,2231783,2231783,256
bytes_tokio,medium_data_10b_chunks,core,19,1,2151274,2151274,256
bytes_tokio,medium_data_10b_chunks,core,20,1,2146499,2146499,256
bytes_tokio,medium_data_10b_chunks,baseline,20,1,2220921,2220921,256
bytes_tokio,medium_data_10b_chunks,step1,20,1,2261079,2261079,256
bytes_tokio,medium_data_10b_chunks,step2,20,1,2254743,2254743,256
bytes_tokio,medium_data_10b_chunks,original,20,1,2253931,2253931,256
bytes_tokio,medium_data_10b_chunks,baseline,21,1,2235644,2235644,256
bytes_tokio,medium_data_10b_chunks,original,21,1,2270171,2270171,256
bytes_tokio,medium_data_10b_chunks,step1,21,1,2344308,2344308,256
bytes_tokio,medium_data_10b_chunks,step2,21,1,2251186,2251186,256
bytes_tokio,medium_data_10b_chunks,core,21,1,2168509,2168509,256
bytes_tokio,medium_data_10b_chunks,step2,22,1,2301805,2301805,256
bytes_tokio,medium_data_10b_chunks,step1,22,1,2198921,2198921,256
bytes_tokio,medium_data_10b_chunks,baseline,22,1,2196290,2196290,256
bytes_tokio,medium_data_10b_chunks,core,22,1,2179644,2179644,256
bytes_tokio,medium_data_10b_chunks,original,22,1,2302197,2302197,256
bytes_tokio,medium_data_10b_chunks,baseline,23,1,2245367,2245367,256
bytes_tokio,medium_data_10b_chunks,step2,23,1,2297639,2297639,256
bytes_tokio,medium_data_10b_chunks,core,23,1,2433628,2433628,256
bytes_tokio,medium_data_10b_chunks,original,23,1,2255643,2255643,256
bytes_tokio,medium_data_10b_chunks,step1,23,1,2280126,2280126,256
bytes_tokio,medium_data_10b_chunks,step2,24,1,2220963,2220963,256
bytes_tokio,medium_data_10b_chunks,baseline,24,1,2236905,2236905,256
bytes_tokio,medium_data_10b_chunks,step1,24,1,2226565,2226565,256
bytes_tokio,medium_data_10b_chunks,original,24,1,2289262,2289262,256
bytes_tokio,medium_data_10b_chunks,core,24,1,2153743,2153743,256
bytes_tokio,medium_data_10b_chunks,step1,25,1,2246917,2246917,256
bytes_tokio,medium_data_10b_chunks,original,25,1,2313515,2313515,256
bytes_tokio,medium_data_10b_chunks,baseline,25,1,2242591,2242591,256
bytes_tokio,medium_data_10b_chunks,core,25,1,2167103,2167103,256
bytes_tokio,medium_data_10b_chunks,step2,25,1,2223638,2223638,256
bytes_tokio,medium_data_10b_chunks,baseline,26,1,2246770,2246770,256
bytes_tokio,medium_data_10b_chunks,original,26,1,2290267,2290267,256
bytes_tokio,medium_data_10b_chunks,step1,26,1,2214217,2214217,256
bytes_tokio,medium_data_10b_chunks,core,26,1,2168429,2168429,256
bytes_tokio,medium_data_10b_chunks,step2,26,1,2236095,2236095,256
bytes_tokio,medium_data_10b_chunks,original,27,1,2269855,2269855,256
bytes_tokio,medium_data_10b_chunks,core,27,1,2147917,2147917,256
bytes_tokio,medium_data_10b_chunks,baseline,27,1,2242971,2242971,256
bytes_tokio,medium_data_10b_chunks,step1,27,1,2229426,2229426,256
bytes_tokio,medium_data_10b_chunks,step2,27,1,2243062,2243062,256
bytes_tokio,medium_data_10b_chunks,step2,28,1,2269819,2269819,256
bytes_tokio,medium_data_10b_chunks,core,28,1,2129100,2129100,256
bytes_tokio,medium_data_10b_chunks,baseline,28,1,2235495,2235495,256
bytes_tokio,medium_data_10b_chunks,step1,28,1,2260209,2260209,256
bytes_tokio,medium_data_10b_chunks,original,28,1,2293019,2293019,256
bytes_tokio,medium_data_10b_chunks,original,29,1,2383948,2383948,256
bytes_tokio,medium_data_10b_chunks,step1,29,1,2387663,2387663,256
bytes_tokio,medium_data_10b_chunks,core,29,1,2193702,2193702,256
bytes_tokio,medium_data_10b_chunks,baseline,29,1,2370296,2370296,256
bytes_tokio,medium_data_10b_chunks,step2,29,1,2321773,2321773,256
bytes_tokio,medium_data_10b_chunks,step2,30,1,2241319,2241319,256
bytes_tokio,medium_data_10b_chunks,baseline,30,1,2245241,2245241,256
bytes_tokio,medium_data_10b_chunks,core,30,1,2176371,2176371,256
bytes_tokio,medium_data_10b_chunks,step1,30,1,2201976,2201976,256
bytes_tokio,medium_data_10b_chunks,original,30,1,2281051,2281051,256
bytes_tokio,json_line_tcp,step2,0,2,1975777,987888.5,20000
bytes_tokio,json_line_tcp,step1,0,3,2890804,963601.3333333334,20000
bytes_tokio,json_line_tcp,baseline,0,3,2972963,990987.6666666666,20000
bytes_tokio,json_line_tcp,original,0,3,2918770,972923.3333333334,20000
bytes_tokio,json_line_tcp,core,0,4,3484437,871109.25,20000
bytes_tokio,json_line_tcp,step1,1,3,4478613,1492871,20000
bytes_tokio,json_line_tcp,baseline,1,3,3361839,1120613,20000
bytes_tokio,json_line_tcp,step2,1,2,1956134,978067,20000
bytes_tokio,json_line_tcp,core,1,4,3021297,755324.25,20000
bytes_tokio,json_line_tcp,original,1,3,3038223,1012741,20000
bytes_tokio,json_line_tcp,core,2,4,2920661,730165.25,20000
bytes_tokio,json_line_tcp,step2,2,2,1990314,995157,20000
bytes_tokio,json_line_tcp,baseline,2,3,2895729,965243,20000
bytes_tokio,json_line_tcp,original,2,3,2986514,995504.6666666666,20000
bytes_tokio,json_line_tcp,step1,2,3,2897802,965934,20000
bytes_tokio,json_line_tcp,original,3,3,2924109,974703,20000
bytes_tokio,json_line_tcp,step1,3,3,2871937,957312.3333333334,20000
bytes_tokio,json_line_tcp,core,3,4,2954506,738626.5,20000
bytes_tokio,json_line_tcp,step2,3,2,1977360,988680,20000
bytes_tokio,json_line_tcp,baseline,3,3,2893486,964495.3333333334,20000
bytes_tokio,json_line_tcp,baseline,4,3,2923022,974340.6666666666,20000
bytes_tokio,json_line_tcp,step2,4,2,2020494,1010247,20000
bytes_tokio,json_line_tcp,original,4,3,2887540,962513.3333333334,20000
bytes_tokio,json_line_tcp,core,4,4,2896654,724163.5,20000
bytes_tokio,json_line_tcp,step1,4,3,2863616,954538.6666666666,20000
bytes_tokio,json_line_tcp,original,5,3,2961360,987120,20000
bytes_tokio,json_line_tcp,step2,5,2,1989435,994717.5,20000
bytes_tokio,json_line_tcp,baseline,5,3,2846801,948933.6666666666,20000
bytes_tokio,json_line_tcp,core,5,4,2886536,721634,20000
bytes_tokio,json_line_tcp,step1,5,3,2826481,942160.3333333334,20000
bytes_tokio,json_line_tcp,baseline,6,3,2883174,961058,20000
bytes_tokio,json_line_tcp,original,6,3,2859468,953156,20000
bytes_tokio,json_line_tcp,step1,6,3,2961651,987217,20000
bytes_tokio,json_line_tcp,step2,6,2,1942602,971301,20000
bytes_tokio,json_line_tcp,core,6,4,2947065,736766.25,20000
bytes_tokio,json_line_tcp,core,7,4,2925543,731385.75,20000
bytes_tokio,json_line_tcp,original,7,3,2971317,990439,20000
bytes_tokio,json_line_tcp,baseline,7,3,2890266,963422,20000
bytes_tokio,json_line_tcp,step2,7,2,1959049,979524.5,20000
bytes_tokio,json_line_tcp,step1,7,3,2865322,955107.3333333334,20000
bytes_tokio,json_line_tcp,step1,8,3,2922180,974060,20000
bytes_tokio,json_line_tcp,step2,8,2,1934694,967347,20000
bytes_tokio,json_line_tcp,original,8,3,2902723,967574.3333333334,20000
bytes_tokio,json_line_tcp,core,8,4,2887944,721986,20000
bytes_tokio,json_line_tcp,baseline,8,3,2945485,981828.3333333334,20000
bytes_tokio,json_line_tcp,step1,9,3,2887280,962426.6666666666,20000
bytes_tokio,json_line_tcp,original,9,3,2852132,950710.6666666666,20000
bytes_tokio,json_line_tcp,step2,9,2,1970426,985213,20000
bytes_tokio,json_line_tcp,core,9,4,2924180,731045,20000
bytes_tokio,json_line_tcp,baseline,9,3,2913331,971110.3333333334,20000
bytes_tokio,json_line_tcp,baseline,10,3,2875559,958519.6666666666,20000
bytes_tokio,json_line_tcp,step2,10,2,1975243,987621.5,20000
bytes_tokio,json_line_tcp,original,10,3,2965727,988575.6666666666,20000
bytes_tokio,json_line_tcp,step1,10,3,2847707,949235.6666666666,20000
bytes_tokio,json_line_tcp,core,10,4,2953140,738285,20000
bytes_tokio,json_line_tcp,step1,11,3,2842083,947361,20000
bytes_tokio,json_line_tcp,original,11,3,2970725,990241.6666666666,20000
bytes_tokio,json_line_tcp,baseline,11,3,2905898,968632.6666666666,20000
bytes_tokio,json_line_tcp,step2,11,2,1927939,963969.5,20000
bytes_tokio,json_line_tcp,core,11,4,2923050,730762.5,20000
bytes_tokio,json_line_tcp,baseline,12,3,2969599,989866.3333333334,20000
bytes_tokio,json_line_tcp,core,12,4,2898140,724535,20000
bytes_tokio,json_line_tcp,step1,12,3,2883946,961315.3333333334,20000
bytes_tokio,json_line_tcp,original,12,3,2984433,994811,20000
bytes_tokio,json_line_tcp,step2,12,2,1962599,981299.5,20000
bytes_tokio,json_line_tcp,baseline,13,3,2899171,966390.3333333334,20000
bytes_tokio,json_line_tcp,core,13,4,2922966,730741.5,20000
bytes_tokio,json_line_tcp,step2,13,2,1979095,989547.5,20000
bytes_tokio,json_line_tcp,original,13,3,2914288,971429.3333333334,20000
bytes_tokio,json_line_tcp,step1,13,3,2922060,974020,20000
bytes_tokio,json_line_tcp,baseline,14,3,2890035,963345,20000
bytes_tokio,json_line_tcp,original,14,3,2921706,973902,20000
bytes_tokio,json_line_tcp,core,14,4,2941563,735390.75,20000
bytes_tokio,json_line_tcp,step2,14,2,1976978,988489,20000
bytes_tokio,json_line_tcp,step1,14,3,2878883,959627.6666666666,20000
bytes_tokio,json_line_tcp,baseline,15,3,2910035,970011.6666666666,20000
bytes_tokio,json_line_tcp,step1,15,3,2899078,966359.3333333334,20000
bytes_tokio,json_line_tcp,original,15,3,2933059,977686.3333333334,20000
bytes_tokio,json_line_tcp,core,15,4,2889302,722325.5,20000
bytes_tokio,json_line_tcp,step2,15,2,2045795,1022897.5,20000
bytes_tokio,json_line_tcp,original,16,3,2924901,974967,20000
bytes_tokio,json_line_tcp,baseline,16,3,2916058,972019.3333333334,20000
bytes_tokio,json_line_tcp,core,16,4,2910955,727738.75,20000
bytes_tokio,json_line_tcp,step2,16,2,2040414,1020207,20000
bytes_tokio,json_line_tcp,step1,16,3,2881665,960555,20000
bytes_tokio,json_line_tcp,baseline,17,3,2885269,961756.3333333334,20000
bytes_tokio,json_line_tcp,original,17,3,2892887,964295.6666666666,20000
bytes_tokio,json_line_tcp,step1,17,3,2946699,982233,20000
bytes_tokio,json_line_tcp,core,17,4,2925988,731497,20000
bytes_tokio,json_line_tcp,step2,17,2,2011785,1005892.5,20000
bytes_tokio,json_line_tcp,baseline,18,3,2897236,965745.3333333334,20000
bytes_tokio,json_line_tcp,original,18,3,2942638,980879.3333333334,20000
bytes_tokio,json_line_tcp,core,18,4,2915536,728884,20000
bytes_tokio,json_line_tcp,step1,18,3,2876801,958933.6666666666,20000
bytes_tokio,json_line_tcp,step2,18,2,1986092,993046,20000
bytes_tokio,json_line_tcp,step1,19,3,2925730,975243.3333333334,20000
bytes_tokio,json_line_tcp,baseline,19,3,2896626,965542,20000
bytes_tokio,json_line_tcp,original,19,3,2916442,972147.3333333334,20000
bytes_tokio,json_line_tcp,step2,19,2,1944682,972341,20000
bytes_tokio,json_line_tcp,core,19,4,2909279,727319.75,20000
bytes_tokio,json_line_tcp,core,20,4,2993972,748493,20000
bytes_tokio,json_line_tcp,baseline,20,3,2881728,960576,20000
bytes_tokio,json_line_tcp,step1,20,3,2850463,950154.3333333334,20000
bytes_tokio,json_line_tcp,step2,20,2,2031339,1015669.5,20000
bytes_tokio,json_line_tcp,original,20,3,2948315,982771.6666666666,20000
bytes_tokio,json_line_tcp,baseline,21,3,2969870,989956.6666666666,20000
bytes_tokio,json_line_tcp,original,21,3,2882961,960987,20000
bytes_tokio,json_line_tcp,step1,21,3,2876546,958848.6666666666,20000
bytes_tokio,json_line_tcp,step2,21,2,1964857,982428.5,20000
bytes_tokio,json_line_tcp,core,21,4,3003069,750767.25,20000
bytes_tokio,json_line_tcp,step2,22,2,1983493,991746.5,20000
bytes_tokio,json_line_tcp,step1,22,3,2887376,962458.6666666666,20000
bytes_tokio,json_line_tcp,baseline,22,3,2908995,969665,20000
bytes_tokio,json_line_tcp,core,22,4,2942728,735682,20000
bytes_tokio,json_line_tcp,original,22,3,3005914,1001971.3333333334,20000
bytes_tokio,json_line_tcp,baseline,23,3,2876027,958675.6666666666,20000
bytes_tokio,json_line_tcp,step2,23,2,1931553,965776.5,20000
bytes_tokio,json_line_tcp,core,23,4,2895024,723756,20000
bytes_tokio,json_line_tcp,original,23,3,2930748,976916,20000
bytes_tokio,json_line_tcp,step1,23,3,2837614,945871.3333333334,20000
bytes_tokio,json_line_tcp,step2,24,2,1997320,998660,20000
bytes_tokio,json_line_tcp,baseline,24,3,2856602,952200.6666666666,20000
bytes_tokio,json_line_tcp,step1,24,3,2891511,963837,20000
bytes_tokio,json_line_tcp,original,24,3,2942629,980876.3333333334,20000
bytes_tokio,json_line_tcp,core,24,4,2970425,742606.25,20000
bytes_tokio,json_line_tcp,step1,25,3,2803695,934565,20000
bytes_tokio,json_line_tcp,original,25,3,2956156,985385.3333333334,20000
bytes_tokio,json_line_tcp,baseline,25,3,2881403,960467.6666666666,20000
bytes_tokio,json_line_tcp,core,25,4,2966870,741717.5,20000
bytes_tokio,json_line_tcp,step2,25,2,1955550,977775,20000
bytes_tokio,json_line_tcp,baseline,26,3,2939230,979743.3333333334,20000
bytes_tokio,json_line_tcp,original,26,3,2896682,965560.6666666666,20000
bytes_tokio,json_line_tcp,step1,26,3,2880670,960223.3333333334,20000
bytes_tokio,json_line_tcp,core,26,4,2949007,737251.75,20000
bytes_tokio,json_line_tcp,step2,26,2,2034682,1017341,20000
bytes_tokio,json_line_tcp,original,27,3,2886390,962130,20000
bytes_tokio,json_line_tcp,core,27,4,3070667,767666.75,20000
bytes_tokio,json_line_tcp,baseline,27,3,2882212,960737.3333333334,20000
bytes_tokio,json_line_tcp,step1,27,3,2914450,971483.3333333334,20000
bytes_tokio,json_line_tcp,step2,27,2,1987696,993848,20000
bytes_tokio,json_line_tcp,step2,28,2,1995278,997639,20000
bytes_tokio,json_line_tcp,core,28,4,2919742,729935.5,20000
bytes_tokio,json_line_tcp,baseline,28,3,2943211,981070.3333333334,20000
bytes_tokio,json_line_tcp,step1,28,3,2870006,956668.6666666666,20000
bytes_tokio,json_line_tcp,original,28,3,2916298,972099.3333333334,20000
bytes_tokio,json_line_tcp,original,29,3,2985775,995258.3333333334,20000
bytes_tokio,json_line_tcp,step1,29,3,2977699,992566.3333333334,20000
bytes_tokio,json_line_tcp,core,29,4,3038668,759667,20000
bytes_tokio,json_line_tcp,baseline,29,3,3310064,1103354.6666666667,20000
bytes_tokio,json_line_tcp,step2,29,2,2054865,1027432.5,20000
bytes_tokio,json_line_tcp,step2,30,2,1952583,976291.5,20000
bytes_tokio,json_line_tcp,baseline,30,3,2876562,958854,20000
bytes_tokio,json_line_tcp,core,30,4,2929411,732352.75,20000
bytes_tokio,json_line_tcp,step1,30,3,2931075,977025,20000
bytes_tokio,json_line_tcp,original,30,3,2960388,986796,20000
bytes_tokio,json_metadata_after_tcp,step2,0,2,2944601,1472300.5,20000
bytes_tokio,json_metadata_after_tcp,step1,0,2,3008991,1504495.5,20000
bytes_tokio,json_metadata_after_tcp,baseline,0,2,2872964,1436482,20000
bytes_tokio,json_metadata_after_tcp,original,0,2,2888578,1444289,20000
bytes_tokio,json_metadata_after_tcp,core,0,2,2922165,1461082.5,20000
bytes_tokio,json_metadata_after_tcp,step1,1,2,2980220,1490110,20000
bytes_tokio,json_metadata_after_tcp,baseline,1,2,2927861,1463930.5,20000
bytes_tokio,json_metadata_after_tcp,step2,1,2,2964823,1482411.5,20000
bytes_tokio,json_metadata_after_tcp,core,1,2,2920200,1460100,20000
bytes_tokio,json_metadata_after_tcp,original,1,2,2863158,1431579,20000
bytes_tokio,json_metadata_after_tcp,core,2,2,2977003,1488501.5,20000
bytes_tokio,json_metadata_after_tcp,step2,2,2,2967150,1483575,20000
bytes_tokio,json_metadata_after_tcp,baseline,2,2,2877300,1438650,20000
bytes_tokio,json_metadata_after_tcp,original,2,2,2910178,1455089,20000
bytes_tokio,json_metadata_after_tcp,step1,2,2,3014319,1507159.5,20000
bytes_tokio,json_metadata_after_tcp,original,3,2,2906236,1453118,20000
bytes_tokio,json_metadata_after_tcp,step1,3,2,2991203,1495601.5,20000
bytes_tokio,json_metadata_after_tcp,core,3,2,2965962,1482981,20000
bytes_tokio,json_metadata_after_tcp,step2,3,2,2933325,1466662.5,20000
bytes_tokio,json_metadata_after_tcp,baseline,3,2,2902646,1451323,20000
bytes_tokio,json_metadata_after_tcp,baseline,4,2,2856624,1428312,20000
bytes_tokio,json_metadata_after_tcp,step2,4,2,3024321,1512160.5,20000
bytes_tokio,json_metadata_after_tcp,original,4,2,2903597,1451798.5,20000
bytes_tokio,json_metadata_after_tcp,core,4,2,2924604,1462302,20000
bytes_tokio,json_metadata_after_tcp,step1,4,2,3105990,1552995,20000
bytes_tokio,json_metadata_after_tcp,original,5,2,2883433,1441716.5,20000
bytes_tokio,json_metadata_after_tcp,step2,5,2,2949806,1474903,20000
bytes_tokio,json_metadata_after_tcp,baseline,5,2,2869509,1434754.5,20000
bytes_tokio,json_metadata_after_tcp,core,5,2,2957378,1478689,20000
bytes_tokio,json_metadata_after_tcp,step1,5,2,2990877,1495438.5,20000
bytes_tokio,json_metadata_after_tcp,baseline,6,2,2911351,1455675.5,20000
bytes_tokio,json_metadata_after_tcp,original,6,2,2884359,1442179.5,20000
bytes_tokio,json_metadata_after_tcp,step1,6,2,3085849,1542924.5,20000
bytes_tokio,json_metadata_after_tcp,step2,6,2,2938540,1469270,20000
bytes_tokio,json_metadata_after_tcp,core,6,2,2904829,1452414.5,20000
bytes_tokio,json_metadata_after_tcp,core,7,2,2976032,1488016,20000
bytes_tokio,json_metadata_after_tcp,original,7,2,2880284,1440142,20000
bytes_tokio,json_metadata_after_tcp,baseline,7,2,2891344,1445672,20000
bytes_tokio,json_metadata_after_tcp,step2,7,2,2928085,1464042.5,20000
bytes_tokio,json_metadata_after_tcp,step1,7,2,3045707,1522853.5,20000
bytes_tokio,json_metadata_after_tcp,step1,8,2,3021990,1510995,20000
bytes_tokio,json_metadata_after_tcp,step2,8,2,2966418,1483209,20000
bytes_tokio,json_metadata_after_tcp,original,8,2,2893512,1446756,20000
bytes_tokio,json_metadata_after_tcp,core,8,2,3358183,1679091.5,20000
bytes_tokio,json_metadata_after_tcp,baseline,8,2,3151622,1575811,20000
bytes_tokio,json_metadata_after_tcp,step1,9,2,2999423,1499711.5,20000
bytes_tokio,json_metadata_after_tcp,original,9,2,2924988,1462494,20000
bytes_tokio,json_metadata_after_tcp,step2,9,2,2936415,1468207.5,20000
bytes_tokio,json_metadata_after_tcp,core,9,2,2914664,1457332,20000
bytes_tokio,json_metadata_after_tcp,baseline,9,2,2914632,1457316,20000
bytes_tokio,json_metadata_after_tcp,baseline,10,2,2932064,1466032,20000
bytes_tokio,json_metadata_after_tcp,step2,10,2,2999343,1499671.5,20000
bytes_tokio,json_metadata_after_tcp,original,10,2,2923110,1461555,20000
bytes_tokio,json_metadata_after_tcp,step1,10,2,3093789,1546894.5,20000
bytes_tokio,json_metadata_after_tcp,core,10,2,2914956,1457478,20000
bytes_tokio,json_metadata_after_tcp,step1,11,2,2965497,1482748.5,20000
bytes_tokio,json_metadata_after_tcp,original,11,2,2872977,1436488.5,20000
bytes_tokio,json_metadata_after_tcp,baseline,11,2,2930524,1465262,20000
bytes_tokio,json_metadata_after_tcp,step2,11,2,2961212,1480606,20000
bytes_tokio,json_metadata_after_tcp,core,11,2,2980472,1490236,20000
bytes_tokio,json_metadata_after_tcp,baseline,12,2,2953324,1476662,20000
bytes_tokio,json_metadata_after_tcp,core,12,2,2915948,1457974,20000
bytes_tokio,json_metadata_after_tcp,step1,12,2,3006960,1503480,20000
bytes_tokio,json_metadata_after_tcp,original,12,2,2891517,1445758.5,20000
bytes_tokio,json_metadata_after_tcp,step2,12,2,3021601,1510800.5,20000
bytes_tokio,json_metadata_after_tcp,baseline,13,2,2885640,1442820,20000
bytes_tokio,json_metadata_after_tcp,core,13,2,2918256,1459128,20000
bytes_tokio,json_metadata_after_tcp,step2,13,2,2915391,1457695.5,20000
bytes_tokio,json_metadata_after_tcp,original,13,2,2936629,1468314.5,20000
bytes_tokio,json_metadata_after_tcp,step1,13,2,3021314,1510657,20000
bytes_tokio,json_metadata_after_tcp,baseline,14,2,2883895,1441947.5,20000
bytes_tokio,json_metadata_after_tcp,original,14,2,2913239,1456619.5,20000
bytes_tokio,json_metadata_after_tcp,core,14,2,2914226,1457113,20000
bytes_tokio,json_metadata_after_tcp,step2,14,2,2962711,1481355.5,20000
bytes_tokio,json_metadata_after_tcp,step1,14,2,3016547,1508273.5,20000
bytes_tokio,json_metadata_after_tcp,baseline,15,2,2961101,1480550.5,20000
bytes_tokio,json_metadata_after_tcp,step1,15,2,3004427,1502213.5,20000
bytes_tokio,json_metadata_after_tcp,original,15,2,2879041,1439520.5,20000
bytes_tokio,json_metadata_after_tcp,core,15,2,2978857,1489428.5,20000
bytes_tokio,json_metadata_after_tcp,step2,15,2,2918197,1459098.5,20000
bytes_tokio,json_metadata_after_tcp,original,16,2,2917424,1458712,20000
bytes_tokio,json_metadata_after_tcp,baseline,16,2,2889880,1444940,20000
bytes_tokio,json_metadata_after_tcp,core,16,2,2959146,1479573,20000
bytes_tokio,json_metadata_after_tcp,step2,16,2,2989605,1494802.5,20000
bytes_tokio,json_metadata_after_tcp,step1,16,2,3065216,1532608,20000
bytes_tokio,json_metadata_after_tcp,baseline,17,2,2903586,1451793,20000
bytes_tokio,json_metadata_after_tcp,original,17,2,2953939,1476969.5,20000
bytes_tokio,json_metadata_after_tcp,step1,17,2,3012753,1506376.5,20000
bytes_tokio,json_metadata_after_tcp,core,17,2,2915766,1457883,20000
bytes_tokio,json_metadata_after_tcp,step2,17,2,3002367,1501183.5,20000
bytes_tokio,json_metadata_after_tcp,baseline,18,2,2862192,1431096,20000
bytes_tokio,json_metadata_after_tcp,original,18,2,2890642,1445321,20000
bytes_tokio,json_metadata_after_tcp,core,18,2,2905073,1452536.5,20000
bytes_tokio,json_metadata_after_tcp,step1,18,2,3132577,1566288.5,20000
bytes_tokio,json_metadata_after_tcp,step2,18,2,2980070,1490035,20000
bytes_tokio,json_metadata_after_tcp,step1,19,2,3389624,1694812,20000
bytes_tokio,json_metadata_after_tcp,baseline,19,2,3544407,1772203.5,20000
bytes_tokio,json_metadata_after_tcp,original,19,2,3296594,1648297,20000
bytes_tokio,json_metadata_after_tcp,step2,19,2,3744234,1872117,20000
bytes_tokio,json_metadata_after_tcp,core,19,2,3890967,1945483.5,20000
bytes_tokio,json_metadata_after_tcp,core,20,2,3477812,1738906,20000
bytes_tokio,json_metadata_after_tcp,baseline,20,2,3569393,1784696.5,20000
bytes_tokio,json_metadata_after_tcp,step1,20,2,3579287,1789643.5,20000
bytes_tokio,json_metadata_after_tcp,step2,20,2,3823354,1911677,20000
bytes_tokio,json_metadata_after_tcp,original,20,2,3713553,1856776.5,20000
bytes_tokio,json_metadata_after_tcp,baseline,21,2,3340218,1670109,20000
bytes_tokio,json_metadata_after_tcp,original,21,2,3724393,1862196.5,20000
bytes_tokio,json_metadata_after_tcp,step1,21,2,3807771,1903885.5,20000
bytes_tokio,json_metadata_after_tcp,step2,21,2,3745491,1872745.5,20000
bytes_tokio,json_metadata_after_tcp,core,21,2,3693408,1846704,20000
bytes_tokio,json_metadata_after_tcp,step2,22,2,3635170,1817585,20000
bytes_tokio,json_metadata_after_tcp,step1,22,2,3574523,1787261.5,20000
bytes_tokio,json_metadata_after_tcp,baseline,22,2,3548207,1774103.5,20000
bytes_tokio,json_metadata_after_tcp,core,22,2,3661123,1830561.5,20000
bytes_tokio,json_metadata_after_tcp,original,22,2,3650966,1825483,20000
bytes_tokio,json_metadata_after_tcp,baseline,23,2,3587602,1793801,20000
bytes_tokio,json_metadata_after_tcp,step2,23,2,3575821,1787910.5,20000
bytes_tokio,json_metadata_after_tcp,core,23,2,3801847,1900923.5,20000
bytes_tokio,json_metadata_after_tcp,original,23,2,3438804,1719402,20000
bytes_tokio,json_metadata_after_tcp,step1,23,2,3658435,1829217.5,20000
bytes_tokio,json_metadata_after_tcp,step2,24,2,3599556,1799778,20000
bytes_tokio,json_metadata_after_tcp,baseline,24,2,3283380,1641690,20000
bytes_tokio,json_metadata_after_tcp,step1,24,2,3467582,1733791,20000
bytes_tokio,json_metadata_after_tcp,original,24,2,3065289,1532644.5,20000
bytes_tokio,json_metadata_after_tcp,core,24,2,2931302,1465651,20000
bytes_tokio,json_metadata_after_tcp,step1,25,2,2995668,1497834,20000
bytes_tokio,json_metadata_after_tcp,original,25,2,2866134,1433067,20000
bytes_tokio,json_metadata_after_tcp,baseline,25,2,2894108,1447054,20000
bytes_tokio,json_metadata_after_tcp,core,25,2,2963679,1481839.5,20000
bytes_tokio,json_metadata_after_tcp,step2,25,2,2938649,1469324.5,20000
bytes_tokio,json_metadata_after_tcp,baseline,26,2,2890374,1445187,20000
bytes_tokio,json_metadata_after_tcp,original,26,2,2834250,1417125,20000
bytes_tokio,json_metadata_after_tcp,step1,26,2,3375123,1687561.5,20000
bytes_tokio,json_metadata_after_tcp,core,26,2,3161647,1580823.5,20000
bytes_tokio,json_metadata_after_tcp,step2,26,2,2937134,1468567,20000
bytes_tokio,json_metadata_after_tcp,original,27,2,2890583,1445291.5,20000
bytes_tokio,json_metadata_after_tcp,core,27,2,2998625,1499312.5,20000
bytes_tokio,json_metadata_after_tcp,baseline,27,2,2877810,1438905,20000
bytes_tokio,json_metadata_after_tcp,step1,27,2,3023013,1511506.5,20000
bytes_tokio,json_metadata_after_tcp,step2,27,2,3286904,1643452,20000
bytes_tokio,json_metadata_after_tcp,step2,28,2,3002145,1501072.5,20000
bytes_tokio,json_metadata_after_tcp,core,28,2,2941573,1470786.5,20000
bytes_tokio,json_metadata_after_tcp,baseline,28,2,2946707,1473353.5,20000
bytes_tokio,json_metadata_after_tcp,step1,28,2,2975271,1487635.5,20000
bytes_tokio,json_metadata_after_tcp,original,28,2,2828124,1414062,20000
bytes_tokio,json_metadata_after_tcp,original,29,2,2855743,1427871.5,20000
bytes_tokio,json_metadata_after_tcp,step1,29,2,3064465,1532232.5,20000
bytes_tokio,json_metadata_after_tcp,core,29,2,2946011,1473005.5,20000
bytes_tokio,json_metadata_after_tcp,baseline,29,2,2890984,1445492,20000
bytes_tokio,json_metadata_after_tcp,step2,29,2,2933732,1466866,20000
bytes_tokio,json_metadata_after_tcp,step2,30,2,2927537,1463768.5,20000
bytes_tokio,json_metadata_after_tcp,baseline,30,2,2877652,1438826,20000
bytes_tokio,json_metadata_after_tcp,core,30,2,2930541,1465270.5,20000
bytes_tokio,json_metadata_after_tcp,step1,30,2,2990906,1495453,20000
bytes_tokio,json_metadata_after_tcp,original,30,2,2848888,1424444,20000
bytes_tokio,json_crlf_tcp,step2,0,1,2064468,2064468,20000
bytes_tokio,json_crlf_tcp,step1,0,1,2073270,2073270,20000
bytes_tokio,json_crlf_tcp,baseline,0,1,2046364,2046364,20000
bytes_tokio,json_crlf_tcp,original,0,1,2015571,2015571,20000
bytes_tokio,json_crlf_tcp,core,0,1,2156613,2156613,20000
bytes_tokio,json_crlf_tcp,step1,1,1,2112851,2112851,20000
bytes_tokio,json_crlf_tcp,baseline,1,1,1995025,1995025,20000
bytes_tokio,json_crlf_tcp,step2,1,1,2077613,2077613,20000
bytes_tokio,json_crlf_tcp,core,1,1,2160751,2160751,20000
bytes_tokio,json_crlf_tcp,original,1,1,1953451,1953451,20000
bytes_tokio,json_crlf_tcp,core,2,1,2105978,2105978,20000
bytes_tokio,json_crlf_tcp,step2,2,1,2078186,2078186,20000
bytes_tokio,json_crlf_tcp,baseline,2,1,1958207,1958207,20000
bytes_tokio,json_crlf_tcp,original,2,1,1955653,1955653,20000
bytes_tokio,json_crlf_tcp,step1,2,1,2044164,2044164,20000
bytes_tokio,json_crlf_tcp,original,3,1,1933658,1933658,20000
bytes_tokio,json_crlf_tcp,step1,3,1,2020467,2020467,20000
bytes_tokio,json_crlf_tcp,core,3,1,2094779,2094779,20000
bytes_tokio,json_crlf_tcp,step2,3,1,2090504,2090504,20000
bytes_tokio,json_crlf_tcp,baseline,3,1,1949593,1949593,20000
bytes_tokio,json_crlf_tcp,baseline,4,1,1977389,1977389,20000
bytes_tokio,json_crlf_tcp,step2,4,1,2101368,2101368,20000
bytes_tokio,json_crlf_tcp,original,4,1,1953798,1953798,20000
bytes_tokio,json_crlf_tcp,core,4,1,2081246,2081246,20000
bytes_tokio,json_crlf_tcp,step1,4,1,2036004,2036004,20000
bytes_tokio,json_crlf_tcp,original,5,1,1959943,1959943,20000
bytes_tokio,json_crlf_tcp,step2,5,1,2074016,2074016,20000
bytes_tokio,json_crlf_tcp,baseline,5,1,1962369,1962369,20000
bytes_tokio,json_crlf_tcp,core,5,1,2099746,2099746,20000
bytes_tokio,json_crlf_tcp,step1,5,1,2053783,2053783,20000
bytes_tokio,json_crlf_tcp,baseline,6,1,1951591,1951591,20000
bytes_tokio,json_crlf_tcp,original,6,1,1929880,1929880,20000
bytes_tokio,json_crlf_tcp,step1,6,1,2048672,2048672,20000
bytes_tokio,json_crlf_tcp,step2,6,1,2024240,2024240,20000
bytes_tokio,json_crlf_tcp,core,6,1,2100412,2100412,20000
bytes_tokio,json_crlf_tcp,core,7,1,2092964,2092964,20000
bytes_tokio,json_crlf_tcp,original,7,1,1959471,1959471,20000
bytes_tokio,json_crlf_tcp,baseline,7,1,1957845,1957845,20000
bytes_tokio,json_crlf_tcp,step2,7,1,2090182,2090182,20000
bytes_tokio,json_crlf_tcp,step1,7,1,2074227,2074227,20000
bytes_tokio,json_crlf_tcp,step1,8,1,2023288,2023288,20000
bytes_tokio,json_crlf_tcp,step2,8,1,2004946,2004946,20000
bytes_tokio,json_crlf_tcp,original,8,1,1972138,1972138,20000
bytes_tokio,json_crlf_tcp,core,8,1,2096420,2096420,20000
bytes_tokio,json_crlf_tcp,baseline,8,1,1969982,1969982,20000
bytes_tokio,json_crlf_tcp,step1,9,1,2067324,2067324,20000
bytes_tokio,json_crlf_tcp,original,9,1,1954347,1954347,20000
bytes_tokio,json_crlf_tcp,step2,9,1,2014765,2014765,20000
bytes_tokio,json_crlf_tcp,core,9,1,2097367,2097367,20000
bytes_tokio,json_crlf_tcp,baseline,9,1,1922564,1922564,20000
bytes_tokio,json_crlf_tcp,baseline,10,1,1924709,1924709,20000
bytes_tokio,json_crlf_tcp,step2,10,1,2042264,2042264,20000
bytes_tokio,json_crlf_tcp,original,10,1,1927555,1927555,20000
bytes_tokio,json_crlf_tcp,step1,10,1,2057247,2057247,20000
bytes_tokio,json_crlf_tcp,core,10,1,2097561,2097561,20000
bytes_tokio,json_crlf_tcp,step1,11,1,2047688,2047688,20000
bytes_tokio,json_crlf_tcp,original,11,1,1966479,1966479,20000
bytes_tokio,json_crlf_tcp,baseline,11,1,1935312,1935312,20000
bytes_tokio,json_crlf_tcp,step2,11,1,2039806,2039806,20000
bytes_tokio,json_crlf_tcp,core,11,1,2081671,2081671,20000
bytes_tokio,json_crlf_tcp,baseline,12,1,1967764,1967764,20000
bytes_tokio,json_crlf_tcp,core,12,1,2093410,2093410,20000
bytes_tokio,json_crlf_tcp,step1,12,1,2037783,2037783,20000
bytes_tokio,json_crlf_tcp,original,12,1,1957234,1957234,20000
bytes_tokio,json_crlf_tcp,step2,12,1,2031461,2031461,20000
bytes_tokio,json_crlf_tcp,baseline,13,1,1959295,1959295,20000
bytes_tokio,json_crlf_tcp,core,13,1,2102475,2102475,20000
bytes_tokio,json_crlf_tcp,step2,13,1,2051113,2051113,20000
bytes_tokio,json_crlf_tcp,original,13,1,1931782,1931782,20000
bytes_tokio,json_crlf_tcp,step1,13,1,2053888,2053888,20000
bytes_tokio,json_crlf_tcp,baseline,14,1,1918355,1918355,20000
bytes_tokio,json_crlf_tcp,original,14,1,1939612,1939612,20000
bytes_tokio,json_crlf_tcp,core,14,1,2085175,2085175,20000
bytes_tokio,json_crlf_tcp,step2,14,1,2075568,2075568,20000
bytes_tokio,json_crlf_tcp,step1,14,1,2073150,2073150,20000
bytes_tokio,json_crlf_tcp,baseline,15,1,1925408,1925408,20000
bytes_tokio,json_crlf_tcp,step1,15,1,2025461,2025461,20000
bytes_tokio,json_crlf_tcp,original,15,1,1912605,1912605,20000
bytes_tokio,json_crlf_tcp,core,15,1,2095429,2095429,20000
bytes_tokio,json_crlf_tcp,step2,15,1,2030122,2030122,20000
bytes_tokio,json_crlf_tcp,original,16,1,1940815,1940815,20000
bytes_tokio,json_crlf_tcp,baseline,16,1,1918596,1918596,20000
bytes_tokio,json_crlf_tcp,core,16,1,2083433,2083433,20000
bytes_tokio,json_crlf_tcp,step2,16,1,2031190,2031190,20000
bytes_tokio,json_crlf_tcp,step1,16,1,2044122,2044122,20000
bytes_tokio,json_crlf_tcp,baseline,17,1,1934864,1934864,20000
bytes_tokio,json_crlf_tcp,original,17,1,1938286,1938286,20000
bytes_tokio,json_crlf_tcp,step1,17,1,2073460,2073460,20000
bytes_tokio,json_crlf_tcp,core,17,1,2117064,2117064,20000
bytes_tokio,json_crlf_tcp,step2,17,1,2079565,2079565,20000
bytes_tokio,json_crlf_tcp,baseline,18,1,1905378,1905378,20000
bytes_tokio,json_crlf_tcp,original,18,1,1946071,1946071,20000
bytes_tokio,json_crlf_tcp,core,18,1,2095166,2095166,20000
bytes_tokio,json_crlf_tcp,step1,18,1,2063597,2063597,20000
bytes_tokio,json_crlf_tcp,step2,18,1,2047842,2047842,20000
bytes_tokio,json_crlf_tcp,step1,19,1,2046997,2046997,20000
bytes_tokio,json_crlf_tcp,baseline,19,1,1984595,1984595,20000
bytes_tokio,json_crlf_tcp,original,19,1,1941390,1941390,20000
bytes_tokio,json_crlf_tcp,step2,19,1,2023481,2023481,20000
bytes_tokio,json_crlf_tcp,core,19,1,2140072,2140072,20000
bytes_tokio,json_crlf_tcp,core,20,1,2112557,2112557,20000
bytes_tokio,json_crlf_tcp,baseline,20,1,1994498,1994498,20000
bytes_tokio,json_crlf_tcp,step1,20,1,2088823,2088823,20000
bytes_tokio,json_crlf_tcp,step2,20,1,2069182,2069182,20000
bytes_tokio,json_crlf_tcp,original,20,1,1988240,1988240,20000
bytes_tokio,json_crlf_tcp,baseline,21,1,1963412,1963412,20000
bytes_tokio,json_crlf_tcp,original,21,1,1983100,1983100,20000
bytes_tokio,json_crlf_tcp,step1,21,1,2056001,2056001,20000
bytes_tokio,json_crlf_tcp,step2,21,1,2033478,2033478,20000
bytes_tokio,json_crlf_tcp,core,21,1,2101714,2101714,20000
bytes_tokio,json_crlf_tcp,step2,22,1,2030812,2030812,20000
bytes_tokio,json_crlf_tcp,step1,22,1,2047642,2047642,20000
bytes_tokio,json_crlf_tcp,baseline,22,1,1975072,1975072,20000
bytes_tokio,json_crlf_tcp,core,22,1,2105052,2105052,20000
bytes_tokio,json_crlf_tcp,original,22,1,1944300,1944300,20000
bytes_tokio,json_crlf_tcp,baseline,23,1,1952336,1952336,20000
bytes_tokio,json_crlf_tcp,step2,23,1,2037043,2037043,20000
bytes_tokio,json_crlf_tcp,core,23,1,2097553,2097553,20000
bytes_tokio,json_crlf_tcp,original,23,1,1935085,1935085,20000
bytes_tokio,json_crlf_tcp,step1,23,1,2054101,2054101,20000
bytes_tokio,json_crlf_tcp,step2,24,1,2075625,2075625,20000
bytes_tokio,json_crlf_tcp,baseline,24,1,1949392,1949392,20000
bytes_tokio,json_crlf_tcp,step1,24,1,2074951,2074951,20000
bytes_tokio,json_crlf_tcp,original,24,1,1933300,1933300,20000
bytes_tokio,json_crlf_tcp,core,24,1,2087117,2087117,20000
bytes_tokio,json_crlf_tcp,step1,25,1,2040869,2040869,20000
bytes_tokio,json_crlf_tcp,original,25,1,1913371,1913371,20000
bytes_tokio,json_crlf_tcp,baseline,25,1,1933222,1933222,20000
bytes_tokio,json_crlf_tcp,core,25,1,2101486,2101486,20000
bytes_tokio,json_crlf_tcp,step2,25,1,2108347,2108347,20000
bytes_tokio,json_crlf_tcp,baseline,26,1,1974425,1974425,20000
bytes_tokio,json_crlf_tcp,original,26,1,1940060,1940060,20000
bytes_tokio,json_crlf_tcp,step1,26,1,2054662,2054662,20000
bytes_tokio,json_crlf_tcp,core,26,1,2110692,2110692,20000
bytes_tokio,json_crlf_tcp,step2,26,1,2013340,2013340,20000
bytes_tokio,json_crlf_tcp,original,27,1,1935015,1935015,20000
bytes_tokio,json_crlf_tcp,core,27,1,2094550,2094550,20000
bytes_tokio,json_crlf_tcp,baseline,27,1,1946614,1946614,20000
bytes_tokio,json_crlf_tcp,step1,27,1,2054012,2054012,20000
bytes_tokio,json_crlf_tcp,step2,27,1,2023269,2023269,20000
bytes_tokio,json_crlf_tcp,step2,28,1,2030845,2030845,20000
bytes_tokio,json_crlf_tcp,core,28,1,2091895,2091895,20000
bytes_tokio,json_crlf_tcp,baseline,28,1,1928262,1928262,20000
bytes_tokio,json_crlf_tcp,step1,28,1,2048829,2048829,20000
bytes_tokio,json_crlf_tcp,original,28,1,1929603,1929603,20000
bytes_tokio,json_crlf_tcp,original,29,1,1950133,1950133,20000
bytes_tokio,json_crlf_tcp,step1,29,1,2045996,2045996,20000
bytes_tokio,json_crlf_tcp,core,29,1,2107777,2107777,20000
bytes_tokio,json_crlf_tcp,baseline,29,1,1940200,1940200,20000
bytes_tokio,json_crlf_tcp,step2,29,1,2001367,2001367,20000
bytes_tokio,json_crlf_tcp,step2,30,1,2026528,2026528,20000
bytes_tokio,json_crlf_tcp,baseline,30,1,1916839,1916839,20000
bytes_tokio,json_crlf_tcp,core,30,1,2106205,2106205,20000
bytes_tokio,json_crlf_tcp,step1,30,1,2045156,2045156,20000
bytes_tokio,json_crlf_tcp,original,30,1,1943327,1943327,20000
bytes_tokio,large_utf8_tcp,step2,0,12,2829167,235763.91666666666,64
bytes_tokio,large_utf8_tcp,step1,0,12,2831722,235976.83333333334,64
bytes_tokio,large_utf8_tcp,baseline,0,3,2866380,955460,64
bytes_tokio,large_utf8_tcp,original,0,3,2831796,943932,64
bytes_tokio,large_utf8_tcp,core,0,3,2751077,917025.6666666666,64
bytes_tokio,large_utf8_tcp,step1,1,12,2850003,237500.25,64
bytes_tokio,large_utf8_tcp,baseline,1,3,2823353,941117.6666666666,64
bytes_tokio,large_utf8_tcp,step2,1,12,2837847,236487.25,64
bytes_tokio,large_utf8_tcp,core,1,3,2738956,912985.3333333334,64
bytes_tokio,large_utf8_tcp,original,1,3,2831842,943947.3333333334,64
bytes_tokio,large_utf8_tcp,core,2,3,2795854,931951.3333333334,64
bytes_tokio,large_utf8_tcp,step2,2,12,2862376,238531.33333333334,64
bytes_tokio,large_utf8_tcp,baseline,2,3,2869236,956412,64
bytes_tokio,large_utf8_tcp,original,2,3,2845750,948583.3333333334,64
bytes_tokio,large_utf8_tcp,step1,2,12,2889310,240775.83333333334,64
bytes_tokio,large_utf8_tcp,original,3,3,2862439,954146.3333333334,64
bytes_tokio,large_utf8_tcp,step1,3,12,2856580,238048.33333333334,64
bytes_tokio,large_utf8_tcp,core,3,3,2769225,923075,64
bytes_tokio,large_utf8_tcp,step2,3,12,2893201,241100.08333333334,64
bytes_tokio,large_utf8_tcp,baseline,3,3,2844536,948178.6666666666,64
bytes_tokio,large_utf8_tcp,baseline,4,3,2868158,956052.6666666666,64
bytes_tokio,large_utf8_tcp,step2,4,12,2887466,240622.16666666666,64
bytes_tokio,large_utf8_tcp,original,4,3,2846254,948751.3333333334,64
bytes_tokio,large_utf8_tcp,core,4,3,2767088,922362.6666666666,64
bytes_tokio,large_utf8_tcp,step1,4,12,2846564,237213.66666666666,64
bytes_tokio,large_utf8_tcp,original,5,3,2854347,951449,64
bytes_tokio,large_utf8_tcp,step2,5,12,2862971,238580.91666666666,64
bytes_tokio,large_utf8_tcp,baseline,5,3,2857134,952378,64
bytes_tokio,large_utf8_tcp,core,5,3,2804594,934864.6666666666,64
bytes_tokio,large_utf8_tcp,step1,5,12,2875644,239637,64
bytes_tokio,large_utf8_tcp,baseline,6,3,2848286,949428.6666666666,64
bytes_tokio,large_utf8_tcp,original,6,3,2825230,941743.3333333334,64
bytes_tokio,large_utf8_tcp,step1,6,12,2881530,240127.5,64
bytes_tokio,large_utf8_tcp,step2,6,12,2856034,238002.83333333334,64
bytes_tokio,large_utf8_tcp,core,6,3,2855852,951950.6666666666,64
bytes_tokio,large_utf8_tcp,core,7,3,3264822,1088274,64
bytes_tokio,large_utf8_tcp,original,7,3,3114692,1038230.6666666666,64
bytes_tokio,large_utf8_tcp,baseline,7,3,3512223,1170741,64
bytes_tokio,large_utf8_tcp,step2,7,12,2957779,246481.58333333334,64
bytes_tokio,large_utf8_tcp,step1,7,12,2853402,237783.5,64
bytes_tokio,large_utf8_tcp,step1,8,12,2878132,239844.33333333334,64
bytes_tokio,large_utf8_tcp,step2,8,12,2822826,235235.5,64
bytes_tokio,large_utf8_tcp,original,8,3,2906685,968895,64
bytes_tokio,large_utf8_tcp,core,8,3,2788837,929612.3333333334,64
bytes_tokio,large_utf8_tcp,baseline,8,3,2850682,950227.3333333334,64
bytes_tokio,large_utf8_tcp,step1,9,12,2897338,241444.83333333334,64
bytes_tokio,large_utf8_tcp,original,9,3,2831412,943804,64
bytes_tokio,large_utf8_tcp,step2,9,12,2888278,240689.83333333334,64
bytes_tokio,large_utf8_tcp,core,9,3,2773322,924440.6666666666,64
bytes_tokio,large_utf8_tcp,baseline,9,3,2904889,968296.3333333334,64
bytes_tokio,large_utf8_tcp,baseline,10,3,2846437,948812.3333333334,64
bytes_tokio,large_utf8_tcp,step2,10,12,2901068,241755.66666666666,64
bytes_tokio,large_utf8_tcp,original,10,3,2861543,953847.6666666666,64
bytes_tokio,large_utf8_tcp,step1,10,12,2830138,235844.83333333334,64
bytes_tokio,large_utf8_tcp,core,10,3,2746732,915577.3333333334,64
bytes_tokio,large_utf8_tcp,step1,11,12,2883602,240300.16666666666,64
bytes_tokio,large_utf8_tcp,original,11,3,2835843,945281,64
bytes_tokio,large_utf8_tcp,baseline,11,3,2838055,946018.3333333334,64
bytes_tokio,large_utf8_tcp,step2,11,12,2872999,239416.58333333334,64
bytes_tokio,large_utf8_tcp,core,11,3,2747767,915922.3333333334,64
bytes_tokio,large_utf8_tcp,baseline,12,3,2858862,952954,64
bytes_tokio,large_utf8_tcp,core,12,3,2759136,919712,64
bytes_tokio,large_utf8_tcp,step1,12,12,2879783,239981.91666666666,64
bytes_tokio,large_utf8_tcp,original,12,3,2832320,944106.6666666666,64
bytes_tokio,large_utf8_tcp,step2,12,12,2845862,237155.16666666666,64
bytes_tokio,large_utf8_tcp,baseline,13,3,2823700,941233.3333333334,64
bytes_tokio,large_utf8_tcp,core,13,3,2759912,919970.6666666666,64
bytes_tokio,large_utf8_tcp,step2,13,12,2908814,242401.16666666666,64
bytes_tokio,large_utf8_tcp,original,13,3,2826641,942213.6666666666,64
bytes_tokio,large_utf8_tcp,step1,13,12,2834450,236204.16666666666,64
bytes_tokio,large_utf8_tcp,baseline,14,3,2858233,952744.3333333334,64
bytes_tokio,large_utf8_tcp,original,14,3,2845776,948592,64
bytes_tokio,large_utf8_tcp,core,14,3,2767460,922486.6666666666,64
bytes_tokio,large_utf8_tcp,step2,14,12,2900726,241727.16666666666,64
bytes_tokio,large_utf8_tcp,step1,14,12,2844907,237075.58333333334,64
bytes_tokio,large_utf8_tcp,baseline,15,3,2829789,943263,64
bytes_tokio,large_utf8_tcp,step1,15,12,2813555,234462.91666666666,64
bytes_tokio,large_utf8_tcp,original,15,3,2843305,947768.3333333334,64
bytes_tokio,large_utf8_tcp,core,15,3,2752628,917542.6666666666,64
bytes_tokio,large_utf8_tcp,step2,15,12,2931606,244300.5,64
bytes_tokio,large_utf8_tcp,original,16,3,2859916,953305.3333333334,64
bytes_tokio,large_utf8_tcp,baseline,16,3,2827886,942628.6666666666,64
bytes_tokio,large_utf8_tcp,core,16,3,2757131,919043.6666666666,64
bytes_tokio,large_utf8_tcp,step2,16,12,2857684,238140.33333333334,64
bytes_tokio,large_utf8_tcp,step1,16,12,2873452,239454.33333333334,64
bytes_tokio,large_utf8_tcp,baseline,17,3,2856022,952007.3333333334,64
bytes_tokio,large_utf8_tcp,original,17,3,2819898,939966,64
bytes_tokio,large_utf8_tcp,step1,17,12,2857146,238095.5,64
bytes_tokio,large_utf8_tcp,core,17,3,2737512,912504,64
bytes_tokio,large_utf8_tcp,step2,17,12,2816565,234713.75,64
bytes_tokio,large_utf8_tcp,baseline,18,3,2871722,957240.6666666666,64
bytes_tokio,large_utf8_tcp,original,18,3,2826118,942039.3333333334,64
bytes_tokio,large_utf8_tcp,core,18,3,2759239,919746.3333333334,64
bytes_tokio,large_utf8_tcp,step1,18,12,2816133,234677.75,64
bytes_tokio,large_utf8_tcp,step2,18,12,2861677,238473.08333333334,64
bytes_tokio,large_utf8_tcp,step1,19,12,2834022,236168.5,64
bytes_tokio,large_utf8_tcp,baseline,19,3,2880572,960190.6666666666,64
bytes_tokio,large_utf8_tcp,original,19,3,2858464,952821.3333333334,64
bytes_tokio,large_utf8_tcp,step2,19,12,2849695,237474.58333333334,64
bytes_tokio,large_utf8_tcp,core,19,3,2759525,919841.6666666666,64
bytes_tokio,large_utf8_tcp,core,20,3,2756698,918899.3333333334,64
bytes_tokio,large_utf8_tcp,baseline,20,3,2834064,944688,64
bytes_tokio,large_utf8_tcp,step1,20,12,2962944,246912,64
bytes_tokio,large_utf8_tcp,step2,20,12,2830686,235890.5,64
bytes_tokio,large_utf8_tcp,original,20,3,2847355,949118.3333333334,64
bytes_tokio,large_utf8_tcp,baseline,21,3,2821648,940549.3333333334,64
bytes_tokio,large_utf8_tcp,original,21,3,2813349,937783,64
bytes_tokio,large_utf8_tcp,step1,21,12,2861759,238479.91666666666,64
bytes_tokio,large_utf8_tcp,step2,21,12,2868874,239072.83333333334,64
bytes_tokio,large_utf8_tcp,core,21,3,2737310,912436.6666666666,64
bytes_tokio,large_utf8_tcp,step2,22,12,2850811,237567.58333333334,64
bytes_tokio,large_utf8_tcp,step1,22,12,2907775,242314.58333333334,64
bytes_tokio,large_utf8_tcp,baseline,22,3,2827558,942519.3333333334,64
bytes_tokio,large_utf8_tcp,core,22,3,2769565,923188.3333333334,64
bytes_tokio,large_utf8_tcp,original,22,3,2825224,941741.3333333334,64
bytes_tokio,large_utf8_tcp,baseline,23,3,2817873,939291,64
bytes_tokio,large_utf8_tcp,step2,23,12,2884578,240381.5,64
bytes_tokio,large_utf8_tcp,core,23,3,2737957,912652.3333333334,64
bytes_tokio,large_utf8_tcp,original,23,3,2814313,938104.3333333334,64
bytes_tokio,large_utf8_tcp,step1,23,12,2856832,238069.33333333334,64
bytes_tokio,large_utf8_tcp,step2,24,12,2831136,235928,64
bytes_tokio,large_utf8_tcp,baseline,24,3,2825678,941892.6666666666,64
bytes_tokio,large_utf8_tcp,step1,24,12,2870607,239217.25,64
bytes_tokio,large_utf8_tcp,original,24,3,2856330,952110,64
bytes_tokio,large_utf8_tcp,core,24,3,2766131,922043.6666666666,64
bytes_tokio,large_utf8_tcp,step1,25,12,2875057,239588.08333333334,64
bytes_tokio,large_utf8_tcp,original,25,3,2828529,942843,64
bytes_tokio,large_utf8_tcp,baseline,25,3,2824489,941496.3333333334,64
bytes_tokio,large_utf8_tcp,core,25,3,2741639,913879.6666666666,64
bytes_tokio,large_utf8_tcp,step2,25,12,2847908,237325.66666666666,64
bytes_tokio,large_utf8_tcp,baseline,26,3,2850704,950234.6666666666,64
bytes_tokio,large_utf8_tcp,original,26,3,2844833,948277.6666666666,64
bytes_tokio,large_utf8_tcp,step1,26,12,2866668,238889,64
bytes_tokio,large_utf8_tcp,core,26,3,2753260,917753.3333333334,64
bytes_tokio,large_utf8_tcp,step2,26,12,2860107,238342.25,64
bytes_tokio,large_utf8_tcp,original,27,3,2843270,947756.6666666666,64
bytes_tokio,large_utf8_tcp,core,27,3,2728885,909628.3333333334,64
bytes_tokio,large_utf8_tcp,baseline,27,3,2832996,944332,64
bytes_tokio,large_utf8_tcp,step1,27,12,2833005,236083.75,64
bytes_tokio,large_utf8_tcp,step2,27,12,2802741,233561.75,64
bytes_tokio,large_utf8_tcp,step2,28,12,2806844,233903.66666666666,64
bytes_tokio,large_utf8_tcp,core,28,3,2772186,924062,64
bytes_tokio,large_utf8_tcp,baseline,28,3,2844563,948187.6666666666,64
bytes_tokio,large_utf8_tcp,step1,28,12,2810045,234170.41666666666,64
bytes_tokio,large_utf8_tcp,original,28,3,2818528,939509.3333333334,64
bytes_tokio,large_utf8_tcp,original,29,3,2811714,937238,64
bytes_tokio,large_utf8_tcp,step1,29,12,2809771,234147.58333333334,64
bytes_tokio,large_utf8_tcp,core,29,3,2738616,912872,64
bytes_tokio,large_utf8_tcp,baseline,29,3,2815670,938556.6666666666,64
bytes_tokio,large_utf8_tcp,step2,29,12,2814356,234529.66666666666,64
bytes_tokio,large_utf8_tcp,step2,30,12,2815145,234595.41666666666,64
bytes_tokio,large_utf8_tcp,baseline,30,3,2850816,950272,64
bytes_tokio,large_utf8_tcp,core,30,3,2870282,956760.6666666666,64
bytes_tokio,large_utf8_tcp,step1,30,12,2863341,238611.75,64
bytes_tokio,large_utf8_tcp,original,30,3,3660096,1220032,64
bytes_tokio,large_utf8_event,step2,0,14,2766715,197622.5,64
bytes_tokio,large_utf8_event,step1,0,16,3145931,196620.6875,64
bytes_tokio,large_utf8_event,baseline,0,2,2328105,1164052.5,64
bytes_tokio,large_utf8_event,original,0,2,2283140,1141570,64
bytes_tokio,large_utf8_event,core,0,2,2466403,1233201.5,64
bytes_tokio,large_utf8_event,step1,1,16,3207151,200446.9375,64
bytes_tokio,large_utf8_event,baseline,1,2,2392185,1196092.5,64
bytes_tokio,large_utf8_event,step2,1,14,2877791,205556.5,64
bytes_tokio,large_utf8_event,core,1,2,2300379,1150189.5,64
bytes_tokio,large_utf8_event,original,1,2,2327175,1163587.5,64
bytes_tokio,large_utf8_event,core,2,2,2298288,1149144,64
bytes_tokio,large_utf8_event,step2,2,14,2817769,201269.2142857143,64
bytes_tokio,large_utf8_event,baseline,2,2,2376125,1188062.5,64
bytes_tokio,large_utf8_event,original,2,2,2475087,1237543.5,64
bytes_tokio,large_utf8_event,step1,2,16,3270204,204387.75,64
bytes_tokio,large_utf8_event,original,3,2,2427318,1213659,64
bytes_tokio,large_utf8_event,step1,3,16,3168304,198019,64
bytes_tokio,large_utf8_event,core,3,2,2442315,1221157.5,64
bytes_tokio,large_utf8_event,step2,3,14,2737674,195548.14285714287,64
bytes_tokio,large_utf8_event,baseline,3,2,2413587,1206793.5,64
bytes_tokio,large_utf8_event,baseline,4,2,2205189,1102594.5,64
bytes_tokio,large_utf8_event,step2,4,14,2889552,206396.57142857142,64
bytes_tokio,large_utf8_event,original,4,2,2290360,1145180,64
bytes_tokio,large_utf8_event,core,4,2,2155899,1077949.5,64
bytes_tokio,large_utf8_event,step1,4,16,3173259,198328.6875,64
bytes_tokio,large_utf8_event,original,5,2,2112572,1056286,64
bytes_tokio,large_utf8_event,step2,5,14,2620572,187183.7142857143,64
bytes_tokio,large_utf8_event,baseline,5,2,1861886,930943,64
bytes_tokio,large_utf8_event,core,5,2,2464468,1232234,64
bytes_tokio,large_utf8_event,step1,5,16,2987901,186743.8125,64
bytes_tokio,large_utf8_event,baseline,6,2,1783473,891736.5,64
bytes_tokio,large_utf8_event,original,6,2,1774922,887461,64
bytes_tokio,large_utf8_event,step1,6,16,2778019,173626.1875,64
bytes_tokio,large_utf8_event,step2,6,14,2446580,174755.7142857143,64
bytes_tokio,large_utf8_event,core,6,2,1894646,947323,64
bytes_tokio,large_utf8_event,core,7,2,1757388,878694,64
bytes_tokio,large_utf8_event,original,7,2,1750615,875307.5,64
bytes_tokio,large_utf8_event,baseline,7,2,2145744,1072872,64
bytes_tokio,large_utf8_event,step2,7,14,2459574,175683.85714285713,64
bytes_tokio,large_utf8_event,step1,7,16,2781002,173812.625,64
bytes_tokio,large_utf8_event,step1,8,16,2783212,173950.75,64
bytes_tokio,large_utf8_event,step2,8,14,2431389,173670.64285714287,64
bytes_tokio,large_utf8_event,original,8,2,1753933,876966.5,64
bytes_tokio,large_utf8_event,core,8,2,1746293,873146.5,64
bytes_tokio,large_utf8_event,baseline,8,2,1756972,878486,64
bytes_tokio,large_utf8_event,step1,9,16,2790035,174377.1875,64
bytes_tokio,large_utf8_event,original,9,2,2057233,1028616.5,64
bytes_tokio,large_utf8_event,step2,9,14,2439110,174222.14285714287,64
bytes_tokio,large_utf8_event,core,9,2,1774704,887352,64
bytes_tokio,large_utf8_event,baseline,9,2,1758186,879093,64
bytes_tokio,large_utf8_event,baseline,10,2,1769635,884817.5,64
bytes_tokio,large_utf8_event,step2,10,14,2433836,173845.42857142858,64
bytes_tokio,large_utf8_event,original,10,2,1801484,900742,64
bytes_tokio,large_utf8_event,step1,10,16,2852700,178293.75,64
bytes_tokio,large_utf8_event,core,10,2,1767175,883587.5,64
bytes_tokio,large_utf8_event,step1,11,16,3024239,189014.9375,64
bytes_tokio,large_utf8_event,original,11,2,1755577,877788.5,64
bytes_tokio,large_utf8_event,baseline,11,2,1752428,876214,64
bytes_tokio,large_utf8_event,step2,11,14,2448055,174861.07142857142,64
bytes_tokio,large_utf8_event,core,11,2,1748663,874331.5,64
bytes_tokio,large_utf8_event,baseline,12,2,1759227,879613.5,64
bytes_tokio,large_utf8_event,core,12,2,1746468,873234,64
bytes_tokio,large_utf8_event,step1,12,16,2808665,175541.5625,64
bytes_tokio,large_utf8_event,original,12,2,1757981,878990.5,64
bytes_tokio,large_utf8_event,step2,12,14,2433000,173785.7142857143,64
bytes_tokio,large_utf8_event,baseline,13,2,1753503,876751.5,64
bytes_tokio,large_utf8_event,core,13,2,1744983,872491.5,64
bytes_tokio,large_utf8_event,step2,13,14,2432064,173718.85714285713,64
bytes_tokio,large_utf8_event,original,13,2,1759207,879603.5,64
bytes_tokio,large_utf8_event,step1,13,16,2781602,173850.125,64
bytes_tokio,large_utf8_event,baseline,14,2,1754102,877051,64
bytes_tokio,large_utf8_event,original,14,2,1752046,876023,64
bytes_tokio,large_utf8_event,core,14,2,1747297,873648.5,64
bytes_tokio,large_utf8_event,step2,14,14,2434615,173901.07142857142,64
bytes_tokio,large_utf8_event,step1,14,16,2777650,173603.125,64
bytes_tokio,large_utf8_event,baseline,15,2,1760234,880117,64
bytes_tokio,large_utf8_event,step1,15,16,2782247,173890.4375,64
bytes_tokio,large_utf8_event,original,15,2,1766784,883392,64
bytes_tokio,large_utf8_event,core,15,2,1747418,873709,64
bytes_tokio,large_utf8_event,step2,15,14,2440150,174296.42857142858,64
bytes_tokio,large_utf8_event,original,16,2,1751892,875946,64
bytes_tokio,large_utf8_event,baseline,16,2,1752190,876095,64
bytes_tokio,large_utf8_event,core,16,2,1756851,878425.5,64
bytes_tokio,large_utf8_event,step2,16,14,2496376,178312.57142857142,64
bytes_tokio,large_utf8_event,step1,16,16,2885187,180324.1875,64
bytes_tokio,large_utf8_event,baseline,17,2,1792549,896274.5,64
bytes_tokio,large_utf8_event,original,17,2,1903840,951920,64
bytes_tokio,large_utf8_event,step1,17,16,2847142,177946.375,64
bytes_tokio,large_utf8_event,core,17,2,1746399,873199.5,64
bytes_tokio,large_utf8_event,step2,17,14,2435505,173964.64285714287,64
bytes_tokio,large_utf8_event,baseline,18,2,1754097,877048.5,64
bytes_tokio,large_utf8_event,original,18,2,1779307,889653.5,64
bytes_tokio,large_utf8_event,core,18,2,1755096,877548,64
bytes_tokio,large_utf8_event,step1,18,16,2794979,174686.1875,64
bytes_tokio,large_utf8_event,step2,18,14,2431352,173668,64
bytes_tokio,large_utf8_event,step1,19,16,2798581,174911.3125,64
bytes_tokio,large_utf8_event,baseline,19,2,1806978,903489,64
bytes_tokio,large_utf8_event,original,19,2,1768374,884187,64
bytes_tokio,large_utf8_event,step2,19,14,2435516,173965.42857142858,64
bytes_tokio,large_utf8_event,core,19,2,1747960,873980,64
bytes_tokio,large_utf8_event,core,20,2,1771736,885868,64
bytes_tokio,large_utf8_event,baseline,20,2,1776886,888443,64
bytes_tokio,large_utf8_event,step1,20,16,2781586,173849.125,64
bytes_tokio,large_utf8_event,step2,20,14,2434136,173866.85714285713,64
bytes_tokio,large_utf8_event,original,20,2,1753728,876864,64
bytes_tokio,large_utf8_event,baseline,21,2,1749595,874797.5,64
bytes_tokio,large_utf8_event,original,21,2,1752080,876040,64
bytes_tokio,large_utf8_event,step1,21,16,2810422,175651.375,64
bytes_tokio,large_utf8_event,step2,21,14,2470450,176460.7142857143,64
bytes_tokio,large_utf8_event,core,21,2,1764933,882466.5,64
bytes_tokio,large_utf8_event,step2,22,14,2467489,176249.2142857143,64
bytes_tokio,large_utf8_event,step1,22,16,2779256,173703.5,64
bytes_tokio,large_utf8_event,baseline,22,2,1756141,878070.5,64
bytes_tokio,large_utf8_event,core,22,2,1747003,873501.5,64
bytes_tokio,large_utf8_event,original,22,2,1775465,887732.5,64
bytes_tokio,large_utf8_event,baseline,23,2,1750078,875039,64
bytes_tokio,large_utf8_event,step2,23,14,2467232,176230.85714285713,64
bytes_tokio,large_utf8_event,core,23,2,1762057,881028.5,64
bytes_tokio,large_utf8_event,original,23,2,1750113,875056.5,64
bytes_tokio,large_utf8_event,step1,23,16,2778929,173683.0625,64
bytes_tokio,large_utf8_event,step2,24,14,2433439,173817.07142857142,64
bytes_tokio,large_utf8_event,baseline,24,2,1751425,875712.5,64
bytes_tokio,large_utf8_event,step1,24,16,2779784,173736.5,64
bytes_tokio,large_utf8_event,original,24,2,1763491,881745.5,64
bytes_tokio,large_utf8_event,core,24,2,1745681,872840.5,64
bytes_tokio,large_utf8_event,step1,25,16,2782659,173916.1875,64
bytes_tokio,large_utf8_event,original,25,2,1757685,878842.5,64
bytes_tokio,large_utf8_event,baseline,25,2,1751948,875974,64
bytes_tokio,large_utf8_event,core,25,2,1745635,872817.5,64
bytes_tokio,large_utf8_event,step2,25,14,2437604,174114.57142857142,64
bytes_tokio,large_utf8_event,baseline,26,2,1764536,882268,64
bytes_tokio,large_utf8_event,original,26,2,1782984,891492,64
bytes_tokio,large_utf8_event,step1,26,16,2779187,173699.1875,64
bytes_tokio,large_utf8_event,core,26,2,1760543,880271.5,64
bytes_tokio,large_utf8_event,step2,26,14,2434522,173894.42857142858,64
bytes_tokio,large_utf8_event,original,27,2,1785548,892774,64
bytes_tokio,large_utf8_event,core,27,2,1744871,872435.5,64
bytes_tokio,large_utf8_event,baseline,27,2,1758492,879246,64
bytes_tokio,large_utf8_event,step1,27,16,2783268,173954.25,64
bytes_tokio,large_utf8_event,step2,27,14,2434216,173872.57142857142,64
bytes_tokio,large_utf8_event,step2,28,14,2438706,174193.2857142857,64
bytes_tokio,large_utf8_event,core,28,2,1774573,887286.5,64
bytes_tokio,large_utf8_event,baseline,28,2,1751592,875796,64
bytes_tokio,large_utf8_event,step1,28,16,2780423,173776.4375,64
bytes_tokio,large_utf8_event,original,28,2,1753325,876662.5,64
bytes_tokio,large_utf8_event,original,29,2,1757096,878548,64
bytes_tokio,large_utf8_event,step1,29,16,2780009,173750.5625,64
bytes_tokio,large_utf8_event,core,29,2,1747038,873519,64
bytes_tokio,large_utf8_event,baseline,29,2,1755554,877777,64
bytes_tokio,large_utf8_event,step2,29,14,2436042,174003,64
bytes_tokio,large_utf8_event,step2,30,14,2432856,173775.42857142858,64
bytes_tokio,large_utf8_event,baseline,30,2,1782556,891278,64
bytes_tokio,large_utf8_event,core,30,2,1744881,872440.5,64
bytes_tokio,large_utf8_event,step1,30,16,2827460,176716.25,64
bytes_tokio,large_utf8_event,original,30,2,1754756,877378,64
bytes_tokio,large_json_utf8_tcp,step2,0,12,2809443,234120.25,64
bytes_tokio,large_json_utf8_tcp,step1,0,12,2829014,235751.16666666666,64
bytes_tokio,large_json_utf8_tcp,baseline,0,2,2107516,1053758,64
bytes_tokio,large_json_utf8_tcp,original,0,2,2087309,1043654.5,64
bytes_tokio,large_json_utf8_tcp,core,0,2,2032520,1016260,64
bytes_tokio,large_json_utf8_tcp,step1,1,12,2876488,239707.33333333334,64
bytes_tokio,large_json_utf8_tcp,baseline,1,2,2092898,1046449,64
bytes_tokio,large_json_utf8_tcp,step2,1,12,2838497,236541.41666666666,64
bytes_tokio,large_json_utf8_tcp,core,1,2,2031837,1015918.5,64
bytes_tokio,large_json_utf8_tcp,original,1,2,2087698,1043849,64
bytes_tokio,large_json_utf8_tcp,core,2,2,2030009,1015004.5,64
bytes_tokio,large_json_utf8_tcp,step2,2,12,2826357,235529.75,64
bytes_tokio,large_json_utf8_tcp,baseline,2,2,2089409,1044704.5,64
bytes_tokio,large_json_utf8_tcp,original,2,2,2086320,1043160,64
bytes_tokio,large_json_utf8_tcp,step1,2,12,2819270,234939.16666666666,64
bytes_tokio,large_json_utf8_tcp,original,3,2,2087969,1043984.5,64
bytes_tokio,large_json_utf8_tcp,step1,3,12,2809466,234122.16666666666,64
bytes_tokio,large_json_utf8_tcp,core,3,2,2029793,1014896.5,64
bytes_tokio,large_json_utf8_tcp,step2,3,12,2823205,235267.08333333334,64
bytes_tokio,large_json_utf8_tcp,baseline,3,2,2090493,1045246.5,64
bytes_tokio,large_json_utf8_tcp,baseline,4,2,2092041,1046020.5,64
bytes_tokio,large_json_utf8_tcp,step2,4,12,2820871,235072.58333333334,64
bytes_tokio,large_json_utf8_tcp,original,4,2,2087373,1043686.5,64
bytes_tokio,large_json_utf8_tcp,core,4,2,2031275,1015637.5,64
bytes_tokio,large_json_utf8_tcp,step1,4,12,2821640,235136.66666666666,64
bytes_tokio,large_json_utf8_tcp,original,5,2,2092729,1046364.5,64
bytes_tokio,large_json_utf8_tcp,step2,5,12,2890406,240867.16666666666,64
bytes_tokio,large_json_utf8_tcp,baseline,5,2,2089666,1044833,64
bytes_tokio,large_json_utf8_tcp,core,5,2,2035517,1017758.5,64
bytes_tokio,large_json_utf8_tcp,step1,5,12,2892187,241015.58333333334,64
bytes_tokio,large_json_utf8_tcp,baseline,6,2,2093924,1046962,64
bytes_tokio,large_json_utf8_tcp,original,6,2,2085570,1042785,64
bytes_tokio,large_json_utf8_tcp,step1,6,12,2871705,239308.75,64
bytes_tokio,large_json_utf8_tcp,step2,6,12,2904544,242045.33333333334,64
bytes_tokio,large_json_utf8_tcp,core,6,2,2031600,1015800,64
bytes_tokio,large_json_utf8_tcp,core,7,2,2071618,1035809,64
bytes_tokio,large_json_utf8_tcp,original,7,2,2101194,1050597,64
bytes_tokio,large_json_utf8_tcp,baseline,7,2,2116237,1058118.5,64
bytes_tokio,large_json_utf8_tcp,step2,7,12,2856795,238066.25,64
bytes_tokio,large_json_utf8_tcp,step1,7,12,2860124,238343.66666666666,64
bytes_tokio,large_json_utf8_tcp,step1,8,12,2794216,232851.33333333334,64
bytes_tokio,large_json_utf8_tcp,step2,8,12,2822292,235191,64
bytes_tokio,large_json_utf8_tcp,original,8,2,2091124,1045562,64
bytes_tokio,large_json_utf8_tcp,core,8,2,2030662,1015331,64
bytes_tokio,large_json_utf8_tcp,baseline,8,2,2105072,1052536,64
bytes_tokio,large_json_utf8_tcp,step1,9,12,2812506,234375.5,64
bytes_tokio,large_json_utf8_tcp,original,9,2,2113407,1056703.5,64
bytes_tokio,large_json_utf8_tcp,step2,9,12,2880642,240053.5,64
bytes_tokio,large_json_utf8_tcp,core,9,2,2034369,1017184.5,64
bytes_tokio,large_json_utf8_tcp,baseline,9,2,2107209,1053604.5,64
bytes_tokio,large_json_utf8_tcp,baseline,10,2,2101246,1050623,64
bytes_tokio,large_json_utf8_tcp,step2,10,12,2852354,237696.16666666666,64
bytes_tokio,large_json_utf8_tcp,original,10,2,2094689,1047344.5,64
bytes_tokio,large_json_utf8_tcp,step1,10,12,2842144,236845.33333333334,64
bytes_tokio,large_json_utf8_tcp,core,10,2,2042085,1021042.5,64
bytes_tokio,large_json_utf8_tcp,step1,11,12,2825611,235467.58333333334,64
bytes_tokio,large_json_utf8_tcp,original,11,2,2088787,1044393.5,64
bytes_tokio,large_json_utf8_tcp,baseline,11,2,2088360,1044180,64
bytes_tokio,large_json_utf8_tcp,step2,11,12,2800677,233389.75,64
bytes_tokio,large_json_utf8_tcp,core,11,2,2024743,1012371.5,64
bytes_tokio,large_json_utf8_tcp,baseline,12,2,2121477,1060738.5,64
bytes_tokio,large_json_utf8_tcp,core,12,2,2043978,1021989,64
bytes_tokio,large_json_utf8_tcp,step1,12,12,2872623,239385.25,64
bytes_tokio,large_json_utf8_tcp,original,12,2,2094862,1047431,64
bytes_tokio,large_json_utf8_tcp,step2,12,12,2828506,235708.83333333334,64
bytes_tokio,large_json_utf8_tcp,baseline,13,2,2090492,1045246,64
bytes_tokio,large_json_utf8_tcp,core,13,2,2059702,1029851,64
bytes_tokio,large_json_utf8_tcp,step2,13,12,2812203,234350.25,64
bytes_tokio,large_json_utf8_tcp,original,13,2,2094663,1047331.5,64
bytes_tokio,large_json_utf8_tcp,step1,13,12,2831447,235953.91666666666,64
bytes_tokio,large_json_utf8_tcp,baseline,14,2,2105695,1052847.5,64
bytes_tokio,large_json_utf8_tcp,original,14,2,2103891,1051945.5,64
bytes_tokio,large_json_utf8_tcp,core,14,2,2031180,1015590,64
bytes_tokio,large_json_utf8_tcp,step2,14,12,2866285,238857.08333333334,64
bytes_tokio,large_json_utf8_tcp,step1,14,12,2806715,233892.91666666666,64
bytes_tokio,large_json_utf8_tcp,baseline,15,2,2124077,1062038.5,64
bytes_tokio,large_json_utf8_tcp,step1,15,12,2911902,242658.5,64
bytes_tokio,large_json_utf8_tcp,original,15,2,2107337,1053668.5,64
bytes_tokio,large_json_utf8_tcp,core,15,2,2070701,1035350.5,64
bytes_tokio,large_json_utf8_tcp,step2,15,12,2818575,234881.25,64
bytes_tokio,large_json_utf8_tcp,original,16,2,2126234,1063117,64
bytes_tokio,large_json_utf8_tcp,baseline,16,2,2102744,1051372,64
bytes_tokio,large_json_utf8_tcp,core,16,2,2031672,1015836,64
bytes_tokio,large_json_utf8_tcp,step2,16,12,2811648,234304,64
bytes_tokio,large_json_utf8_tcp,step1,16,12,2851474,237622.83333333334,64
bytes_tokio,large_json_utf8_tcp,baseline,17,2,2093767,1046883.5,64
bytes_tokio,large_json_utf8_tcp,original,17,2,2086034,1043017,64
bytes_tokio,large_json_utf8_tcp,step1,17,12,2834914,236242.83333333334,64
bytes_tokio,large_json_utf8_tcp,core,17,2,2048109,1024054.5,64
bytes_tokio,large_json_utf8_tcp,step2,17,12,2866050,238837.5,64
bytes_tokio,large_json_utf8_tcp,baseline,18,2,2123590,1061795,64
bytes_tokio,large_json_utf8_tcp,original,18,2,2107431,1053715.5,64
bytes_tokio,large_json_utf8_tcp,core,18,2,2040593,1020296.5,64
bytes_tokio,large_json_utf8_tcp,step1,18,12,2842530,236877.5,64
bytes_tokio,large_json_utf8_tcp,step2,18,12,2851668,237639,64
bytes_tokio,large_json_utf8_tcp,step1,19,12,2864267,238688.91666666666,64
bytes_tokio,large_json_utf8_tcp,baseline,19,2,2099779,1049889.5,64
bytes_tokio,large_json_utf8_tcp,original,19,2,2103152,1051576,64
bytes_tokio,large_json_utf8_tcp,step2,19,12,2856249,238020.75,64
bytes_tokio,large_json_utf8_tcp,core,19,2,2040539,1020269.5,64
bytes_tokio,large_json_utf8_tcp,core,20,2,2067632,1033816,64
bytes_tokio,large_json_utf8_tcp,baseline,20,2,2146035,1073017.5,64
bytes_tokio,large_json_utf8_tcp,step1,20,12,2814163,234513.58333333334,64
bytes_tokio,large_json_utf8_tcp,step2,20,12,2826814,235567.83333333334,64
bytes_tokio,large_json_utf8_tcp,original,20,2,2117808,1058904,64
bytes_tokio,large_json_utf8_tcp,baseline,21,2,2097336,1048668,64
bytes_tokio,large_json_utf8_tcp,original,21,2,2084759,1042379.5,64
bytes_tokio,large_json_utf8_tcp,step1,21,12,2852556,237713,64
bytes_tokio,large_json_utf8_tcp,step2,21,12,2820139,235011.58333333334,64
bytes_tokio,large_json_utf8_tcp,core,21,2,2100263,1050131.5,64
bytes_tokio,large_json_utf8_tcp,step2,22,12,2888478,240706.5,64
bytes_tokio,large_json_utf8_tcp,step1,22,12,2837909,236492.41666666666,64
bytes_tokio,large_json_utf8_tcp,baseline,22,2,2086616,1043308,64
bytes_tokio,large_json_utf8_tcp,core,22,2,2030517,1015258.5,64
bytes_tokio,large_json_utf8_tcp,original,22,2,2117286,1058643,64
bytes_tokio,large_json_utf8_tcp,baseline,23,2,2147568,1073784,64
bytes_tokio,large_json_utf8_tcp,step2,23,12,2819852,234987.66666666666,64
bytes_tokio,large_json_utf8_tcp,core,23,2,2138769,1069384.5,64
bytes_tokio,large_json_utf8_tcp,original,23,2,2183908,1091954,64
bytes_tokio,large_json_utf8_tcp,step1,23,12,2823953,235329.41666666666,64
bytes_tokio,large_json_utf8_tcp,step2,24,12,3235798,269649.8333333333,64
bytes_tokio,large_json_utf8_tcp,baseline,24,2,2458058,1229029,64
bytes_tokio,large_json_utf8_tcp,step1,24,12,2936709,244725.75,64
bytes_tokio,large_json_utf8_tcp,original,24,2,2090012,1045006,64
bytes_tokio,large_json_utf8_tcp,core,24,2,2172988,1086494,64
bytes_tokio,large_json_utf8_tcp,step1,25,12,2863825,238652.08333333334,64
bytes_tokio,large_json_utf8_tcp,original,25,2,2103535,1051767.5,64
bytes_tokio,large_json_utf8_tcp,baseline,25,2,2104339,1052169.5,64
bytes_tokio,large_json_utf8_tcp,core,25,2,2035121,1017560.5,64
bytes_tokio,large_json_utf8_tcp,step2,25,12,2911101,242591.75,64
bytes_tokio,large_json_utf8_tcp,baseline,26,2,2127554,1063777,64
bytes_tokio,large_json_utf8_tcp,original,26,2,2122304,1061152,64
bytes_tokio,large_json_utf8_tcp,step1,26,12,2927950,243995.83333333334,64
bytes_tokio,large_json_utf8_tcp,core,26,2,2035814,1017907,64
bytes_tokio,large_json_utf8_tcp,step2,26,12,2803732,233644.33333333334,64
bytes_tokio,large_json_utf8_tcp,original,27,2,2092536,1046268,64
bytes_tokio,large_json_utf8_tcp,core,27,2,2063603,1031801.5,64
bytes_tokio,large_json_utf8_tcp,baseline,27,2,2108749,1054374.5,64
bytes_tokio,large_json_utf8_tcp,step1,27,12,2808983,234081.91666666666,64
bytes_tokio,large_json_utf8_tcp,step2,27,12,2814158,234513.16666666666,64
bytes_tokio,large_json_utf8_tcp,step2,28,12,2833279,236106.58333333334,64
bytes_tokio,large_json_utf8_tcp,core,28,2,2029280,1014640,64
bytes_tokio,large_json_utf8_tcp,baseline,28,2,2091157,1045578.5,64
bytes_tokio,large_json_utf8_tcp,step1,28,12,2863876,238656.33333333334,64
bytes_tokio,large_json_utf8_tcp,original,28,2,2096126,1048063,64
bytes_tokio,large_json_utf8_tcp,original,29,2,2104663,1052331.5,64
bytes_tokio,large_json_utf8_tcp,step1,29,12,2830481,235873.41666666666,64
bytes_tokio,large_json_utf8_tcp,core,29,2,2026638,1013319,64
bytes_tokio,large_json_utf8_tcp,baseline,29,2,2095597,1047798.5,64
bytes_tokio,large_json_utf8_tcp,step2,29,12,2830378,235864.83333333334,64
bytes_tokio,large_json_utf8_tcp,step2,30,12,2821408,235117.33333333334,64
bytes_tokio,large_json_utf8_tcp,baseline,30,2,2129193,1064596.5,64
bytes_tokio,large_json_utf8_tcp,core,30,2,2047422,1023711,64
bytes_tokio,large_json_utf8_tcp,step1,30,12,2871978,239331.5,64
bytes_tokio,large_json_utf8_tcp,original,30,2,2083872,1041936,64
bytes_tokio,large_json_escaped_tcp,step2,0,21,2901840,138182.85714285713,64
bytes_tokio,large_json_escaped_tcp,step1,0,20,2740370,137018.5,64
bytes_tokio,large_json_escaped_tcp,baseline,0,19,2992112,157479.57894736843,64
bytes_tokio,large_json_escaped_tcp,original,0,16,2523004,157687.75,64
bytes_tokio,large_json_escaped_tcp,core,0,22,2812417,127837.13636363637,64
bytes_tokio,large_json_escaped_tcp,step1,1,20,2824753,141237.65,64
bytes_tokio,large_json_escaped_tcp,baseline,1,19,2971558,156397.7894736842,64
bytes_tokio,large_json_escaped_tcp,step2,1,21,2882710,137271.90476190476,64
bytes_tokio,large_json_escaped_tcp,core,1,22,2839414,129064.27272727272,64
bytes_tokio,large_json_escaped_tcp,original,1,16,2479290,154955.625,64
bytes_tokio,large_json_escaped_tcp,core,2,22,2778345,126288.40909090909,64
bytes_tokio,large_json_escaped_tcp,step2,2,21,2935018,139762.7619047619,64
bytes_tokio,large_json_escaped_tcp,baseline,2,19,2999710,157879.47368421053,64
bytes_tokio,large_json_escaped_tcp,original,2,16,2508927,156807.9375,64
bytes_tokio,large_json_escaped_tcp,step1,2,20,3074450,153722.5,64
bytes_tokio,large_json_escaped_tcp,original,3,16,2488648,155540.5,64
bytes_tokio,large_json_escaped_tcp,step1,3,20,2786900,139345,64
bytes_tokio,large_json_escaped_tcp,core,3,22,2781955,126452.5,64
bytes_tokio,large_json_escaped_tcp,step2,3,21,2841764,135322.09523809524,64
bytes_tokio,large_json_escaped_tcp,baseline,3,19,3020872,158993.26315789475,64
bytes_tokio,large_json_escaped_tcp,baseline,4,19,3131263,164803.31578947368,64
bytes_tokio,large_json_escaped_tcp,step2,4,21,2951317,140538.90476190476,64
bytes_tokio,large_json_escaped_tcp,original,4,16,2494665,155916.5625,64
bytes_tokio,large_json_escaped_tcp,core,4,22,2792291,126922.31818181818,64
bytes_tokio,large_json_escaped_tcp,step1,4,20,2719602,135980.1,64
bytes_tokio,large_json_escaped_tcp,original,5,16,2459345,153709.0625,64
bytes_tokio,large_json_escaped_tcp,step2,5,21,2841567,135312.7142857143,64
bytes_tokio,large_json_escaped_tcp,baseline,5,19,2970382,156335.8947368421,64
bytes_tokio,large_json_escaped_tcp,core,5,22,2789819,126809.95454545454,64
bytes_tokio,large_json_escaped_tcp,step1,5,20,2688775,134438.75,64
bytes_tokio,large_json_escaped_tcp,baseline,6,19,2954919,155522.05263157896,64
bytes_tokio,large_json_escaped_tcp,original,6,16,2466075,154129.6875,64
bytes_tokio,large_json_escaped_tcp,step1,6,20,2723928,136196.4,64
bytes_tokio,large_json_escaped_tcp,step2,6,21,2873206,136819.33333333334,64
bytes_tokio,large_json_escaped_tcp,core,6,22,2835629,128892.22727272728,64
bytes_tokio,large_json_escaped_tcp,core,7,22,2765480,125703.63636363637,64
bytes_tokio,large_json_escaped_tcp,original,7,16,2491279,155704.9375,64
bytes_tokio,large_json_escaped_tcp,baseline,7,19,2958213,155695.42105263157,64
bytes_tokio,large_json_escaped_tcp,step2,7,21,2916878,138898.95238095237,64
bytes_tokio,large_json_escaped_tcp,step1,7,20,2706170,135308.5,64
bytes_tokio,large_json_escaped_tcp,step1,8,20,2691149,134557.45,64
bytes_tokio,large_json_escaped_tcp,step2,8,21,2825662,134555.33333333334,64
bytes_tokio,large_json_escaped_tcp,original,8,16,2465184,154074,64
bytes_tokio,large_json_escaped_tcp,core,8,22,2749301,124968.22727272728,64
bytes_tokio,large_json_escaped_tcp,baseline,8,19,2971812,156411.15789473685,64
bytes_tokio,large_json_escaped_tcp,step1,9,20,2691638,134581.9,64
bytes_tokio,large_json_escaped_tcp,original,9,16,2466986,154186.625,64
bytes_tokio,large_json_escaped_tcp,step2,9,21,2821234,134344.47619047618,64
bytes_tokio,large_json_escaped_tcp,core,9,22,2746039,124819.95454545454,64
bytes_tokio,large_json_escaped_tcp,baseline,9,19,2954786,155515.05263157896,64
bytes_tokio,large_json_escaped_tcp,baseline,10,19,2954722,155511.68421052632,64
bytes_tokio,large_json_escaped_tcp,step2,10,21,2862514,136310.19047619047,64
bytes_tokio,large_json_escaped_tcp,original,10,16,2506530,156658.125,64
bytes_tokio,large_json_escaped_tcp,step1,10,20,2716278,135813.9,64
bytes_tokio,large_json_escaped_tcp,core,10,22,2802115,127368.86363636363,64
bytes_tokio,large_json_escaped_tcp,step1,11,20,2700044,135002.2,64
bytes_tokio,large_json_escaped_tcp,original,11,16,2490945,155684.0625,64
bytes_tokio,large_json_escaped_tcp,baseline,11,19,2980121,156848.47368421053,64
bytes_tokio,large_json_escaped_tcp,step2,11,21,2878249,137059.47619047618,64
bytes_tokio,large_json_escaped_tcp,core,11,22,2815949,127997.68181818182,64
bytes_tokio,large_json_escaped_tcp,baseline,12,19,3060065,161056.05263157896,64
bytes_tokio,large_json_escaped_tcp,core,12,22,2780403,126381.95454545454,64
bytes_tokio,large_json_escaped_tcp,step1,12,20,2707723,135386.15,64
bytes_tokio,large_json_escaped_tcp,original,12,16,2495615,155975.9375,64
bytes_tokio,large_json_escaped_tcp,step2,12,21,2867137,136530.33333333334,64
bytes_tokio,large_json_escaped_tcp,baseline,13,19,2956394,155599.68421052632,64
bytes_tokio,large_json_escaped_tcp,core,13,22,2756740,125306.36363636363,64
bytes_tokio,large_json_escaped_tcp,step2,13,21,2854785,135942.14285714287,64
bytes_tokio,large_json_escaped_tcp,original,13,16,2456572,153535.75,64
bytes_tokio,large_json_escaped_tcp,step1,13,20,2689391,134469.55,64
bytes_tokio,large_json_escaped_tcp,baseline,14,19,2954321,155490.57894736843,64
bytes_tokio,large_json_escaped_tcp,original,14,16,2448649,153040.5625,64
bytes_tokio,large_json_escaped_tcp,core,14,22,2787752,126716,64
bytes_tokio,large_json_escaped_tcp,step2,14,21,2830272,134774.85714285713,64
bytes_tokio,large_json_escaped_tcp,step1,14,20,2694408,134720.4,64
bytes_tokio,large_json_escaped_tcp,baseline,15,19,2971147,156376.15789473685,64
bytes_tokio,large_json_escaped_tcp,step1,15,20,2693065,134653.25,64
bytes_tokio,large_json_escaped_tcp,original,15,16,2449680,153105,64
bytes_tokio,large_json_escaped_tcp,core,15,22,2745451,124793.22727272728,64
bytes_tokio,large_json_escaped_tcp,step2,15,21,2947805,140371.66666666666,64
bytes_tokio,large_json_escaped_tcp,original,16,16,2589536,161846,64
bytes_tokio,large_json_escaped_tcp,baseline,16,19,3262768,171724.63157894736,64
bytes_tokio,large_json_escaped_tcp,core,16,22,3389116,154050.72727272726,64
bytes_tokio,large_json_escaped_tcp,step2,16,21,3220389,153351.85714285713,64
bytes_tokio,large_json_escaped_tcp,step1,16,20,3086979,154348.95,64
bytes_tokio,large_json_escaped_tcp,baseline,17,19,3427398,180389.36842105264,64
bytes_tokio,large_json_escaped_tcp,original,17,16,3234609,202163.0625,64
bytes_tokio,large_json_escaped_tcp,step1,17,20,3111385,155569.25,64
bytes_tokio,large_json_escaped_tcp,core,17,22,3369015,153137.04545454544,64
bytes_tokio,large_json_escaped_tcp,step2,17,21,3382190,161056.66666666666,64
bytes_tokio,large_json_escaped_tcp,baseline,18,19,3469401,182600.05263157896,64
bytes_tokio,large_json_escaped_tcp,original,18,16,2908813,181800.8125,64
bytes_tokio,large_json_escaped_tcp,core,18,22,3739556,169979.81818181818,64
bytes_tokio,large_json_escaped_tcp,step1,18,20,3073693,153684.65,64
bytes_tokio,large_json_escaped_tcp,step2,18,21,3420053,162859.66666666666,64
bytes_tokio,large_json_escaped_tcp,step1,19,20,3134116,156705.8,64
bytes_tokio,large_json_escaped_tcp,baseline,19,19,3511516,184816.63157894736,64
bytes_tokio,large_json_escaped_tcp,original,19,16,3044024,190251.5,64
bytes_tokio,large_json_escaped_tcp,step2,19,21,3257507,155119.38095238095,64
bytes_tokio,large_json_escaped_tcp,core,19,22,3620414,164564.27272727274,64
bytes_tokio,large_json_escaped_tcp,core,20,22,3661271,166421.4090909091,64
bytes_tokio,large_json_escaped_tcp,baseline,20,19,3390081,178425.31578947368,64
bytes_tokio,large_json_escaped_tcp,step1,20,20,3269378,163468.9,64
bytes_tokio,large_json_escaped_tcp,step2,20,21,3414622,162601.04761904763,64
bytes_tokio,large_json_escaped_tcp,original,20,16,2976789,186049.3125,64
bytes_tokio,large_json_escaped_tcp,baseline,21,19,3677156,193534.52631578947,64
bytes_tokio,large_json_escaped_tcp,original,21,16,3011967,188247.9375,64
bytes_tokio,large_json_escaped_tcp,step1,21,20,3237323,161866.15,64
bytes_tokio,large_json_escaped_tcp,step2,21,21,3213365,153017.38095238095,64
bytes_tokio,large_json_escaped_tcp,core,21,22,3449944,156815.63636363635,64
bytes_tokio,large_json_escaped_tcp,step2,22,21,3177441,151306.7142857143,64
bytes_tokio,large_json_escaped_tcp,step1,22,20,3272508,163625.4,64
bytes_tokio,large_json_escaped_tcp,baseline,22,19,3194985,168157.1052631579,64
bytes_tokio,large_json_escaped_tcp,core,22,22,2827810,128536.81818181818,64
bytes_tokio,large_json_escaped_tcp,original,22,16,2492991,155811.9375,64
bytes_tokio,large_json_escaped_tcp,baseline,23,19,2989396,157336.63157894736,64
bytes_tokio,large_json_escaped_tcp,step2,23,21,2886193,137437.7619047619,64
bytes_tokio,large_json_escaped_tcp,core,23,22,2939294,133604.27272727274,64
bytes_tokio,large_json_escaped_tcp,original,23,16,2496067,156004.1875,64
bytes_tokio,large_json_escaped_tcp,step1,23,20,2751417,137570.85,64
bytes_tokio,large_json_escaped_tcp,step2,24,21,2938577,139932.2380952381,64
bytes_tokio,large_json_escaped_tcp,baseline,24,19,3129819,164727.31578947368,64
bytes_tokio,large_json_escaped_tcp,step1,24,20,2755145,137757.25,64
bytes_tokio,large_json_escaped_tcp,original,24,16,2492684,155792.75,64
bytes_tokio,large_json_escaped_tcp,core,24,22,2853729,129714.95454545454,64
bytes_tokio,large_json_escaped_tcp,step1,25,20,2739404,136970.2,64
bytes_tokio,large_json_escaped_tcp,original,25,16,2510720,156920,64
bytes_tokio,large_json_escaped_tcp,baseline,25,19,2996462,157708.52631578947,64
bytes_tokio,large_json_escaped_tcp,core,25,22,3035590,137981.36363636365,64
bytes_tokio,large_json_escaped_tcp,step2,25,21,2894199,137819,64
bytes_tokio,large_json_escaped_tcp,baseline,26,19,2998936,157838.73684210525,64
bytes_tokio,large_json_escaped_tcp,original,26,16,2537243,158577.6875,64
bytes_tokio,large_json_escaped_tcp,step1,26,20,2774606,138730.3,64
bytes_tokio,large_json_escaped_tcp,core,26,22,2840099,129095.40909090909,64
bytes_tokio,large_json_escaped_tcp,step2,26,21,2938067,139907.95238095237,64
bytes_tokio,large_json_escaped_tcp,original,27,16,2506194,156637.125,64
bytes_tokio,large_json_escaped_tcp,core,27,22,2831777,128717.13636363637,64
bytes_tokio,large_json_escaped_tcp,baseline,27,19,3044170,160219.47368421053,64
bytes_tokio,large_json_escaped_tcp,step1,27,20,2731266,136563.3,64
bytes_tokio,large_json_escaped_tcp,step2,27,21,2870029,136668.04761904763,64
bytes_tokio,large_json_escaped_tcp,step2,28,21,2834424,134972.57142857142,64
bytes_tokio,large_json_escaped_tcp,core,28,22,2748671,124939.59090909091,64
bytes_tokio,large_json_escaped_tcp,baseline,28,19,2950571,155293.2105263158,64
bytes_tokio,large_json_escaped_tcp,step1,28,20,2701278,135063.9,64
bytes_tokio,large_json_escaped_tcp,original,28,16,2482276,155142.25,64
bytes_tokio,large_json_escaped_tcp,original,29,16,2528038,158002.375,64
bytes_tokio,large_json_escaped_tcp,step1,29,20,2731142,136557.1,64
bytes_tokio,large_json_escaped_tcp,core,29,22,2813154,127870.63636363637,64
bytes_tokio,large_json_escaped_tcp,baseline,29,19,3071717,161669.31578947368,64
bytes_tokio,large_json_escaped_tcp,step2,29,21,2908047,138478.42857142858,64
bytes_tokio,large_json_escaped_tcp,step2,30,21,2896443,137925.85714285713,64
bytes_tokio,large_json_escaped_tcp,baseline,30,19,3091705,162721.31578947368,64
bytes_tokio,large_json_escaped_tcp,core,30,22,3342589,151935.86363636365,64
bytes_tokio,large_json_escaped_tcp,step1,30,20,2979806,148990.3,64
bytes_tokio,large_json_escaped_tcp,original,30,16,2672996,167062.25,64
bytes_tokio,large_json_base64_tcp,step2,0,20,2831366,141568.3,64
bytes_tokio,large_json_base64_tcp,step1,0,21,2964761,141179.09523809524,64
bytes_tokio,large_json_base64_tcp,baseline,0,18,2874768,159709.33333333334,64
bytes_tokio,large_json_base64_tcp,original,0,12,1881848,156820.66666666666,64
bytes_tokio,large_json_base64_tcp,core,0,22,2846583,129390.13636363637,64
bytes_tokio,large_json_base64_tcp,step1,1,21,2969658,141412.2857142857,64
bytes_tokio,large_json_base64_tcp,baseline,1,18,2895272,160848.44444444444,64
bytes_tokio,large_json_base64_tcp,step2,1,20,2898780,144939,64
bytes_tokio,large_json_base64_tcp,core,1,22,2772442,126020.09090909091,64
bytes_tokio,large_json_base64_tcp,original,1,12,1913693,159474.41666666666,64
bytes_tokio,large_json_base64_tcp,core,2,22,2876435,130747.04545454546,64
bytes_tokio,large_json_base64_tcp,step2,2,20,2923571,146178.55,64
bytes_tokio,large_json_base64_tcp,baseline,2,18,2877562,159864.55555555556,64
bytes_tokio,large_json_base64_tcp,original,2,12,1873213,156101.08333333334,64
bytes_tokio,large_json_base64_tcp,step1,2,21,2927204,139390.66666666666,64
bytes_tokio,large_json_base64_tcp,original,3,12,1852017,154334.75,64
bytes_tokio,large_json_base64_tcp,step1,3,21,2947386,140351.7142857143,64
bytes_tokio,large_json_base64_tcp,core,3,22,2785969,126634.95454545454,64
bytes_tokio,large_json_base64_tcp,step2,3,20,2795512,139775.6,64
bytes_tokio,large_json_base64_tcp,baseline,3,18,2845270,158070.55555555556,64
bytes_tokio,large_json_base64_tcp,baseline,4,18,2865352,159186.22222222222,64
bytes_tokio,large_json_base64_tcp,step2,4,20,2830281,141514.05,64
bytes_tokio,large_json_base64_tcp,original,4,12,1858516,154876.33333333334,64
bytes_tokio,large_json_base64_tcp,core,4,22,2806032,127546.90909090909,64
bytes_tokio,large_json_base64_tcp,step1,4,21,2993919,142567.57142857142,64
bytes_tokio,large_json_base64_tcp,original,5,12,1847802,153983.5,64
bytes_tokio,large_json_base64_tcp,step2,5,20,2763837,138191.85,64
bytes_tokio,large_json_base64_tcp,baseline,5,18,2799980,155554.44444444444,64
bytes_tokio,large_json_base64_tcp,core,5,22,2765817,125718.95454545454,64
bytes_tokio,large_json_base64_tcp,step1,5,21,2938312,139919.61904761905,64
bytes_tokio,large_json_base64_tcp,baseline,6,18,2849371,158298.38888888888,64
bytes_tokio,large_json_base64_tcp,original,6,12,1899595,158299.58333333334,64
bytes_tokio,large_json_base64_tcp,step1,6,21,2900157,138102.7142857143,64
bytes_tokio,large_json_base64_tcp,step2,6,20,2875380,143769,64
bytes_tokio,large_json_base64_tcp,core,6,22,2816529,128024.04545454546,64
bytes_tokio,large_json_base64_tcp,core,7,22,2769197,125872.59090909091,64
bytes_tokio,large_json_base64_tcp,original,7,12,1895199,157933.25,64
bytes_tokio,large_json_base64_tcp,baseline,7,18,2817286,156515.88888888888,64
bytes_tokio,large_json_base64_tcp,step2,7,20,2769621,138481.05,64
bytes_tokio,large_json_base64_tcp,step1,7,21,2900200,138104.7619047619,64
bytes_tokio,large_json_base64_tcp,step1,8,21,2903192,138247.2380952381,64
bytes_tokio,large_json_base64_tcp,step2,8,20,2769479,138473.95,64
bytes_tokio,large_json_base64_tcp,original,8,12,1871167,155930.58333333334,64
bytes_tokio,large_json_base64_tcp,core,8,22,2827507,128523.04545454546,64
bytes_tokio,large_json_base64_tcp,baseline,8,18,2941856,163436.44444444444,64
bytes_tokio,large_json_base64_tcp,step1,9,21,3011511,143405.2857142857,64
bytes_tokio,large_json_base64_tcp,original,9,12,1876800,156400,64
bytes_tokio,large_json_base64_tcp,step2,9,20,2865944,143297.2,64
bytes_tokio,large_json_base64_tcp,core,9,22,2806441,127565.5,64
bytes_tokio,large_json_base64_tcp,baseline,9,18,2911971,161776.16666666666,64
bytes_tokio,large_json_base64_tcp,baseline,10,18,2807830,155990.55555555556,64
bytes_tokio,large_json_base64_tcp,step2,10,20,2779771,138988.55,64
bytes_tokio,large_json_base64_tcp,original,10,12,1874252,156187.66666666666,64
bytes_tokio,large_json_base64_tcp,step1,10,21,2902740,138225.7142857143,64
bytes_tokio,large_json_base64_tcp,core,10,22,2756559,125298.13636363637,64
bytes_tokio,large_json_base64_tcp,step1,11,21,2988644,142316.38095238095,64
bytes_tokio,large_json_base64_tcp,original,11,12,1852134,154344.5,64
bytes_tokio,large_json_base64_tcp,baseline,11,18,2820594,156699.66666666666,64
bytes_tokio,large_json_base64_tcp,step2,11,20,2794572,139728.6,64
bytes_tokio,large_json_base64_tcp,core,11,22,2903286,131967.54545454544,64
bytes_tokio,large_json_base64_tcp,baseline,12,18,2831943,157330.16666666666,64
bytes_tokio,large_json_base64_tcp,core,12,22,2812616,127846.18181818182,64
bytes_tokio,large_json_base64_tcp,step1,12,21,2937612,139886.2857142857,64
bytes_tokio,large_json_base64_tcp,original,12,12,1858162,154846.83333333334,64
bytes_tokio,large_json_base64_tcp,step2,12,20,2768970,138448.5,64
bytes_tokio,large_json_base64_tcp,baseline,13,18,2818854,156603,64
bytes_tokio,large_json_base64_tcp,core,13,22,2821578,128253.54545454546,64
bytes_tokio,large_json_base64_tcp,step2,13,20,2848378,142418.9,64
bytes_tokio,large_json_base64_tcp,original,13,12,1852079,154339.91666666666,64
bytes_tokio,large_json_base64_tcp,step1,13,21,2912172,138674.85714285713,64
bytes_tokio,large_json_base64_tcp,baseline,14,18,2921149,162286.05555555556,64
bytes_tokio,large_json_base64_tcp,original,14,12,1884464,157038.66666666666,64
bytes_tokio,large_json_base64_tcp,core,14,22,2826039,128456.31818181818,64
bytes_tokio,large_json_base64_tcp,step2,14,20,2809849,140492.45,64
bytes_tokio,large_json_base64_tcp,step1,14,21,2954870,140708.09523809524,64
bytes_tokio,large_json_base64_tcp,baseline,15,18,2828864,157159.11111111112,64
bytes_tokio,large_json_base64_tcp,step1,15,21,2960630,140982.38095238095,64
bytes_tokio,large_json_base64_tcp,original,15,12,1875185,156265.41666666666,64
bytes_tokio,large_json_base64_tcp,core,15,22,2860988,130044.90909090909,64
bytes_tokio,large_json_base64_tcp,step2,15,20,2876859,143842.95,64
bytes_tokio,large_json_base64_tcp,original,16,12,1890537,157544.75,64
bytes_tokio,large_json_base64_tcp,baseline,16,18,2891927,160662.61111111112,64
bytes_tokio,large_json_base64_tcp,core,16,22,2881553,130979.68181818182,64
bytes_tokio,large_json_base64_tcp,step2,16,20,2779737,138986.85,64
bytes_tokio,large_json_base64_tcp,step1,16,21,2966769,141274.7142857143,64
bytes_tokio,large_json_base64_tcp,baseline,17,18,2813081,156282.27777777778,64
bytes_tokio,large_json_base64_tcp,original,17,12,1856551,154712.58333333334,64
bytes_tokio,large_json_base64_tcp,step1,17,21,2901174,138151.14285714287,64
bytes_tokio,large_json_base64_tcp,core,17,22,2749979,124999.04545454546,64
bytes_tokio,large_json_base64_tcp,step2,17,20,2767893,138394.65,64
bytes_tokio,large_json_base64_tcp,baseline,18,18,2804352,155797.33333333334,64
bytes_tokio,large_json_base64_tcp,original,18,12,1839542,153295.16666666666,64
bytes_tokio,large_json_base64_tcp,core,18,22,2755676,125258,64
bytes_tokio,large_json_base64_tcp,step1,18,21,2908149,138483.2857142857,64
bytes_tokio,large_json_base64_tcp,step2,18,20,2766362,138318.1,64
bytes_tokio,large_json_base64_tcp,step1,19,21,2899988,138094.66666666666,64
bytes_tokio,large_json_base64_tcp,baseline,19,18,2805934,155885.22222222222,64
bytes_tokio,large_json_base64_tcp,original,19,12,1848327,154027.25,64
bytes_tokio,large_json_base64_tcp,step2,19,20,2761527,138076.35,64
bytes_tokio,large_json_base64_tcp,core,19,22,2763989,125635.86363636363,64
bytes_tokio,large_json_base64_tcp,core,20,22,2748295,124922.5,64
bytes_tokio,large_json_base64_tcp,baseline,20,18,2803479,155748.83333333334,64
bytes_tokio,large_json_base64_tcp,step1,20,21,2896347,137921.2857142857,64
bytes_tokio,large_json_base64_tcp,step2,20,20,2784220,139211,64
bytes_tokio,large_json_base64_tcp,original,20,12,1865942,155495.16666666666,64
bytes_tokio,large_json_base64_tcp,baseline,21,18,2868282,159349,64
bytes_tokio,large_json_base64_tcp,original,21,12,1919208,159934,64
bytes_tokio,large_json_base64_tcp,step1,21,21,2917896,138947.42857142858,64
bytes_tokio,large_json_base64_tcp,step2,21,20,2887393,144369.65,64
bytes_tokio,large_json_base64_tcp,core,21,22,2812750,127852.27272727272,64
bytes_tokio,large_json_base64_tcp,step2,22,20,2836479,141823.95,64
bytes_tokio,large_json_base64_tcp,step1,22,21,2958098,140861.80952380953,64
bytes_tokio,large_json_base64_tcp,baseline,22,18,2811917,156217.61111111112,64
bytes_tokio,large_json_base64_tcp,core,22,22,2767835,125810.68181818182,64
bytes_tokio,large_json_base64_tcp,original,22,12,1843121,153593.41666666666,64
bytes_tokio,large_json_base64_tcp,baseline,23,18,2824079,156893.27777777778,64
bytes_tokio,large_json_base64_tcp,step2,23,20,2826763,141338.15,64
bytes_tokio,large_json_base64_tcp,core,23,22,2790364,126834.72727272728,64
bytes_tokio,large_json_base64_tcp,original,23,12,1891066,157588.83333333334,64
bytes_tokio,large_json_base64_tcp,step1,23,21,2963991,141142.42857142858,64
bytes_tokio,large_json_base64_tcp,step2,24,20,2830322,141516.1,64
bytes_tokio,large_json_base64_tcp,baseline,24,18,2858742,158819,64
bytes_tokio,large_json_base64_tcp,step1,24,21,2922463,139164.90476190476,64
bytes_tokio,large_json_base64_tcp,original,24,12,1920934,160077.83333333334,64
bytes_tokio,large_json_base64_tcp,core,24,22,2787498,126704.45454545454,64
bytes_tokio,large_json_base64_tcp,step1,25,21,2912358,138683.7142857143,64
bytes_tokio,large_json_base64_tcp,original,25,12,1844197,153683.08333333334,64
bytes_tokio,large_json_base64_tcp,baseline,25,18,2813709,156317.16666666666,64
bytes_tokio,large_json_base64_tcp,core,25,22,2777650,126256.81818181818,64
bytes_tokio,large_json_base64_tcp,step2,25,20,2770664,138533.2,64
bytes_tokio,large_json_base64_tcp,baseline,26,18,2811419,156189.94444444444,64
bytes_tokio,large_json_base64_tcp,original,26,12,1859928,154994,64
bytes_tokio,large_json_base64_tcp,step1,26,21,2895754,137893.04761904763,64
bytes_tokio,large_json_base64_tcp,core,26,22,2753746,125170.27272727272,64
bytes_tokio,large_json_base64_tcp,step2,26,20,2773885,138694.25,64
bytes_tokio,large_json_base64_tcp,original,27,12,1844571,153714.25,64
bytes_tokio,large_json_base64_tcp,core,27,22,2746802,124854.63636363637,64
bytes_tokio,large_json_base64_tcp,baseline,27,18,2800718,155595.44444444444,64
bytes_tokio,large_json_base64_tcp,step1,27,21,2898870,138041.42857142858,64
bytes_tokio,large_json_base64_tcp,step2,27,20,2768560,138428,64
bytes_tokio,large_json_base64_tcp,step2,28,20,2765415,138270.75,64
bytes_tokio,large_json_base64_tcp,core,28,22,2754503,125204.68181818182,64
bytes_tokio,large_json_base64_tcp,baseline,28,18,2815119,156395.5,64
bytes_tokio,large_json_base64_tcp,step1,28,21,2905531,138358.61904761905,64
bytes_tokio,large_json_base64_tcp,original,28,12,1864792,155399.33333333334,64
bytes_tokio,large_json_base64_tcp,original,29,12,1841260,153438.33333333334,64
bytes_tokio,large_json_base64_tcp,step1,29,21,2892949,137759.47619047618,64
bytes_tokio,large_json_base64_tcp,core,29,22,2746761,124852.77272727272,64
bytes_tokio,large_json_base64_tcp,baseline,29,18,2826065,157003.61111111112,64
bytes_tokio,large_json_base64_tcp,step2,29,20,2816646,140832.3,64
bytes_tokio,large_json_base64_tcp,step2,30,20,2968335,148416.75,64
bytes_tokio,large_json_base64_tcp,baseline,30,18,2846773,158154.05555555556,64
bytes_tokio,large_json_base64_tcp,core,30,22,2781447,126429.40909090909,64
bytes_tokio,large_json_base64_tcp,step1,30,21,2950915,140519.7619047619,64
bytes_tokio,large_json_base64_tcp,original,30,12,1960545,163378.75,64
bytes_tokio,mixed_json_tcp,step2,0,4,2405678,601419.5,10010
bytes_tokio,mixed_json_tcp,step1,0,4,2582919,645729.75,10010
bytes_tokio,mixed_json_tcp,baseline,0,4,2877619,719404.75,10010
bytes_tokio,mixed_json_tcp,original,0,4,3235261,808815.25,10010
bytes_tokio,mixed_json_tcp,core,0,4,2399424,599856,10010
bytes_tokio,mixed_json_tcp,step1,1,4,2892378,723094.5,10010
bytes_tokio,mixed_json_tcp,baseline,1,4,2496314,624078.5,10010
bytes_tokio,mixed_json_tcp,step2,1,4,2142427,535606.75,10010
bytes_tokio,mixed_json_tcp,core,1,4,2054346,513586.5,10010
bytes_tokio,mixed_json_tcp,original,1,4,2568221,642055.25,10010
bytes_tokio,mixed_json_tcp,core,2,4,2072981,518245.25,10010
bytes_tokio,mixed_json_tcp,step2,2,4,2083883,520970.75,10010
bytes_tokio,mixed_json_tcp,baseline,2,4,2509540,627385,10010
bytes_tokio,mixed_json_tcp,original,2,4,2541168,635292,10010
bytes_tokio,mixed_json_tcp,step1,2,4,2513541,628385.25,10010
bytes_tokio,mixed_json_tcp,original,3,4,2612630,653157.5,10010
bytes_tokio,mixed_json_tcp,step1,3,4,2468162,617040.5,10010
bytes_tokio,mixed_json_tcp,core,3,4,2083914,520978.5,10010
bytes_tokio,mixed_json_tcp,step2,3,4,2167253,541813.25,10010
bytes_tokio,mixed_json_tcp,baseline,3,4,2431291,607822.75,10010
bytes_tokio,mixed_json_tcp,baseline,4,4,2462514,615628.5,10010
bytes_tokio,mixed_json_tcp,step2,4,4,2108029,527007.25,10010
bytes_tokio,mixed_json_tcp,original,4,4,2513868,628467,10010
bytes_tokio,mixed_json_tcp,core,4,4,2061245,515311.25,10010
bytes_tokio,mixed_json_tcp,step1,4,4,2495413,623853.25,10010
bytes_tokio,mixed_json_tcp,original,5,4,2544385,636096.25,10010
bytes_tokio,mixed_json_tcp,step2,5,4,2109894,527473.5,10010
bytes_tokio,mixed_json_tcp,baseline,5,4,2466323,616580.75,10010
bytes_tokio,mixed_json_tcp,core,5,4,2076395,519098.75,10010
bytes_tokio,mixed_json_tcp,step1,5,4,2453757,613439.25,10010
bytes_tokio,mixed_json_tcp,baseline,6,4,2444544,611136,10010
bytes_tokio,mixed_json_tcp,original,6,4,2546253,636563.25,10010
bytes_tokio,mixed_json_tcp,step1,6,4,2448150,612037.5,10010
bytes_tokio,mixed_json_tcp,step2,6,4,2130645,532661.25,10010
bytes_tokio,mixed_json_tcp,core,6,4,2116414,529103.5,10010
bytes_tokio,mixed_json_tcp,core,7,4,2075921,518980.25,10010
bytes_tokio,mixed_json_tcp,original,7,4,2558685,639671.25,10010
bytes_tokio,mixed_json_tcp,baseline,7,4,2421136,605284,10010
bytes_tokio,mixed_json_tcp,step2,7,4,2113688,528422,10010
bytes_tokio,mixed_json_tcp,step1,7,4,2462406,615601.5,10010
bytes_tokio,mixed_json_tcp,step1,8,4,2434035,608508.75,10010
bytes_tokio,mixed_json_tcp,step2,8,4,2071458,517864.5,10010
bytes_tokio,mixed_json_tcp,original,8,4,2577065,644266.25,10010
bytes_tokio,mixed_json_tcp,core,8,4,2077164,519291,10010
bytes_tokio,mixed_json_tcp,baseline,8,4,2469622,617405.5,10010
bytes_tokio,mixed_json_tcp,step1,9,4,2463329,615832.25,10010
bytes_tokio,mixed_json_tcp,original,9,4,2510260,627565,10010
bytes_tokio,mixed_json_tcp,step2,9,4,2086676,521669,10010
bytes_tokio,mixed_json_tcp,core,9,4,2090643,522660.75,10010
bytes_tokio,mixed_json_tcp,baseline,9,4,2558524,639631,10010
bytes_tokio,mixed_json_tcp,baseline,10,4,2477455,619363.75,10010
bytes_tokio,mixed_json_tcp,step2,10,4,2105959,526489.75,10010
bytes_tokio,mixed_json_tcp,original,10,4,2526557,631639.25,10010
bytes_tokio,mixed_json_tcp,step1,10,4,2524211,631052.75,10010
bytes_tokio,mixed_json_tcp,core,10,4,2092843,523210.75,10010
bytes_tokio,mixed_json_tcp,step1,11,4,2490645,622661.25,10010
bytes_tokio,mixed_json_tcp,original,11,4,2549063,637265.75,10010
bytes_tokio,mixed_json_tcp,baseline,11,4,2464207,616051.75,10010
bytes_tokio,mixed_json_tcp,step2,11,4,2120738,530184.5,10010
bytes_tokio,mixed_json_tcp,core,11,4,2053031,513257.75,10010
bytes_tokio,mixed_json_tcp,baseline,12,4,2483486,620871.5,10010
bytes_tokio,mixed_json_tcp,core,12,4,2063305,515826.25,10010
bytes_tokio,mixed_json_tcp,step1,12,4,2483378,620844.5,10010
bytes_tokio,mixed_json_tcp,original,12,4,2542275,635568.75,10010
bytes_tokio,mixed_json_tcp,step2,12,4,2139776,534944,10010
bytes_tokio,mixed_json_tcp,baseline,13,4,2437859,609464.75,10010
bytes_tokio,mixed_json_tcp,core,13,4,2067178,516794.5,10010
bytes_tokio,mixed_json_tcp,step2,13,4,2132805,533201.25,10010
bytes_tokio,mixed_json_tcp,original,13,4,2541233,635308.25,10010
bytes_tokio,mixed_json_tcp,step1,13,4,2510292,627573,10010
bytes_tokio,mixed_json_tcp,baseline,14,4,2505315,626328.75,10010
bytes_tokio,mixed_json_tcp,original,14,4,2569946,642486.5,10010
bytes_tokio,mixed_json_tcp,core,14,4,2051614,512903.5,10010
bytes_tokio,mixed_json_tcp,step2,14,4,2110281,527570.25,10010
bytes_tokio,mixed_json_tcp,step1,14,4,2492365,623091.25,10010
bytes_tokio,mixed_json_tcp,baseline,15,4,2465324,616331,10010
bytes_tokio,mixed_json_tcp,step1,15,4,2448914,612228.5,10010
bytes_tokio,mixed_json_tcp,original,15,4,2519480,629870,10010
bytes_tokio,mixed_json_tcp,core,15,4,2054416,513604,10010
bytes_tokio,mixed_json_tcp,step2,15,4,2111698,527924.5,10010
bytes_tokio,mixed_json_tcp,original,16,4,2519380,629845,10010
bytes_tokio,mixed_json_tcp,baseline,16,4,2498707,624676.75,10010
bytes_tokio,mixed_json_tcp,core,16,4,2071837,517959.25,10010
bytes_tokio,mixed_json_tcp,step2,16,4,2077437,519359.25,10010
bytes_tokio,mixed_json_tcp,step1,16,4,2504407,626101.75,10010
bytes_tokio,mixed_json_tcp,baseline,17,4,2447682,611920.5,10010
bytes_tokio,mixed_json_tcp,original,17,4,2514269,628567.25,10010
bytes_tokio,mixed_json_tcp,step1,17,4,2432949,608237.25,10010
bytes_tokio,mixed_json_tcp,core,17,4,2061008,515252,10010
bytes_tokio,mixed_json_tcp,step2,17,4,2105308,526327,10010
bytes_tokio,mixed_json_tcp,baseline,18,4,2418232,604558,10010
bytes_tokio,mixed_json_tcp,original,18,4,2517678,629419.5,10010
bytes_tokio,mixed_json_tcp,core,18,4,2094007,523501.75,10010
bytes_tokio,mixed_json_tcp,step1,18,4,2489336,622334,10010
bytes_tokio,mixed_json_tcp,step2,18,4,2110971,527742.75,10010
bytes_tokio,mixed_json_tcp,step1,19,4,2458136,614534,10010
bytes_tokio,mixed_json_tcp,baseline,19,4,2496681,624170.25,10010
bytes_tokio,mixed_json_tcp,original,19,4,2603883,650970.75,10010
bytes_tokio,mixed_json_tcp,step2,19,4,2131567,532891.75,10010
bytes_tokio,mixed_json_tcp,core,19,4,2051456,512864,10010
bytes_tokio,mixed_json_tcp,core,20,4,2060862,515215.5,10010
bytes_tokio,mixed_json_tcp,baseline,20,4,2437014,609253.5,10010
bytes_tokio,mixed_json_tcp,step1,20,4,2434341,608585.25,10010
bytes_tokio,mixed_json_tcp,step2,20,4,2087245,521811.25,10010
bytes_tokio,mixed_json_tcp,original,20,4,2528777,632194.25,10010
bytes_tokio,mixed_json_tcp,baseline,21,4,2424015,606003.75,10010
bytes_tokio,mixed_json_tcp,original,21,4,2626202,656550.5,10010
bytes_tokio,mixed_json_tcp,step1,21,4,2510259,627564.75,10010
bytes_tokio,mixed_json_tcp,step2,21,4,2088851,522212.75,10010
bytes_tokio,mixed_json_tcp,core,21,4,2065478,516369.5,10010
bytes_tokio,mixed_json_tcp,step2,22,4,2149272,537318,10010
bytes_tokio,mixed_json_tcp,step1,22,4,2501080,625270,10010
bytes_tokio,mixed_json_tcp,baseline,22,4,2491167,622791.75,10010
bytes_tokio,mixed_json_tcp,core,22,4,2134515,533628.75,10010
bytes_tokio,mixed_json_tcp,original,22,4,2529894,632473.5,10010
bytes_tokio,mixed_json_tcp,baseline,23,4,2464651,616162.75,10010
bytes_tokio,mixed_json_tcp,step2,23,4,2125103,531275.75,10010
bytes_tokio,mixed_json_tcp,core,23,4,2076770,519192.5,10010
bytes_tokio,mixed_json_tcp,original,23,4,2526758,631689.5,10010
bytes_tokio,mixed_json_tcp,step1,23,4,2504203,626050.75,10010
bytes_tokio,mixed_json_tcp,step2,24,4,2121356,530339,10010
bytes_tokio,mixed_json_tcp,baseline,24,4,2426067,606516.75,10010
bytes_tokio,mixed_json_tcp,step1,24,4,2455471,613867.75,10010
bytes_tokio,mixed_json_tcp,original,24,4,2545136,636284,10010
bytes_tokio,mixed_json_tcp,core,24,4,2097457,524364.25,10010
bytes_tokio,mixed_json_tcp,step1,25,4,2437094,609273.5,10010
bytes_tokio,mixed_json_tcp,original,25,4,2502633,625658.25,10010
bytes_tokio,mixed_json_tcp,baseline,25,4,2451230,612807.5,10010
bytes_tokio,mixed_json_tcp,core,25,4,2068044,517011,10010
bytes_tokio,mixed_json_tcp,step2,25,4,2081543,520385.75,10010
bytes_tokio,mixed_json_tcp,baseline,26,4,2499096,624774,10010
bytes_tokio,mixed_json_tcp,original,26,4,2515450,628862.5,10010
bytes_tokio,mixed_json_tcp,step1,26,4,2458272,614568,10010
bytes_tokio,mixed_json_tcp,core,26,4,2074141,518535.25,10010
bytes_tokio,mixed_json_tcp,step2,26,4,2111549,527887.25,10010
bytes_tokio,mixed_json_tcp,original,27,4,2505301,626325.25,10010
bytes_tokio,mixed_json_tcp,core,27,4,2077455,519363.75,10010
bytes_tokio,mixed_json_tcp,baseline,27,4,2506611,626652.75,10010
bytes_tokio,mixed_json_tcp,step1,27,4,2546457,636614.25,10010
bytes_tokio,mixed_json_tcp,step2,27,4,2138376,534594,10010
bytes_tokio,mixed_json_tcp,step2,28,4,2311562,577890.5,10010
bytes_tokio,mixed_json_tcp,core,28,4,2507046,626761.5,10010
bytes_tokio,mixed_json_tcp,baseline,28,4,3430125,857531.25,10010
bytes_tokio,mixed_json_tcp,step1,28,4,3017185,754296.25,10010
bytes_tokio,mixed_json_tcp,original,28,4,2870728,717682,10010
bytes_tokio,mixed_json_tcp,original,29,4,3518246,879561.5,10010
bytes_tokio,mixed_json_tcp,step1,29,4,3205681,801420.25,10010
bytes_tokio,mixed_json_tcp,core,29,4,2511712,627928,10010
bytes_tokio,mixed_json_tcp,baseline,29,4,3485788,871447,10010
bytes_tokio,mixed_json_tcp,step2,29,4,2557475,639368.75,10010
bytes_tokio,mixed_json_tcp,step2,30,4,2574772,643693,10010
bytes_tokio,mixed_json_tcp,baseline,30,4,3263307,815826.75,10010
bytes_tokio,mixed_json_tcp,core,30,4,2781442,695360.5,10010
bytes_tokio,mixed_json_tcp,step1,30,4,3308958,827239.5,10010
bytes_tokio,mixed_json_tcp,original,30,4,3392495,848123.75,10010
bytes_tokio,mixed_json_whole,step2,0,4,2267077,566769.25,10010
bytes_tokio,mixed_json_whole,step1,0,3,2328749,776249.6666666666,10010
bytes_tokio,mixed_json_whole,baseline,0,3,2168297,722765.6666666666,10010
bytes_tokio,mixed_json_whole,original,0,4,3555962,888990.5,10010
bytes_tokio,mixed_json_whole,core,0,4,2757768,689442,10010
bytes_tokio,mixed_json_whole,step1,1,3,2372885,790961.6666666666,10010
bytes_tokio,mixed_json_whole,baseline,1,3,1988328,662776,10010
bytes_tokio,mixed_json_whole,step2,1,4,2411975,602993.75,10010
bytes_tokio,mixed_json_whole,core,1,4,2731353,682838.25,10010
bytes_tokio,mixed_json_whole,original,1,4,3278421,819605.25,10010
bytes_tokio,mixed_json_whole,core,2,4,2828716,707179,10010
bytes_tokio,mixed_json_whole,step2,2,4,2214558,553639.5,10010
bytes_tokio,mixed_json_whole,baseline,2,3,2222027,740675.6666666666,10010
bytes_tokio,mixed_json_whole,original,2,4,3084563,771140.75,10010
bytes_tokio,mixed_json_whole,step1,2,3,2240963,746987.6666666666,10010
bytes_tokio,mixed_json_whole,original,3,4,2538394,634598.5,10010
bytes_tokio,mixed_json_whole,step1,3,3,1978056,659352,10010
bytes_tokio,mixed_json_whole,core,3,4,2150849,537712.25,10010
bytes_tokio,mixed_json_whole,step2,3,4,1864312,466078,10010
bytes_tokio,mixed_json_whole,baseline,3,3,1885253,628417.6666666666,10010
bytes_tokio,mixed_json_whole,baseline,4,3,1869826,623275.3333333334,10010
bytes_tokio,mixed_json_whole,step2,4,4,1896450,474112.5,10010
bytes_tokio,mixed_json_whole,original,4,4,2537238,634309.5,10010
bytes_tokio,mixed_json_whole,core,4,4,2161494,540373.5,10010
bytes_tokio,mixed_json_whole,step1,4,3,2006728,668909.3333333334,10010
bytes_tokio,mixed_json_whole,original,5,4,2538990,634747.5,10010
bytes_tokio,mixed_json_whole,step2,5,4,1890728,472682,10010
bytes_tokio,mixed_json_whole,baseline,5,3,2304231,768077,10010
bytes_tokio,mixed_json_whole,core,5,4,2523449,630862.25,10010
bytes_tokio,mixed_json_whole,step1,5,3,2065982,688660.6666666666,10010
bytes_tokio,mixed_json_whole,baseline,6,3,1889012,629670.6666666666,10010
bytes_tokio,mixed_json_whole,original,6,4,2520539,630134.75,10010
bytes_tokio,mixed_json_whole,step1,6,3,1935962,645320.6666666666,10010
bytes_tokio,mixed_json_whole,step2,6,4,1875932,468983,10010
bytes_tokio,mixed_json_whole,core,6,4,2167254,541813.5,10010
bytes_tokio,mixed_json_whole,core,7,4,2151284,537821,10010
bytes_tokio,mixed_json_whole,original,7,4,2511082,627770.5,10010
bytes_tokio,mixed_json_whole,baseline,7,3,2307191,769063.6666666666,10010
bytes_tokio,mixed_json_whole,step2,7,4,1939443,484860.75,10010
bytes_tokio,mixed_json_whole,step1,7,3,2028449,676149.6666666666,10010
bytes_tokio,mixed_json_whole,step1,8,3,1907200,635733.3333333334,10010
bytes_tokio,mixed_json_whole,step2,8,4,1935070,483767.5,10010
bytes_tokio,mixed_json_whole,original,8,4,2530499,632624.75,10010
bytes_tokio,mixed_json_whole,core,8,4,2144270,536067.5,10010
bytes_tokio,mixed_json_whole,baseline,8,3,1870414,623471.3333333334,10010
bytes_tokio,mixed_json_whole,step1,9,3,1915097,638365.6666666666,10010
bytes_tokio,mixed_json_whole,original,9,4,2582337,645584.25,10010
bytes_tokio,mixed_json_whole,step2,9,4,1885943,471485.75,10010
bytes_tokio,mixed_json_whole,core,9,4,2142007,535501.75,10010
bytes_tokio,mixed_json_whole,baseline,9,3,1868989,622996.3333333334,10010
bytes_tokio,mixed_json_whole,baseline,10,3,1857985,619328.3333333334,10010
bytes_tokio,mixed_json_whole,step2,10,4,1891736,472934,10010
bytes_tokio,mixed_json_whole,original,10,4,2506947,626736.75,10010
bytes_tokio,mixed_json_whole,step1,10,3,1911525,637175,10010
bytes_tokio,mixed_json_whole,core,10,4,2140530,535132.5,10010
bytes_tokio,mixed_json_whole,step1,11,3,1927654,642551.3333333334,10010
bytes_tokio,mixed_json_whole,original,11,4,2515601,628900.25,10010
bytes_tokio,mixed_json_whole,baseline,11,3,1871267,623755.6666666666,10010
bytes_tokio,mixed_json_whole,step2,11,4,1903877,475969.25,10010
bytes_tokio,mixed_json_whole,core,11,4,2148827,537206.75,10010
bytes_tokio,mixed_json_whole,baseline,12,3,1871633,623877.6666666666,10010
bytes_tokio,mixed_json_whole,core,12,4,2177898,544474.5,10010
bytes_tokio,mixed_json_whole,step1,12,3,1962152,654050.6666666666,10010
bytes_tokio,mixed_json_whole,original,12,4,2534833,633708.25,10010
bytes_tokio,mixed_json_whole,step2,12,4,1901623,475405.75,10010
bytes_tokio,mixed_json_whole,baseline,13,3,1882870,627623.3333333334,10010
bytes_tokio,mixed_json_whole,core,13,4,2154107,538526.75,10010
bytes_tokio,mixed_json_whole,step2,13,4,2089225,522306.25,10010
bytes_tokio,mixed_json_whole,original,13,4,2760509,690127.25,10010
bytes_tokio,mixed_json_whole,step1,13,3,1966353,655451,10010
bytes_tokio,mixed_json_whole,baseline,14,3,2122733,707577.6666666666,10010
bytes_tokio,mixed_json_whole,original,14,4,2576933,644233.25,10010
bytes_tokio,mixed_json_whole,core,14,4,2163939,540984.75,10010
bytes_tokio,mixed_json_whole,step2,14,4,1893447,473361.75,10010
bytes_tokio,mixed_json_whole,step1,14,3,2038305,679435,10010
bytes_tokio,mixed_json_whole,baseline,15,3,1875078,625026,10010
bytes_tokio,mixed_json_whole,step1,15,3,1898906,632968.6666666666,10010
bytes_tokio,mixed_json_whole,original,15,4,2560691,640172.75,10010
bytes_tokio,mixed_json_whole,core,15,4,2153234,538308.5,10010
bytes_tokio,mixed_json_whole,step2,15,4,1878911,469727.75,10010
bytes_tokio,mixed_json_whole,original,16,4,2507443,626860.75,10010
bytes_tokio,mixed_json_whole,baseline,16,3,1857744,619248,10010
bytes_tokio,mixed_json_whole,core,16,4,2164123,541030.75,10010
bytes_tokio,mixed_json_whole,step2,16,4,1893389,473347.25,10010
bytes_tokio,mixed_json_whole,step1,16,3,1913950,637983.3333333334,10010
bytes_tokio,mixed_json_whole,baseline,17,3,1889225,629741.6666666666,10010
bytes_tokio,mixed_json_whole,original,17,4,2520757,630189.25,10010
bytes_tokio,mixed_json_whole,step1,17,3,1922520,640840,10010
bytes_tokio,mixed_json_whole,core,17,4,2159155,539788.75,10010
bytes_tokio,mixed_json_whole,step2,17,4,1888116,472029,10010
bytes_tokio,mixed_json_whole,baseline,18,3,1863387,621129,10010
bytes_tokio,mixed_json_whole,original,18,4,2626542,656635.5,10010
bytes_tokio,mixed_json_whole,core,18,4,2158276,539569,10010
bytes_tokio,mixed_json_whole,step1,18,3,2007226,669075.3333333334,10010
bytes_tokio,mixed_json_whole,step2,18,4,1921005,480251.25,10010
bytes_tokio,mixed_json_whole,step1,19,3,1877332,625777.3333333334,10010
bytes_tokio,mixed_json_whole,baseline,19,3,1852633,617544.3333333334,10010
bytes_tokio,mixed_json_whole,original,19,4,2539799,634949.75,10010
bytes_tokio,mixed_json_whole,step2,19,4,1905403,476350.75,10010
bytes_tokio,mixed_json_whole,core,19,4,2154106,538526.5,10010
bytes_tokio,mixed_json_whole,core,20,4,2172336,543084,10010
bytes_tokio,mixed_json_whole,baseline,20,3,1859041,619680.3333333334,10010
bytes_tokio,mixed_json_whole,step1,20,3,1887289,629096.3333333334,10010
bytes_tokio,mixed_json_whole,step2,20,4,1904154,476038.5,10010
bytes_tokio,mixed_json_whole,original,20,4,2544960,636240,10010
bytes_tokio,mixed_json_whole,baseline,21,3,1931602,643867.3333333334,10010
bytes_tokio,mixed_json_whole,original,21,4,2551767,637941.75,10010
bytes_tokio,mixed_json_whole,step1,21,3,1968847,656282.3333333334,10010
bytes_tokio,mixed_json_whole,step2,21,4,1890921,472730.25,10010
bytes_tokio,mixed_json_whole,core,21,4,2216575,554143.75,10010
bytes_tokio,mixed_json_whole,step2,22,4,1891535,472883.75,10010
bytes_tokio,mixed_json_whole,step1,22,3,1922306,640768.6666666666,10010
bytes_tokio,mixed_json_whole,baseline,22,3,1896806,632268.6666666666,10010
bytes_tokio,mixed_json_whole,core,22,4,2180560,545140,10010
bytes_tokio,mixed_json_whole,original,22,4,2508699,627174.75,10010
bytes_tokio,mixed_json_whole,baseline,23,3,1892036,630678.6666666666,10010
bytes_tokio,mixed_json_whole,step2,23,4,1918322,479580.5,10010
bytes_tokio,mixed_json_whole,core,23,4,2167331,541832.75,10010
bytes_tokio,mixed_json_whole,original,23,4,2556486,639121.5,10010
bytes_tokio,mixed_json_whole,step1,23,3,1887937,629312.3333333334,10010
bytes_tokio,mixed_json_whole,step2,24,4,1879072,469768,10010
bytes_tokio,mixed_json_whole,baseline,24,3,1862898,620966,10010
bytes_tokio,mixed_json_whole,step1,24,3,1933691,644563.6666666666,10010
bytes_tokio,mixed_json_whole,original,24,4,2556417,639104.25,10010
bytes_tokio,mixed_json_whole,core,24,4,2148671,537167.75,10010
bytes_tokio,mixed_json_whole,step1,25,3,1895034,631678,10010
bytes_tokio,mixed_json_whole,original,25,4,2514060,628515,10010
bytes_tokio,mixed_json_whole,baseline,25,3,1953119,651039.6666666666,10010
bytes_tokio,mixed_json_whole,core,25,4,2164241,541060.25,10010
bytes_tokio,mixed_json_whole,step2,25,4,1879584,469896,10010
bytes_tokio,mixed_json_whole,baseline,26,3,1857904,619301.3333333334,10010
bytes_tokio,mixed_json_whole,original,26,4,2526395,631598.75,10010
bytes_tokio,mixed_json_whole,step1,26,3,1906152,635384,10010
bytes_tokio,mixed_json_whole,core,26,4,2182242,545560.5,10010
bytes_tokio,mixed_json_whole,step2,26,4,1905018,476254.5,10010
bytes_tokio,mixed_json_whole,original,27,4,2540159,635039.75,10010
bytes_tokio,mixed_json_whole,core,27,4,2249613,562403.25,10010
bytes_tokio,mixed_json_whole,baseline,27,3,1901649,633883,10010
bytes_tokio,mixed_json_whole,step1,27,3,1929131,643043.6666666666,10010
bytes_tokio,mixed_json_whole,step2,27,4,1903642,475910.5,10010
bytes_tokio,mixed_json_whole,step2,28,4,1892135,473033.75,10010
bytes_tokio,mixed_json_whole,core,28,4,2166623,541655.75,10010
bytes_tokio,mixed_json_whole,baseline,28,3,1892859,630953,10010
bytes_tokio,mixed_json_whole,step1,28,3,1943779,647926.3333333334,10010
bytes_tokio,mixed_json_whole,original,28,4,2491046,622761.5,10010
bytes_tokio,mixed_json_whole,original,29,4,2489927,622481.75,10010
bytes_tokio,mixed_json_whole,step1,29,3,1917477,639159,10010
bytes_tokio,mixed_json_whole,core,29,4,2135807,533951.75,10010
bytes_tokio,mixed_json_whole,baseline,29,3,1901004,633668,10010
bytes_tokio,mixed_json_whole,step2,29,4,1896845,474211.25,10010
bytes_tokio,mixed_json_whole,step2,30,4,1892399,473099.75,10010
bytes_tokio,mixed_json_whole,baseline,30,3,1873371,624457,10010
bytes_tokio,mixed_json_whole,core,30,4,2174392,543598,10010
bytes_tokio,mixed_json_whole,step1,30,3,1892118,630706,10010
bytes_tokio,mixed_json_whole,original,30,4,2521064,630266,10010
bytes_tokio,mixed_multiline_tcp,step2,0,6,2621906,436984.3333333333,10010
bytes_tokio,mixed_multiline_tcp,step1,0,5,2547668,509533.6,10010
bytes_tokio,mixed_multiline_tcp,baseline,0,5,2581690,516338,10010
bytes_tokio,mixed_multiline_tcp,original,0,5,2684768,536953.6,10010
bytes_tokio,mixed_multiline_tcp,core,0,5,2861643,572328.6,10010
bytes_tokio,mixed_multiline_tcp,step1,1,5,2621621,524324.2,10010
bytes_tokio,mixed_multiline_tcp,baseline,1,5,2562272,512454.4,10010
bytes_tokio,mixed_multiline_tcp,step2,1,6,2625634,437605.6666666667,10010
bytes_tokio,mixed_multiline_tcp,core,1,5,2872078,574415.6,10010
bytes_tokio,mixed_multiline_tcp,original,1,5,2692953,538590.6,10010
bytes_tokio,mixed_multiline_tcp,core,2,5,2871375,574275,10010
bytes_tokio,mixed_multiline_tcp,step2,2,6,2629178,438196.3333333333,10010
bytes_tokio,mixed_multiline_tcp,baseline,2,5,2613066,522613.2,10010
bytes_tokio,mixed_multiline_tcp,original,2,5,2646846,529369.2,10010
bytes_tokio,mixed_multiline_tcp,step1,2,5,2602862,520572.4,10010
bytes_tokio,mixed_multiline_tcp,original,3,5,2635044,527008.8,10010
bytes_tokio,mixed_multiline_tcp,step1,3,5,2605898,521179.6,10010
bytes_tokio,mixed_multiline_tcp,core,3,5,2841423,568284.6,10010
bytes_tokio,mixed_multiline_tcp,step2,3,6,2599092,433182,10010
bytes_tokio,mixed_multiline_tcp,baseline,3,5,2551324,510264.8,10010
bytes_tokio,mixed_multiline_tcp,baseline,4,5,2557962,511592.4,10010
bytes_tokio,mixed_multiline_tcp,step2,4,6,2616325,436054.1666666667,10010
bytes_tokio,mixed_multiline_tcp,original,4,5,2627069,525413.8,10010
bytes_tokio,mixed_multiline_tcp,core,4,5,2857009,571401.8,10010
bytes_tokio,mixed_multiline_tcp,step1,4,5,2556353,511270.6,10010
bytes_tokio,mixed_multiline_tcp,original,5,5,2636046,527209.2,10010
bytes_tokio,mixed_multiline_tcp,step2,5,6,2663305,443884.1666666667,10010
bytes_tokio,mixed_multiline_tcp,baseline,5,5,2576293,515258.6,10010
bytes_tokio,mixed_multiline_tcp,core,5,5,2850708,570141.6,10010
bytes_tokio,mixed_multiline_tcp,step1,5,5,2548788,509757.6,10010
bytes_tokio,mixed_multiline_tcp,baseline,6,5,2536043,507208.6,10010
bytes_tokio,mixed_multiline_tcp,original,6,5,2619603,523920.6,10010
bytes_tokio,mixed_multiline_tcp,step1,6,5,2573129,514625.8,10010
bytes_tokio,mixed_multiline_tcp,step2,6,6,2605723,434287.1666666667,10010
bytes_tokio,mixed_multiline_tcp,core,6,5,2834103,566820.6,10010
bytes_tokio,mixed_multiline_tcp,core,7,5,2856377,571275.4,10010
bytes_tokio,mixed_multiline_tcp,original,7,5,2652490,530498,10010
bytes_tokio,mixed_multiline_tcp,baseline,7,5,2566225,513245,10010
bytes_tokio,mixed_multiline_tcp,step2,7,6,2597634,432939,10010
bytes_tokio,mixed_multiline_tcp,step1,7,5,2599957,519991.4,10010
bytes_tokio,mixed_multiline_tcp,step1,8,5,2582209,516441.8,10010
bytes_tokio,mixed_multiline_tcp,step2,8,6,2577674,429612.3333333333,10010
bytes_tokio,mixed_multiline_tcp,original,8,5,2631729,526345.8,10010
bytes_tokio,mixed_multiline_tcp,core,8,5,2843123,568624.6,10010
bytes_tokio,mixed_multiline_tcp,baseline,8,5,2621485,524297,10010
bytes_tokio,mixed_multiline_tcp,step1,9,5,2548584,509716.8,10010
bytes_tokio,mixed_multiline_tcp,original,9,5,2656256,531251.2,10010
bytes_tokio,mixed_multiline_tcp,step2,9,6,2590977,431829.5,10010
bytes_tokio,mixed_multiline_tcp,core,9,5,2850617,570123.4,10010
bytes_tokio,mixed_multiline_tcp,baseline,9,5,2587470,517494,10010
bytes_tokio,mixed_multiline_tcp,baseline,10,5,2644326,528865.2,10010
bytes_tokio,mixed_multiline_tcp,step2,10,6,2621528,436921.3333333333,10010
bytes_tokio,mixed_multiline_tcp,original,10,5,2691809,538361.8,10010
bytes_tokio,mixed_multiline_tcp,step1,10,5,2567342,513468.4,10010
bytes_tokio,mixed_multiline_tcp,core,10,5,2910021,582004.2,10010
bytes_tokio,mixed_multiline_tcp,step1,11,5,2591599,518319.8,10010
bytes_tokio,mixed_multiline_tcp,original,11,5,2640640,528128,10010
bytes_tokio,mixed_multiline_tcp,baseline,11,5,2567000,513400,10010
bytes_tokio,mixed_multiline_tcp,step2,11,6,2617851,436308.5,10010
bytes_tokio,mixed_multiline_tcp,core,11,5,2831062,566212.4,10010
bytes_tokio,mixed_multiline_tcp,baseline,12,5,2565643,513128.6,10010
bytes_tokio,mixed_multiline_tcp,core,12,5,2835178,567035.6,10010
bytes_tokio,mixed_multiline_tcp,step1,12,5,2563902,512780.4,10010
bytes_tokio,mixed_multiline_tcp,original,12,5,2648230,529646,10010
bytes_tokio,mixed_multiline_tcp,step2,12,6,2631047,438507.8333333333,10010
bytes_tokio,mixed_multiline_tcp,baseline,13,5,2561171,512234.2,10010
bytes_tokio,mixed_multiline_tcp,core,13,5,2844235,568847,10010
bytes_tokio,mixed_multiline_tcp,step2,13,6,2622512,437085.3333333333,10010
bytes_tokio,mixed_multiline_tcp,original,13,5,2629761,525952.2,10010
bytes_tokio,mixed_multiline_tcp,step1,13,5,2615134,523026.8,10010
bytes_tokio,mixed_multiline_tcp,baseline,14,5,2574686,514937.2,10010
bytes_tokio,mixed_multiline_tcp,original,14,5,2632267,526453.4,10010
bytes_tokio,mixed_multiline_tcp,core,14,5,2838514,567702.8,10010
bytes_tokio,mixed_multiline_tcp,step2,14,6,2593348,432224.6666666667,10010
bytes_tokio,mixed_multiline_tcp,step1,14,5,2541656,508331.2,10010
bytes_tokio,mixed_multiline_tcp,baseline,15,5,2548920,509784,10010
bytes_tokio,mixed_multiline_tcp,step1,15,5,2582129,516425.8,10010
bytes_tokio,mixed_multiline_tcp,original,15,5,2626907,525381.4,10010
bytes_tokio,mixed_multiline_tcp,core,15,5,2881895,576379,10010
bytes_tokio,mixed_multiline_tcp,step2,15,6,2616370,436061.6666666667,10010
bytes_tokio,mixed_multiline_tcp,original,16,5,2615204,523040.8,10010
bytes_tokio,mixed_multiline_tcp,baseline,16,5,2552780,510556,10010
bytes_tokio,mixed_multiline_tcp,core,16,5,2861348,572269.6,10010
bytes_tokio,mixed_multiline_tcp,step2,16,6,2624053,437342.1666666667,10010
bytes_tokio,mixed_multiline_tcp,step1,16,5,2587143,517428.6,10010
bytes_tokio,mixed_multiline_tcp,baseline,17,5,2624855,524971,10010
bytes_tokio,mixed_multiline_tcp,original,17,5,2658314,531662.8,10010
bytes_tokio,mixed_multiline_tcp,step1,17,5,2554356,510871.2,10010
bytes_tokio,mixed_multiline_tcp,core,17,5,2846252,569250.4,10010
bytes_tokio,mixed_multiline_tcp,step2,17,6,2634647,439107.8333333333,10010
bytes_tokio,mixed_multiline_tcp,baseline,18,5,2608428,521685.6,10010
bytes_tokio,mixed_multiline_tcp,original,18,5,3060322,612064.4,10010
bytes_tokio,mixed_multiline_tcp,core,18,5,3645474,729094.8,10010
bytes_tokio,mixed_multiline_tcp,step1,18,5,3135886,627177.2,10010
bytes_tokio,mixed_multiline_tcp,step2,18,6,2729771,454961.8333333333,10010
bytes_tokio,mixed_multiline_tcp,step1,19,5,2557670,511534,10010
bytes_tokio,mixed_multiline_tcp,baseline,19,5,2584162,516832.4,10010
bytes_tokio,mixed_multiline_tcp,original,19,5,2635633,527126.6,10010
bytes_tokio,mixed_multiline_tcp,step2,19,6,2612835,435472.5,10010
bytes_tokio,mixed_multiline_tcp,core,19,5,2796512,559302.4,10010
bytes_tokio,mixed_multiline_tcp,core,20,5,2818967,563793.4,10010
bytes_tokio,mixed_multiline_tcp,baseline,20,5,2589886,517977.2,10010
bytes_tokio,mixed_multiline_tcp,step1,20,5,2540738,508147.6,10010
bytes_tokio,mixed_multiline_tcp,step2,20,6,2598942,433157,10010
bytes_tokio,mixed_multiline_tcp,original,20,5,2636882,527376.4,10010
bytes_tokio,mixed_multiline_tcp,baseline,21,5,2587826,517565.2,10010
bytes_tokio,mixed_multiline_tcp,original,21,5,2631146,526229.2,10010
bytes_tokio,mixed_multiline_tcp,step1,21,5,2556384,511276.8,10010
bytes_tokio,mixed_multiline_tcp,step2,21,6,2584274,430712.3333333333,10010
bytes_tokio,mixed_multiline_tcp,core,21,5,2807004,561400.8,10010
bytes_tokio,mixed_multiline_tcp,step2,22,6,2628540,438090,10010
bytes_tokio,mixed_multiline_tcp,step1,22,5,2577076,515415.2,10010
bytes_tokio,mixed_multiline_tcp,baseline,22,5,2557018,511403.6,10010
bytes_tokio,mixed_multiline_tcp,core,22,5,2837672,567534.4,10010
bytes_tokio,mixed_multiline_tcp,original,22,5,2671866,534373.2,10010
bytes_tokio,mixed_multiline_tcp,baseline,23,5,2566776,513355.2,10010
bytes_tokio,mixed_multiline_tcp,step2,23,6,2622454,437075.6666666667,10010
bytes_tokio,mixed_multiline_tcp,core,23,5,2937815,587563,10010
bytes_tokio,mixed_multiline_tcp,original,23,5,2659097,531819.4,10010
bytes_tokio,mixed_multiline_tcp,step1,23,5,2561175,512235,10010
bytes_tokio,mixed_multiline_tcp,step2,24,6,2602396,433732.6666666667,10010
bytes_tokio,mixed_multiline_tcp,baseline,24,5,2612016,522403.2,10010
bytes_tokio,mixed_multiline_tcp,step1,24,5,2567452,513490.4,10010
bytes_tokio,mixed_multiline_tcp,original,24,5,2635622,527124.4,10010
bytes_tokio,mixed_multiline_tcp,core,24,5,2838080,567616,10010
bytes_tokio,mixed_multiline_tcp,step1,25,5,2586294,517258.8,10010
bytes_tokio,mixed_multiline_tcp,original,25,5,2664482,532896.4,10010
bytes_tokio,mixed_multiline_tcp,baseline,25,5,2542597,508519.4,10010
bytes_tokio,mixed_multiline_tcp,core,25,5,2833014,566602.8,10010
bytes_tokio,mixed_multiline_tcp,step2,25,6,2624557,437426.1666666667,10010
bytes_tokio,mixed_multiline_tcp,baseline,26,5,2628202,525640.4,10010
bytes_tokio,mixed_multiline_tcp,original,26,5,2635379,527075.8,10010
bytes_tokio,mixed_multiline_tcp,step1,26,5,2569902,513980.4,10010
bytes_tokio,mixed_multiline_tcp,core,26,5,2885056,577011.2,10010
bytes_tokio,mixed_multiline_tcp,step2,26,6,2603041,433840.1666666667,10010
bytes_tokio,mixed_multiline_tcp,original,27,5,2634235,526847,10010
bytes_tokio,mixed_multiline_tcp,core,27,5,2853854,570770.8,10010
bytes_tokio,mixed_multiline_tcp,baseline,27,5,2586809,517361.8,10010
bytes_tokio,mixed_multiline_tcp,step1,27,5,2618685,523737,10010
bytes_tokio,mixed_multiline_tcp,step2,27,6,2608419,434736.5,10010
bytes_tokio,mixed_multiline_tcp,step2,28,6,2585299,430883.1666666667,10010
bytes_tokio,mixed_multiline_tcp,core,28,5,2877851,575570.2,10010
bytes_tokio,mixed_multiline_tcp,baseline,28,5,2582861,516572.2,10010
bytes_tokio,mixed_multiline_tcp,step1,28,5,2634845,526969,10010
bytes_tokio,mixed_multiline_tcp,original,28,5,2664821,532964.2,10010
bytes_tokio,mixed_multiline_tcp,original,29,5,2630240,526048,10010
bytes_tokio,mixed_multiline_tcp,step1,29,5,2575495,515099,10010
bytes_tokio,mixed_multiline_tcp,core,29,5,2828286,565657.2,10010
bytes_tokio,mixed_multiline_tcp,baseline,29,5,2568484,513696.8,10010
bytes_tokio,mixed_multiline_tcp,step2,29,6,2588172,431362,10010
bytes_tokio,mixed_multiline_tcp,step2,30,6,2600905,433484.1666666667,10010
bytes_tokio,mixed_multiline_tcp,baseline,30,5,2613486,522697.2,10010
bytes_tokio,mixed_multiline_tcp,core,30,5,2838982,567796.4,10010
bytes_tokio,mixed_multiline_tcp,step1,30,5,2558543,511708.6,10010
bytes_tokio,mixed_multiline_tcp,original,30,5,2645759,529151.8,10010
bytes_tokio,mixed_multiline_whole,step2,0,7,2941151,420164.4285714286,10010
bytes_tokio,mixed_multiline_whole,step1,0,5,2798924,559784.8,10010
bytes_tokio,mixed_multiline_whole,baseline,0,5,2806594,561318.8,10010
bytes_tokio,mixed_multiline_whole,original,0,5,2815664,563132.8,10010
bytes_tokio,mixed_multiline_whole,core,0,4,2458294,614573.5,10010
bytes_tokio,mixed_multiline_whole,step1,1,5,2808856,561771.2,10010
bytes_tokio,mixed_multiline_whole,baseline,1,5,2831980,566396,10010
bytes_tokio,mixed_multiline_whole,step2,1,7,2923258,417608.28571428574,10010
bytes_tokio,mixed_multiline_whole,core,1,4,2445851,611462.75,10010
bytes_tokio,mixed_multiline_whole,original,1,5,2826765,565353,10010
bytes_tokio,mixed_multiline_whole,core,2,4,2448578,612144.5,10010
bytes_tokio,mixed_multiline_whole,step2,2,7,2951130,421590,10010
bytes_tokio,mixed_multiline_whole,baseline,2,5,2862606,572521.2,10010
bytes_tokio,mixed_multiline_whole,original,2,5,2836714,567342.8,10010
bytes_tokio,mixed_multiline_whole,step1,2,5,2809126,561825.2,10010
bytes_tokio,mixed_multiline_whole,original,3,5,2791308,558261.6,10010
bytes_tokio,mixed_multiline_whole,step1,3,5,2797060,559412,10010
bytes_tokio,mixed_multiline_whole,core,3,4,2454887,613721.75,10010
bytes_tokio,mixed_multiline_whole,step2,3,7,2926094,418013.4285714286,10010
bytes_tokio,mixed_multiline_whole,baseline,3,5,2838255,567651,10010
bytes_tokio,mixed_multiline_whole,baseline,4,5,2939809,587961.8,10010
bytes_tokio,mixed_multiline_whole,step2,4,7,2923729,417675.5714285714,10010
bytes_tokio,mixed_multiline_whole,original,4,5,2823283,564656.6,10010
bytes_tokio,mixed_multiline_whole,core,4,4,2465398,616349.5,10010
bytes_tokio,mixed_multiline_whole,step1,4,5,2798918,559783.6,10010
bytes_tokio,mixed_multiline_whole,original,5,5,2810342,562068.4,10010
bytes_tokio,mixed_multiline_whole,step2,5,7,2980223,425746.14285714284,10010
bytes_tokio,mixed_multiline_whole,baseline,5,5,2795743,559148.6,10010
bytes_tokio,mixed_multiline_whole,core,5,4,2470475,617618.75,10010
bytes_tokio,mixed_multiline_whole,step1,5,5,2761531,552306.2,10010
bytes_tokio,mixed_multiline_whole,baseline,6,5,2762100,552420,10010
bytes_tokio,mixed_multiline_whole,original,6,5,2846083,569216.6,10010
bytes_tokio,mixed_multiline_whole,step1,6,5,2787212,557442.4,10010
bytes_tokio,mixed_multiline_whole,step2,6,7,2929386,418483.71428571426,10010
bytes_tokio,mixed_multiline_whole,core,6,4,2464965,616241.25,10010
bytes_tokio,mixed_multiline_whole,core,7,4,2458959,614739.75,10010
bytes_tokio,mixed_multiline_whole,original,7,5,2828589,565717.8,10010
bytes_tokio,mixed_multiline_whole,baseline,7,5,2894065,578813,10010
bytes_tokio,mixed_multiline_whole,step2,7,7,2930288,418612.5714285714,10010
bytes_tokio,mixed_multiline_whole,step1,7,5,2770700,554140,10010
bytes_tokio,mixed_multiline_whole,step1,8,5,2804041,560808.2,10010
bytes_tokio,mixed_multiline_whole,step2,8,7,2920798,417256.85714285716,10010
bytes_tokio,mixed_multiline_whole,original,8,5,2822397,564479.4,10010
bytes_tokio,mixed_multiline_whole,core,8,4,2450563,612640.75,10010
bytes_tokio,mixed_multiline_whole,baseline,8,5,2785984,557196.8,10010
bytes_tokio,mixed_multiline_whole,step1,9,5,2843191,568638.2,10010
bytes_tokio,mixed_multiline_whole,original,9,5,2773854,554770.8,10010
bytes_tokio,mixed_multiline_whole,step2,9,7,2927589,418227,10010
bytes_tokio,mixed_multiline_whole,core,9,4,2441880,610470,10010
bytes_tokio,mixed_multiline_whole,baseline,9,5,2794924,558984.8,10010
bytes_tokio,mixed_multiline_whole,baseline,10,5,2779917,555983.4,10010
bytes_tokio,mixed_multiline_whole,step2,10,7,2927569,418224.14285714284,10010
bytes_tokio,mixed_multiline_whole,original,10,5,2901691,580338.2,10010
bytes_tokio,mixed_multiline_whole,step1,10,5,3177159,635431.8,10010
bytes_tokio,mixed_multiline_whole,core,10,4,3319274,829818.5,10010
bytes_tokio,mixed_multiline_whole,step1,11,5,3398915,679783,10010
bytes_tokio,mixed_multiline_whole,original,11,5,3445527,689105.4,10010
bytes_tokio,mixed_multiline_whole,baseline,11,5,3714454,742890.8,10010
bytes_tokio,mixed_multiline_whole,step2,11,7,3424576,489225.14285714284,10010
bytes_tokio,mixed_multiline_whole,core,11,4,3267305,816826.25,10010
bytes_tokio,mixed_multiline_whole,baseline,12,5,3699621,739924.2,10010
bytes_tokio,mixed_multiline_whole,core,12,4,3393244,848311,10010
bytes_tokio,mixed_multiline_whole,step1,12,5,3465648,693129.6,10010
bytes_tokio,mixed_multiline_whole,original,12,5,3280888,656177.6,10010
bytes_tokio,mixed_multiline_whole,step2,12,7,3630362,518623.14285714284,10010
bytes_tokio,mixed_multiline_whole,baseline,13,5,4077261,815452.2,10010
bytes_tokio,mixed_multiline_whole,core,13,4,3283927,820981.75,10010
bytes_tokio,mixed_multiline_whole,step2,13,7,3570637,510091,10010
bytes_tokio,mixed_multiline_whole,original,13,5,3995326,799065.2,10010
bytes_tokio,mixed_multiline_whole,step1,13,5,3934781,786956.2,10010
bytes_tokio,mixed_multiline_whole,baseline,14,5,3271793,654358.6,10010
bytes_tokio,mixed_multiline_whole,original,14,5,3480156,696031.2,10010
bytes_tokio,mixed_multiline_whole,core,14,4,3510591,877647.75,10010
bytes_tokio,mixed_multiline_whole,step2,14,7,3506680,500954.28571428574,10010
bytes_tokio,mixed_multiline_whole,step1,14,5,3767867,753573.4,10010
bytes_tokio,mixed_multiline_whole,baseline,15,5,3532798,706559.6,10010
bytes_tokio,mixed_multiline_whole,step1,15,5,3445075,689015,10010
bytes_tokio,mixed_multiline_whole,original,15,5,3205950,641190,10010
bytes_tokio,mixed_multiline_whole,core,15,4,2953449,738362.25,10010
bytes_tokio,mixed_multiline_whole,step2,15,7,3574083,510583.28571428574,10010
bytes_tokio,mixed_multiline_whole,original,16,5,3162679,632535.8,10010
bytes_tokio,mixed_multiline_whole,baseline,16,5,3364873,672974.6,10010
bytes_tokio,mixed_multiline_whole,core,16,4,2545956,636489,10010
bytes_tokio,mixed_multiline_whole,step2,16,7,3024202,432028.85714285716,10010
bytes_tokio,mixed_multiline_whole,step1,16,5,2933004,586600.8,10010
bytes_tokio,mixed_multiline_whole,baseline,17,5,2784911,556982.2,10010
bytes_tokio,mixed_multiline_whole,original,17,5,2847249,569449.8,10010
bytes_tokio,mixed_multiline_whole,step1,17,5,2844399,568879.8,10010
bytes_tokio,mixed_multiline_whole,core,17,4,2463061,615765.25,10010
bytes_tokio,mixed_multiline_whole,step2,17,7,2988616,426945.14285714284,10010
bytes_tokio,mixed_multiline_whole,baseline,18,5,2811305,562261,10010
bytes_tokio,mixed_multiline_whole,original,18,5,2815329,563065.8,10010
bytes_tokio,mixed_multiline_whole,core,18,4,2859323,714830.75,10010
bytes_tokio,mixed_multiline_whole,step1,18,5,3375394,675078.8,10010
bytes_tokio,mixed_multiline_whole,step2,18,7,3014489,430641.28571428574,10010
bytes_tokio,mixed_multiline_whole,step1,19,5,2879588,575917.6,10010
bytes_tokio,mixed_multiline_whole,baseline,19,5,2854626,570925.2,10010
bytes_tokio,mixed_multiline_whole,original,19,5,2816544,563308.8,10010
bytes_tokio,mixed_multiline_whole,step2,19,7,2939192,419884.5714285714,10010
bytes_tokio,mixed_multiline_whole,core,19,4,2493712,623428,10010
bytes_tokio,mixed_multiline_whole,core,20,4,2598569,649642.25,10010
bytes_tokio,mixed_multiline_whole,baseline,20,5,3028353,605670.6,10010
bytes_tokio,mixed_multiline_whole,step1,20,5,2880966,576193.2,10010
bytes_tokio,mixed_multiline_whole,step2,20,7,2943789,420541.28571428574,10010
bytes_tokio,mixed_multiline_whole,original,20,5,2802447,560489.4,10010
bytes_tokio,mixed_multiline_whole,baseline,21,5,2833392,566678.4,10010
bytes_tokio,mixed_multiline_whole,original,21,5,2847544,569508.8,10010
bytes_tokio,mixed_multiline_whole,step1,21,5,2778655,555731,10010
bytes_tokio,mixed_multiline_whole,step2,21,7,2933705,419100.71428571426,10010
bytes_tokio,mixed_multiline_whole,core,21,4,2458323,614580.75,10010
bytes_tokio,mixed_multiline_whole,step2,22,7,2926931,418133,10010
bytes_tokio,mixed_multiline_whole,step1,22,5,2788086,557617.2,10010
bytes_tokio,mixed_multiline_whole,baseline,22,5,2783269,556653.8,10010
bytes_tokio,mixed_multiline_whole,core,22,4,2443768,610942,10010
bytes_tokio,mixed_multiline_whole,original,22,5,2819066,563813.2,10010
bytes_tokio,mixed_multiline_whole,baseline,23,5,2803840,560768,10010
bytes_tokio,mixed_multiline_whole,step2,23,7,2931491,418784.4285714286,10010
bytes_tokio,mixed_multiline_whole,core,23,4,2449243,612310.75,10010
bytes_tokio,mixed_multiline_whole,original,23,5,2816514,563302.8,10010
bytes_tokio,mixed_multiline_whole,step1,23,5,2784978,556995.6,10010
bytes_tokio,mixed_multiline_whole,step2,24,7,2945179,420739.85714285716,10010
bytes_tokio,mixed_multiline_whole,baseline,24,5,2800226,560045.2,10010
bytes_tokio,mixed_multiline_whole,step1,24,5,2745304,549060.8,10010
bytes_tokio,mixed_multiline_whole,original,24,5,3145526,629105.2,10010
bytes_tokio,mixed_multiline_whole,core,24,4,2564572,641143,10010
bytes_tokio,mixed_multiline_whole,step1,25,5,3162963,632592.6,10010
bytes_tokio,mixed_multiline_whole,original,25,5,2804187,560837.4,10010
bytes_tokio,mixed_multiline_whole,baseline,25,5,2832007,566401.4,10010
bytes_tokio,mixed_multiline_whole,core,25,4,2528295,632073.75,10010
bytes_tokio,mixed_multiline_whole,step2,25,7,3014263,430609,10010
bytes_tokio,mixed_multiline_whole,baseline,26,5,2839118,567823.6,10010
bytes_tokio,mixed_multiline_whole,original,26,5,2808472,561694.4,10010
bytes_tokio,mixed_multiline_whole,step1,26,5,2757468,551493.6,10010
bytes_tokio,mixed_multiline_whole,core,26,4,2473160,618290,10010
bytes_tokio,mixed_multiline_whole,step2,26,7,2954005,422000.71428571426,10010
bytes_tokio,mixed_multiline_whole,original,27,5,2810428,562085.6,10010
bytes_tokio,mixed_multiline_whole,core,27,4,2463885,615971.25,10010
bytes_tokio,mixed_multiline_whole,baseline,27,5,2797090,559418,10010
bytes_tokio,mixed_multiline_whole,step1,27,5,2807478,561495.6,10010
bytes_tokio,mixed_multiline_whole,step2,27,7,2927930,418275.71428571426,10010
bytes_tokio,mixed_multiline_whole,step2,28,7,2916612,416658.85714285716,10010
bytes_tokio,mixed_multiline_whole,core,28,4,2545304,636326,10010
bytes_tokio,mixed_multiline_whole,baseline,28,5,2830126,566025.2,10010
bytes_tokio,mixed_multiline_whole,step1,28,5,2843331,568666.2,10010
bytes_tokio,mixed_multiline_whole,original,28,5,2830967,566193.4,10010
bytes_tokio,mixed_multiline_whole,original,29,5,2804521,560904.2,10010
bytes_tokio,mixed_multiline_whole,step1,29,5,2820249,564049.8,10010
bytes_tokio,mixed_multiline_whole,core,29,4,2459728,614932,10010
bytes_tokio,mixed_multiline_whole,baseline,29,5,2824919,564983.8,10010
bytes_tokio,mixed_multiline_whole,step2,29,7,2958602,422657.4285714286,10010
bytes_tokio,mixed_multiline_whole,step2,30,7,2927735,418247.85714285716,10010
bytes_tokio,mixed_multiline_whole,baseline,30,5,2784047,556809.4,10010
bytes_tokio,mixed_multiline_whole,core,30,4,2492363,623090.75,10010
bytes_tokio,mixed_multiline_whole,step1,30,5,2741089,548217.8,10010
bytes_tokio,mixed_multiline_whole,original,30,5,2850839,570167.8,10010
bytes_tokio,alternating_sizes_tcp,step2,0,20,2806555,140327.75,128
bytes_tokio,alternating_sizes_tcp,step1,0,20,2900716,145035.8,128
bytes_tokio,alternating_sizes_tcp,baseline,0,18,2892570,160698.33333333334,128
bytes_tokio,alternating_sizes_tcp,original,0,16,2569789,160611.8125,128
bytes_tokio,alternating_sizes_tcp,core,0,23,3058789,132990.8260869565,128
bytes_tokio,alternating_sizes_tcp,step1,1,20,2890849,144542.45,128
bytes_tokio,alternating_sizes_tcp,baseline,1,18,2878938,159941,128
bytes_tokio,alternating_sizes_tcp,step2,1,20,2772466,138623.3,128
bytes_tokio,alternating_sizes_tcp,core,1,23,2991467,130063.78260869565,128
bytes_tokio,alternating_sizes_tcp,original,1,16,2535133,158445.8125,128
bytes_tokio,alternating_sizes_tcp,core,2,23,2992628,130114.26086956522,128
bytes_tokio,alternating_sizes_tcp,step2,2,20,2778003,138900.15,128
bytes_tokio,alternating_sizes_tcp,baseline,2,18,2873958,159664.33333333334,128
bytes_tokio,alternating_sizes_tcp,original,2,16,2531182,158198.875,128
bytes_tokio,alternating_sizes_tcp,step1,2,20,2863296,143164.8,128
bytes_tokio,alternating_sizes_tcp,original,3,16,2523165,157697.8125,128
bytes_tokio,alternating_sizes_tcp,step1,3,20,2876039,143801.95,128
bytes_tokio,alternating_sizes_tcp,core,3,23,3082837,134036.39130434784,128
bytes_tokio,alternating_sizes_tcp,step2,3,20,2814862,140743.1,128
bytes_tokio,alternating_sizes_tcp,baseline,3,18,2905814,161434.11111111112,128
bytes_tokio,alternating_sizes_tcp,baseline,4,18,3013216,167400.88888888888,128
bytes_tokio,alternating_sizes_tcp,step2,4,20,2842909,142145.45,128
bytes_tokio,alternating_sizes_tcp,original,4,16,2605174,162823.375,128
bytes_tokio,alternating_sizes_tcp,core,4,23,3113659,135376.47826086957,128
bytes_tokio,alternating_sizes_tcp,step1,4,20,2914056,145702.8,128
bytes_tokio,alternating_sizes_tcp,original,5,16,2555115,159694.6875,128
bytes_tokio,alternating_sizes_tcp,step2,5,20,2789037,139451.85,128
bytes_tokio,alternating_sizes_tcp,baseline,5,18,2897439,160968.83333333334,128
bytes_tokio,alternating_sizes_tcp,core,5,23,3024236,131488.52173913043,128
bytes_tokio,alternating_sizes_tcp,step1,5,20,2885111,144255.55,128
bytes_tokio,alternating_sizes_tcp,baseline,6,18,2883577,160198.72222222222,128
bytes_tokio,alternating_sizes_tcp,original,6,16,2551855,159490.9375,128
bytes_tokio,alternating_sizes_tcp,step1,6,20,2862631,143131.55,128
bytes_tokio,alternating_sizes_tcp,step2,6,20,2761855,138092.75,128
bytes_tokio,alternating_sizes_tcp,core,6,23,3063895,133212.8260869565,128
bytes_tokio,alternating_sizes_tcp,core,7,23,3084101,134091.34782608695,128
bytes_tokio,alternating_sizes_tcp,original,7,16,2537623,158601.4375,128
bytes_tokio,alternating_sizes_tcp,baseline,7,18,2996170,166453.88888888888,128
bytes_tokio,alternating_sizes_tcp,step2,7,20,2825535,141276.75,128
bytes_tokio,alternating_sizes_tcp,step1,7,20,2940127,147006.35,128
bytes_tokio,alternating_sizes_tcp,step1,8,20,2948446,147422.3,128
bytes_tokio,alternating_sizes_tcp,step2,8,20,2824234,141211.7,128
bytes_tokio,alternating_sizes_tcp,original,8,16,2658099,166131.1875,128
bytes_tokio,alternating_sizes_tcp,core,8,23,3067260,133359.13043478262,128
bytes_tokio,alternating_sizes_tcp,baseline,8,18,2938711,163261.72222222222,128
bytes_tokio,alternating_sizes_tcp,step1,9,20,2945018,147250.9,128
bytes_tokio,alternating_sizes_tcp,original,9,16,2626619,164163.6875,128
bytes_tokio,alternating_sizes_tcp,step2,9,20,2828846,141442.3,128
bytes_tokio,alternating_sizes_tcp,core,9,23,2995258,130228.60869565218,128
bytes_tokio,alternating_sizes_tcp,baseline,9,18,2893837,160768.72222222222,128
bytes_tokio,alternating_sizes_tcp,baseline,10,18,2887831,160435.05555555556,128
bytes_tokio,alternating_sizes_tcp,step2,10,20,2821226,141061.3,128
bytes_tokio,alternating_sizes_tcp,original,10,16,2569160,160572.5,128
bytes_tokio,alternating_sizes_tcp,step1,10,20,2919161,145958.05,128
bytes_tokio,alternating_sizes_tcp,core,10,23,2997326,130318.52173913043,128
bytes_tokio,alternating_sizes_tcp,step1,11,20,2911003,145550.15,128
bytes_tokio,alternating_sizes_tcp,original,11,16,2614639,163414.9375,128
bytes_tokio,alternating_sizes_tcp,baseline,11,18,2911304,161739.11111111112,128
bytes_tokio,alternating_sizes_tcp,step2,11,20,2803267,140163.35,128
bytes_tokio,alternating_sizes_tcp,core,11,23,2990033,130001.43478260869,128
bytes_tokio,alternating_sizes_tcp,baseline,12,18,2884087,160227.05555555556,128
bytes_tokio,alternating_sizes_tcp,core,12,23,2989432,129975.30434782608,128
bytes_tokio,alternating_sizes_tcp,step1,12,20,2864319,143215.95,128
bytes_tokio,alternating_sizes_tcp,original,12,16,2529925,158120.3125,128
bytes_tokio,alternating_sizes_tcp,step2,12,20,2768800,138440,128
bytes_tokio,alternating_sizes_tcp,baseline,13,18,2875796,159766.44444444444,128
bytes_tokio,alternating_sizes_tcp,core,13,23,2980349,129580.39130434782,128
bytes_tokio,alternating_sizes_tcp,step2,13,20,2750926,137546.3,128
bytes_tokio,alternating_sizes_tcp,original,13,16,2526695,157918.4375,128
bytes_tokio,alternating_sizes_tcp,step1,13,20,2896308,144815.4,128
bytes_tokio,alternating_sizes_tcp,baseline,14,18,2916788,162043.77777777778,128
bytes_tokio,alternating_sizes_tcp,original,14,16,2549639,159352.4375,128
bytes_tokio,alternating_sizes_tcp,core,14,23,3066964,133346.26086956522,128
bytes_tokio,alternating_sizes_tcp,step2,14,20,2795222,139761.1,128
bytes_tokio,alternating_sizes_tcp,step1,14,20,2878328,143916.4,128
bytes_tokio,alternating_sizes_tcp,baseline,15,18,2900558,161142.11111111112,128
bytes_tokio,alternating_sizes_tcp,step1,15,20,2871278,143563.9,128
bytes_tokio,alternating_sizes_tcp,original,15,16,2565410,160338.125,128
bytes_tokio,alternating_sizes_tcp,core,15,23,2980199,129573.86956521739,128
bytes_tokio,alternating_sizes_tcp,step2,15,20,2784620,139231,128
bytes_tokio,alternating_sizes_tcp,original,16,16,2566555,160409.6875,128
bytes_tokio,alternating_sizes_tcp,baseline,16,18,2883361,160186.72222222222,128
bytes_tokio,alternating_sizes_tcp,core,16,23,3057572,132937.91304347827,128
bytes_tokio,alternating_sizes_tcp,step2,16,20,2810026,140501.3,128
bytes_tokio,alternating_sizes_tcp,step1,16,20,2903925,145196.25,128
bytes_tokio,alternating_sizes_tcp,baseline,17,18,2922119,162339.94444444444,128
bytes_tokio,alternating_sizes_tcp,original,17,16,2538948,158684.25,128
bytes_tokio,alternating_sizes_tcp,step1,17,20,2976321,148816.05,128
bytes_tokio,alternating_sizes_tcp,core,17,23,3025100,131526.08695652173,128
bytes_tokio,alternating_sizes_tcp,step2,17,20,2762264,138113.2,128
bytes_tokio,alternating_sizes_tcp,baseline,18,18,2891986,160665.88888888888,128
bytes_tokio,alternating_sizes_tcp,original,18,16,2547918,159244.875,128
bytes_tokio,alternating_sizes_tcp,core,18,23,3036813,132035.34782608695,128
bytes_tokio,alternating_sizes_tcp,step1,18,20,2885130,144256.5,128
bytes_tokio,alternating_sizes_tcp,step2,18,20,2822814,141140.7,128
bytes_tokio,alternating_sizes_tcp,step1,19,20,2882309,144115.45,128
bytes_tokio,alternating_sizes_tcp,baseline,19,18,2876080,159782.22222222222,128
bytes_tokio,alternating_sizes_tcp,original,19,16,2526789,157924.3125,128
bytes_tokio,alternating_sizes_tcp,step2,19,20,2759831,137991.55,128
bytes_tokio,alternating_sizes_tcp,core,19,23,3003416,130583.30434782608,128
bytes_tokio,alternating_sizes_tcp,core,20,23,2991144,130049.73913043478,128
bytes_tokio,alternating_sizes_tcp,baseline,20,18,2875684,159760.22222222222,128
bytes_tokio,alternating_sizes_tcp,step1,20,20,2858195,142909.75,128
bytes_tokio,alternating_sizes_tcp,step2,20,20,2758092,137904.6,128
bytes_tokio,alternating_sizes_tcp,original,20,16,2560034,160002.125,128
bytes_tokio,alternating_sizes_tcp,baseline,21,18,2919521,162195.61111111112,128
bytes_tokio,alternating_sizes_tcp,original,21,16,2590439,161902.4375,128
bytes_tokio,alternating_sizes_tcp,step1,21,20,2913711,145685.55,128
bytes_tokio,alternating_sizes_tcp,step2,21,20,2791103,139555.15,128
bytes_tokio,alternating_sizes_tcp,core,21,23,3046575,132459.78260869565,128
bytes_tokio,alternating_sizes_tcp,step2,22,20,2819228,140961.4,128
bytes_tokio,alternating_sizes_tcp,step1,22,20,3035073,151753.65,128
bytes_tokio,alternating_sizes_tcp,baseline,22,18,2927722,162651.22222222222,128
bytes_tokio,alternating_sizes_tcp,core,22,23,3126075,135916.30434782608,128
bytes_tokio,alternating_sizes_tcp,original,22,16,2653800,165862.5,128
bytes_tokio,alternating_sizes_tcp,baseline,23,18,3088102,171561.22222222222,128
bytes_tokio,alternating_sizes_tcp,step2,23,20,2893653,144682.65,128
bytes_tokio,alternating_sizes_tcp,core,23,23,3086525,134196.73913043478,128
bytes_tokio,alternating_sizes_tcp,original,23,16,2549010,159313.125,128
bytes_tokio,alternating_sizes_tcp,step1,23,20,3056432,152821.6,128
bytes_tokio,alternating_sizes_tcp,step2,24,20,2966184,148309.2,128
bytes_tokio,alternating_sizes_tcp,baseline,24,18,3105300,172516.66666666666,128
bytes_tokio,alternating_sizes_tcp,step1,24,20,3079147,153957.35,128
bytes_tokio,alternating_sizes_tcp,original,24,16,3019439,188714.9375,128
bytes_tokio,alternating_sizes_tcp,core,24,23,3077522,133805.30434782608,128
bytes_tokio,alternating_sizes_tcp,step1,25,20,2902059,145102.95,128
bytes_tokio,alternating_sizes_tcp,original,25,16,2595842,162240.125,128
bytes_tokio,alternating_sizes_tcp,baseline,25,18,2898300,161016.66666666666,128
bytes_tokio,alternating_sizes_tcp,core,25,23,3037072,132046.60869565216,128
bytes_tokio,alternating_sizes_tcp,step2,25,20,2773872,138693.6,128
bytes_tokio,alternating_sizes_tcp,baseline,26,18,2918071,162115.05555555556,128
bytes_tokio,alternating_sizes_tcp,original,26,16,2542407,158900.4375,128
bytes_tokio,alternating_sizes_tcp,step1,26,20,2873593,143679.65,128
bytes_tokio,alternating_sizes_tcp,core,26,23,3002885,130560.21739130435,128
bytes_tokio,alternating_sizes_tcp,step2,26,20,2775778,138788.9,128
bytes_tokio,alternating_sizes_tcp,original,27,16,2528022,158001.375,128
bytes_tokio,alternating_sizes_tcp,core,27,23,2982044,129654.08695652174,128
bytes_tokio,alternating_sizes_tcp,baseline,27,18,2887797,160433.16666666666,128
bytes_tokio,alternating_sizes_tcp,step1,27,20,2864974,143248.7,128
bytes_tokio,alternating_sizes_tcp,step2,27,20,2763698,138184.9,128
bytes_tokio,alternating_sizes_tcp,step2,28,20,2759565,137978.25,128
bytes_tokio,alternating_sizes_tcp,core,28,23,2981002,129608.78260869565,128
bytes_tokio,alternating_sizes_tcp,baseline,28,18,2879727,159984.83333333334,128
bytes_tokio,alternating_sizes_tcp,step1,28,20,2867626,143381.3,128
bytes_tokio,alternating_sizes_tcp,original,28,16,2528478,158029.875,128
bytes_tokio,alternating_sizes_tcp,original,29,16,2528335,158020.9375,128
bytes_tokio,alternating_sizes_tcp,step1,29,20,2864192,143209.6,128
bytes_tokio,alternating_sizes_tcp,core,29,23,2981193,129617.08695652174,128
bytes_tokio,alternating_sizes_tcp,baseline,29,18,2872649,159591.61111111112,128
bytes_tokio,alternating_sizes_tcp,step2,29,20,2754954,137747.7,128
bytes_tokio,alternating_sizes_tcp,step2,30,20,2754585,137729.25,128
bytes_tokio,alternating_sizes_tcp,baseline,30,18,2909117,161617.61111111112,128
bytes_tokio,alternating_sizes_tcp,core,30,23,3097129,134657.78260869565,128
bytes_tokio,alternating_sizes_tcp,step1,30,20,2892409,144620.45,128
bytes_tokio,alternating_sizes_tcp,original,30,16,2559805,159987.8125,128
bytes_tokio,varied_sizes_tcp,step2,0,83,2907546,35030.67469879518,64
bytes_tokio,varied_sizes_tcp,step1,0,87,2923309,33601.252873563215,64
bytes_tokio,varied_sizes_tcp,baseline,0,79,2952594,37374.60759493671,64
bytes_tokio,varied_sizes_tcp,original,0,79,2989073,37836.36708860759,64
bytes_tokio,varied_sizes_tcp,core,0,95,2914408,30677.97894736842,64
bytes_tokio,varied_sizes_tcp,step1,1,87,2938163,33771.988505747126,64
bytes_tokio,varied_sizes_tcp,baseline,1,79,2998993,37961.93670886076,64
bytes_tokio,varied_sizes_tcp,step2,1,83,2891234,34834.14457831325,64
bytes_tokio,varied_sizes_tcp,core,1,95,2891626,30438.168421052633,64
bytes_tokio,varied_sizes_tcp,original,1,79,2944696,37274.63291139241,64
bytes_tokio,varied_sizes_tcp,core,2,95,2903527,30563.44210526316,64
bytes_tokio,varied_sizes_tcp,step2,2,83,2884585,34754.03614457831,64
bytes_tokio,varied_sizes_tcp,baseline,2,79,2935515,37158.417721518985,64
bytes_tokio,varied_sizes_tcp,original,2,79,2953798,37389.84810126582,64
bytes_tokio,varied_sizes_tcp,step1,2,87,2955185,33967.64367816092,64
bytes_tokio,varied_sizes_tcp,original,3,79,2927891,37061.91139240506,64
bytes_tokio,varied_sizes_tcp,step1,3,87,2916268,33520.32183908046,64
bytes_tokio,varied_sizes_tcp,core,3,95,2881807,30334.81052631579,64
bytes_tokio,varied_sizes_tcp,step2,3,83,2889400,34812.048192771086,64
bytes_tokio,varied_sizes_tcp,baseline,3,79,2937640,37185.3164556962,64
bytes_tokio,varied_sizes_tcp,baseline,4,79,2940422,37220.53164556962,64
bytes_tokio,varied_sizes_tcp,step2,4,83,2934586,35356.4578313253,64
bytes_tokio,varied_sizes_tcp,original,4,79,2947150,37305.696202531646,64
bytes_tokio,varied_sizes_tcp,core,4,95,2884525,30363.42105263158,64
bytes_tokio,varied_sizes_tcp,step1,4,87,2917389,33533.206896551725,64
bytes_tokio,varied_sizes_tcp,original,5,79,2955732,37414.329113924054,64
bytes_tokio,varied_sizes_tcp,step2,5,83,2888996,34807.180722891564,64
bytes_tokio,varied_sizes_tcp,baseline,5,79,2941974,37240.17721518988,64
bytes_tokio,varied_sizes_tcp,core,5,95,2878900,30304.21052631579,64
bytes_tokio,varied_sizes_tcp,step1,5,87,2909727,33445.137931034486,64
bytes_tokio,varied_sizes_tcp,baseline,6,79,2933574,37133.84810126582,64
bytes_tokio,varied_sizes_tcp,original,6,79,2938203,37192.443037974685,64
bytes_tokio,varied_sizes_tcp,step1,6,87,2915146,33507.425287356324,64
bytes_tokio,varied_sizes_tcp,step2,6,83,2879910,34697.7108433735,64
bytes_tokio,varied_sizes_tcp,core,6,95,2888508,30405.34736842105,64
bytes_tokio,varied_sizes_tcp,core,7,95,2923271,30771.273684210526,64
bytes_tokio,varied_sizes_tcp,original,7,79,2941842,37238.50632911392,64
bytes_tokio,varied_sizes_tcp,baseline,7,79,2956696,37426.53164556962,64
bytes_tokio,varied_sizes_tcp,step2,7,83,2909310,35051.927710843374,64
bytes_tokio,varied_sizes_tcp,step1,7,87,2930404,33682.80459770115,64
bytes_tokio,varied_sizes_tcp,step1,8,87,2960268,34026.06896551724,64
bytes_tokio,varied_sizes_tcp,step2,8,83,2897999,34915.65060240964,64
bytes_tokio,varied_sizes_tcp,original,8,79,2940314,37219.16455696202,64
bytes_tokio,varied_sizes_tcp,core,8,95,2897967,30504.915789473685,64
bytes_tokio,varied_sizes_tcp,baseline,8,79,2947529,37310.49367088608,64
bytes_tokio,varied_sizes_tcp,step1,9,87,2914295,33497.64367816092,64
bytes_tokio,varied_sizes_tcp,original,9,79,2929320,37080,64
bytes_tokio,varied_sizes_tcp,step2,9,83,2898100,34916.867469879515,64
bytes_tokio,varied_sizes_tcp,core,9,95,2896222,30486.547368421052,64
bytes_tokio,varied_sizes_tcp,baseline,9,79,2943412,37258.379746835446,64
bytes_tokio,varied_sizes_tcp,baseline,10,79,2940329,37219.354430379746,64
bytes_tokio,varied_sizes_tcp,step2,10,83,2896829,34901.55421686747,64
bytes_tokio,varied_sizes_tcp,original,10,79,2942122,37242.05063291139,64
bytes_tokio,varied_sizes_tcp,step1,10,87,2913852,33492.55172413793,64
bytes_tokio,varied_sizes_tcp,core,10,95,2963675,31196.57894736842,64
bytes_tokio,varied_sizes_tcp,step1,11,87,2982532,34281.97701149425,64
bytes_tokio,varied_sizes_tcp,original,11,79,2934927,37150.9746835443,64
bytes_tokio,varied_sizes_tcp,baseline,11,79,2964350,37523.417721518985,64
bytes_tokio,varied_sizes_tcp,step2,11,83,2964976,35722.60240963855,64
bytes_tokio,varied_sizes_tcp,core,11,95,2942292,30971.494736842105,64
bytes_tokio,varied_sizes_tcp,baseline,12,79,2950223,37344.59493670886,64
bytes_tokio,varied_sizes_tcp,core,12,95,2873569,30248.094736842104,64
bytes_tokio,varied_sizes_tcp,step1,12,87,2918775,33549.137931034486,64
bytes_tokio,varied_sizes_tcp,original,12,79,2960321,37472.417721518985,64
bytes_tokio,varied_sizes_tcp,step2,12,83,2884823,34756.903614457835,64
bytes_tokio,varied_sizes_tcp,baseline,13,79,2950153,37343.70886075949,64
bytes_tokio,varied_sizes_tcp,core,13,95,2875618,30269.663157894738,64
bytes_tokio,varied_sizes_tcp,step2,13,83,2884027,34747.31325301205,64
bytes_tokio,varied_sizes_tcp,original,13,79,2927314,37054.60759493671,64
bytes_tokio,varied_sizes_tcp,step1,13,87,2910173,33450.26436781609,64
bytes_tokio,varied_sizes_tcp,baseline,14,79,2952573,37374.3417721519,64
bytes_tokio,varied_sizes_tcp,original,14,79,2947970,37316.07594936709,64
bytes_tokio,varied_sizes_tcp,core,14,95,2891754,30439.515789473684,64
bytes_tokio,varied_sizes_tcp,step2,14,83,2885572,34765.927710843374,64
bytes_tokio,varied_sizes_tcp,step1,14,87,3253045,37391.32183908046,64
bytes_tokio,varied_sizes_tcp,baseline,15,79,3111725,39388.92405063291,64
bytes_tokio,varied_sizes_tcp,step1,15,87,3655426,42016.3908045977,64
bytes_tokio,varied_sizes_tcp,original,15,79,3695829,46782.645569620254,64
bytes_tokio,varied_sizes_tcp,core,15,95,3501613,36859.084210526315,64
bytes_tokio,varied_sizes_tcp,step2,15,83,3442948,41481.301204819276,64
bytes_tokio,varied_sizes_tcp,original,16,79,3546031,44886.46835443038,64
bytes_tokio,varied_sizes_tcp,baseline,16,79,3699343,46827.126582278484,64
bytes_tokio,varied_sizes_tcp,core,16,95,3320410,34951.68421052631,64
bytes_tokio,varied_sizes_tcp,step2,16,83,3250045,39157.1686746988,64
bytes_tokio,varied_sizes_tcp,step1,16,87,3449861,39653.574712643676,64
bytes_tokio,varied_sizes_tcp,baseline,17,79,3538714,44793.84810126582,64
bytes_tokio,varied_sizes_tcp,original,17,79,3634758,46009.59493670886,64
bytes_tokio,varied_sizes_tcp,step1,17,87,3416839,39274.011494252874,64
bytes_tokio,varied_sizes_tcp,core,17,95,3900401,41056.85263157895,64
bytes_tokio,varied_sizes_tcp,step2,17,83,3579947,43131.89156626506,64
bytes_tokio,varied_sizes_tcp,baseline,18,79,3551382,44954.20253164557,64
bytes_tokio,varied_sizes_tcp,original,18,79,3784938,47910.60759493671,64
bytes_tokio,varied_sizes_tcp,core,18,95,3638436,38299.326315789476,64
bytes_tokio,varied_sizes_tcp,step1,18,87,3245112,37300.137931034486,64
bytes_tokio,varied_sizes_tcp,step2,18,83,3712562,44729.66265060241,64
bytes_tokio,varied_sizes_tcp,step1,19,87,3377572,38822.666666666664,64
bytes_tokio,varied_sizes_tcp,baseline,19,79,3652737,46237.17721518988,64
bytes_tokio,varied_sizes_tcp,original,19,79,3872970,49024.93670886076,64
bytes_tokio,varied_sizes_tcp,step2,19,83,3234972,38975.56626506024,64
bytes_tokio,varied_sizes_tcp,core,19,95,3626815,38177,64
bytes_tokio,varied_sizes_tcp,core,20,95,3625514,38163.3052631579,64
bytes_tokio,varied_sizes_tcp,baseline,20,79,3414425,43220.56962025316,64
bytes_tokio,varied_sizes_tcp,step1,20,87,3670365,42188.10344827586,64
bytes_tokio,varied_sizes_tcp,step2,20,83,3298479,39740.7108433735,64
bytes_tokio,varied_sizes_tcp,original,20,79,3300638,41780.22784810127,64
bytes_tokio,varied_sizes_tcp,baseline,21,79,3288558,41627.3164556962,64
bytes_tokio,varied_sizes_tcp,original,21,79,2973957,37645.0253164557,64
bytes_tokio,varied_sizes_tcp,step1,21,87,2914784,33503.26436781609,64
bytes_tokio,varied_sizes_tcp,step2,21,83,2889901,34818.0843373494,64
bytes_tokio,varied_sizes_tcp,core,21,95,2945220,31002.315789473683,64
bytes_tokio,varied_sizes_tcp,step2,22,83,2896393,34896.301204819276,64
bytes_tokio,varied_sizes_tcp,step1,22,87,2927549,33649.988505747126,64
bytes_tokio,varied_sizes_tcp,baseline,22,79,2957461,37436.215189873416,64
bytes_tokio,varied_sizes_tcp,core,22,95,3188789,33566.2,64
bytes_tokio,varied_sizes_tcp,original,22,79,2941746,37237.29113924051,64
bytes_tokio,varied_sizes_tcp,baseline,23,79,2946243,37294.215189873416,64
bytes_tokio,varied_sizes_tcp,step2,23,83,2899965,34939.33734939759,64
bytes_tokio,varied_sizes_tcp,core,23,95,2899345,30519.42105263158,64
bytes_tokio,varied_sizes_tcp,original,23,79,2939457,37208.3164556962,64
bytes_tokio,varied_sizes_tcp,step1,23,87,3215940,36964.8275862069,64
bytes_tokio,varied_sizes_tcp,step2,24,83,2915074,35121.3734939759,64
bytes_tokio,varied_sizes_tcp,baseline,24,79,2947804,37313.9746835443,64
bytes_tokio,varied_sizes_tcp,step1,24,87,2972127,34162.379310344826,64
bytes_tokio,varied_sizes_tcp,original,24,79,2935378,37156.6835443038,64
bytes_tokio,varied_sizes_tcp,core,24,95,2880315,30319.105263157893,64
bytes_tokio,varied_sizes_tcp,step1,25,87,2920665,33570.862068965514,64
bytes_tokio,varied_sizes_tcp,original,25,79,2936349,37168.9746835443,64
bytes_tokio,varied_sizes_tcp,baseline,25,79,2942241,37243.556962025315,64
bytes_tokio,varied_sizes_tcp,core,25,95,2890112,30422.23157894737,64
bytes_tokio,varied_sizes_tcp,step2,25,83,2910289,35063.72289156626,64
bytes_tokio,varied_sizes_tcp,baseline,26,79,2935829,37162.39240506329,64
bytes_tokio,varied_sizes_tcp,original,26,79,2995045,37911.962025316454,64
bytes_tokio,varied_sizes_tcp,step1,26,87,2916103,33518.425287356324,64
bytes_tokio,varied_sizes_tcp,core,26,95,2917691,30712.536842105263,64
bytes_tokio,varied_sizes_tcp,step2,26,83,2902309,34967.57831325301,64
bytes_tokio,varied_sizes_tcp,original,27,79,2931342,37105.59493670886,64
bytes_tokio,varied_sizes_tcp,core,27,95,2868390,30193.57894736842,64
bytes_tokio,varied_sizes_tcp,baseline,27,79,2936013,37164.72151898734,64
bytes_tokio,varied_sizes_tcp,step1,27,87,2929718,33674.91954022989,64
bytes_tokio,varied_sizes_tcp,step2,27,83,2901185,34954.03614457831,64
bytes_tokio,varied_sizes_tcp,step2,28,83,2885826,34768.98795180723,64
bytes_tokio,varied_sizes_tcp,core,28,95,2871307,30224.284210526315,64
bytes_tokio,varied_sizes_tcp,baseline,28,79,3047513,38576.11392405063,64
bytes_tokio,varied_sizes_tcp,step1,28,87,6497868,74688.13793103448,64
bytes_tokio,varied_sizes_tcp,original,28,79,2959063,37456.49367088608,64
bytes_tokio,varied_sizes_tcp,original,29,79,2924127,37014.26582278481,64
bytes_tokio,varied_sizes_tcp,step1,29,87,2910411,33453,64
bytes_tokio,varied_sizes_tcp,core,29,95,2890031,30421.378947368423,64
bytes_tokio,varied_sizes_tcp,baseline,29,79,2947443,37309.40506329114,64
bytes_tokio,varied_sizes_tcp,step2,29,83,2881144,34712.57831325301,64
bytes_tokio,varied_sizes_tcp,step2,30,83,2926030,35253.3734939759,64
bytes_tokio,varied_sizes_tcp,baseline,30,79,2933691,37135.329113924054,64
bytes_tokio,varied_sizes_tcp,core,30,95,2873252,30244.757894736842,64
bytes_tokio,varied_sizes_tcp,step1,30,87,2930486,33683.747126436785,64
bytes_tokio,varied_sizes_tcp,original,30,79,2939602,37210.15189873418,64
bytes_tokio,comment_crlf_tcp,step2,0,7,2955086,422155.14285714284,0
bytes_tokio,comment_crlf_tcp,step1,0,7,2953841,421977.28571428574,0
bytes_tokio,comment_crlf_tcp,baseline,0,7,2953471,421924.4285714286,0
bytes_tokio,comment_crlf_tcp,original,0,7,2962369,423195.5714285714,0
bytes_tokio,comment_crlf_tcp,core,0,2,2017441,1008720.5,0
bytes_tokio,comment_crlf_tcp,step1,1,7,2956165,422309.28571428574,0
bytes_tokio,comment_crlf_tcp,baseline,1,7,2952667,421809.5714285714,0
bytes_tokio,comment_crlf_tcp,step2,1,7,2954930,422132.85714285716,0
bytes_tokio,comment_crlf_tcp,core,1,2,2012701,1006350.5,0
bytes_tokio,comment_crlf_tcp,original,1,7,2954351,422050.14285714284,0
bytes_tokio,comment_crlf_tcp,core,2,2,2023737,1011868.5,0
bytes_tokio,comment_crlf_tcp,step2,2,7,2957608,422515.4285714286,0
bytes_tokio,comment_crlf_tcp,baseline,2,7,2954408,422058.28571428574,0
bytes_tokio,comment_crlf_tcp,original,2,7,2959481,422783,0
bytes_tokio,comment_crlf_tcp,step1,2,7,2967742,423963.14285714284,0
bytes_tokio,comment_crlf_tcp,original,3,7,2956984,422426.28571428574,0
bytes_tokio,comment_crlf_tcp,step1,3,7,2957061,422437.28571428574,0
bytes_tokio,comment_crlf_tcp,core,3,2,2011304,1005652,0
bytes_tokio,comment_crlf_tcp,step2,3,7,2959167,422738.14285714284,0
bytes_tokio,comment_crlf_tcp,baseline,3,7,2951819,421688.4285714286,0
bytes_tokio,comment_crlf_tcp,baseline,4,7,2961521,423074.4285714286,0
bytes_tokio,comment_crlf_tcp,step2,4,7,2953465,421923.5714285714,0
bytes_tokio,comment_crlf_tcp,original,4,7,2959244,422749.14285714284,0
bytes_tokio,comment_crlf_tcp,core,4,2,2010246,1005123,0
bytes_tokio,comment_crlf_tcp,step1,4,7,2957551,422507.28571428574,0
bytes_tokio,comment_crlf_tcp,original,5,7,2953506,421929.4285714286,0
bytes_tokio,comment_crlf_tcp,step2,5,7,2955253,422179,0
bytes_tokio,comment_crlf_tcp,baseline,5,7,2954695,422099.28571428574,0
bytes_tokio,comment_crlf_tcp,core,5,2,2016569,1008284.5,0
bytes_tokio,comment_crlf_tcp,step1,5,7,2954182,422026,0
bytes_tokio,comment_crlf_tcp,baseline,6,7,2953063,421866.14285714284,0
bytes_tokio,comment_crlf_tcp,original,6,7,2952196,421742.28571428574,0
bytes_tokio,comment_crlf_tcp,step1,6,7,2956107,422301,0
bytes_tokio,comment_crlf_tcp,step2,6,7,2955509,422215.5714285714,0
bytes_tokio,comment_crlf_tcp,core,6,2,2016425,1008212.5,0
bytes_tokio,comment_crlf_tcp,core,7,2,2021888,1010944,0
bytes_tokio,comment_crlf_tcp,original,7,7,2953405,421915,0
bytes_tokio,comment_crlf_tcp,baseline,7,7,2962928,423275.4285714286,0
bytes_tokio,comment_crlf_tcp,step2,7,7,2953776,421968,0
bytes_tokio,comment_crlf_tcp,step1,7,7,2968723,424103.28571428574,0
bytes_tokio,comment_crlf_tcp,step1,8,7,2971224,424460.5714285714,0
bytes_tokio,comment_crlf_tcp,step2,8,7,2955360,422194.28571428574,0
bytes_tokio,comment_crlf_tcp,original,8,7,2960643,422949,0
bytes_tokio,comment_crlf_tcp,core,8,2,2012798,1006399,0
bytes_tokio,comment_crlf_tcp,baseline,8,7,2953775,421967.85714285716,0
bytes_tokio,comment_crlf_tcp,step1,9,7,2954046,422006.5714285714,0
bytes_tokio,comment_crlf_tcp,original,9,7,2967243,423891.85714285716,0
bytes_tokio,comment_crlf_tcp,step2,9,7,2957209,422458.4285714286,0
bytes_tokio,comment_crlf_tcp,core,9,2,2010123,1005061.5,0
bytes_tokio,comment_crlf_tcp,baseline,9,7,2952627,421803.85714285716,0
bytes_tokio,comment_crlf_tcp,baseline,10,7,2952000,421714.28571428574,0
bytes_tokio,comment_crlf_tcp,step2,10,7,2954476,422068,0
bytes_tokio,comment_crlf_tcp,original,10,7,2955989,422284.14285714284,0
bytes_tokio,comment_crlf_tcp,step1,10,7,2954128,422018.28571428574,0
bytes_tokio,comment_crlf_tcp,core,10,2,2013551,1006775.5,0
bytes_tokio,comment_crlf_tcp,step1,11,7,2953826,421975.14285714284,0
bytes_tokio,comment_crlf_tcp,original,11,7,2963978,423425.4285714286,0
bytes_tokio,comment_crlf_tcp,baseline,11,7,2954819,422117,0
bytes_tokio,comment_crlf_tcp,step2,11,7,2959880,422840,0
bytes_tokio,comment_crlf_tcp,core,11,2,2014708,1007354,0
bytes_tokio,comment_crlf_tcp,baseline,12,7,2953619,421945.5714285714,0
bytes_tokio,comment_crlf_tcp,core,12,2,2015429,1007714.5,0
bytes_tokio,comment_crlf_tcp,step1,12,7,2955780,422254.28571428574,0
bytes_tokio,comment_crlf_tcp,original,12,7,2957235,422462.14285714284,0
bytes_tokio,comment_crlf_tcp,step2,12,7,2957808,422544,0
bytes_tokio,comment_crlf_tcp,baseline,13,7,2951968,421709.71428571426,0
bytes_tokio,comment_crlf_tcp,core,13,2,2007937,1003968.5,0
bytes_tokio,comment_crlf_tcp,step2,13,7,2966930,423847.14285714284,0
bytes_tokio,comment_crlf_tcp,original,13,7,2952685,421812.14285714284,0
bytes_tokio,comment_crlf_tcp,step1,13,7,2951568,421652.5714285714,0
bytes_tokio,comment_crlf_tcp,baseline,14,7,2954981,422140.14285714284,0
bytes_tokio,comment_crlf_tcp,original,14,7,2952899,421842.71428571426,0
bytes_tokio,comment_crlf_tcp,core,14,2,2010471,1005235.5,0
bytes_tokio,comment_crlf_tcp,step2,14,7,2954146,422020.85714285716,0
bytes_tokio,comment_crlf_tcp,step1,14,7,2953460,421922.85714285716,0
bytes_tokio,comment_crlf_tcp,baseline,15,7,2958277,422611,0
bytes_tokio,comment_crlf_tcp,step1,15,7,2956871,422410.14285714284,0
bytes_tokio,comment_crlf_tcp,original,15,7,2954580,422082.85714285716,0
bytes_tokio,comment_crlf_tcp,core,15,2,2010306,1005153,0
bytes_tokio,comment_crlf_tcp,step2,15,7,2953295,421899.28571428574,0
bytes_tokio,comment_crlf_tcp,original,16,7,2954643,422091.85714285716,0
bytes_tokio,comment_crlf_tcp,baseline,16,7,2955342,422191.71428571426,0
bytes_tokio,comment_crlf_tcp,core,16,2,2017788,1008894,0
bytes_tokio,comment_crlf_tcp,step2,16,7,2956781,422397.28571428574,0
bytes_tokio,comment_crlf_tcp,step1,16,7,2957137,422448.14285714284,0
bytes_tokio,comment_crlf_tcp,baseline,17,7,2953376,421910.85714285716,0
bytes_tokio,comment_crlf_tcp,original,17,7,2953085,421869.28571428574,0
bytes_tokio,comment_crlf_tcp,step1,17,7,2954354,422050.5714285714,0
bytes_tokio,comment_crlf_tcp,core,17,2,2019744,1009872,0
bytes_tokio,comment_crlf_tcp,step2,17,7,2953894,421984.85714285716,0
bytes_tokio,comment_crlf_tcp,baseline,18,7,2969160,424165.71428571426,0
bytes_tokio,comment_crlf_tcp,original,18,7,2952749,421821.28571428574,0
bytes_tokio,comment_crlf_tcp,core,18,2,2009784,1004892,0
bytes_tokio,comment_crlf_tcp,step1,18,7,2953425,421917.85714285716,0
bytes_tokio,comment_crlf_tcp,step2,18,7,2961188,423026.85714285716,0
bytes_tokio,comment_crlf_tcp,step1,19,7,2952737,421819.5714285714,0
bytes_tokio,comment_crlf_tcp,baseline,19,7,2953158,421879.71428571426,0
bytes_tokio,comment_crlf_tcp,original,19,7,2954214,422030.5714285714,0
bytes_tokio,comment_crlf_tcp,step2,19,7,2953725,421960.71428571426,0
bytes_tokio,comment_crlf_tcp,core,19,2,2016752,1008376,0
bytes_tokio,comment_crlf_tcp,core,20,2,2018728,1009364,0
bytes_tokio,comment_crlf_tcp,baseline,20,7,2955559,422222.71428571426,0
bytes_tokio,comment_crlf_tcp,step1,20,7,2955051,422150.14285714284,0
bytes_tokio,comment_crlf_tcp,step2,20,7,2956619,422374.14285714284,0
bytes_tokio,comment_crlf_tcp,original,20,7,2952344,421763.4285714286,0
bytes_tokio,comment_crlf_tcp,baseline,21,7,2954117,422016.71428571426,0
bytes_tokio,comment_crlf_tcp,original,21,7,2961788,423112.5714285714,0
bytes_tokio,comment_crlf_tcp,step1,21,7,2952707,421815.28571428574,0
bytes_tokio,comment_crlf_tcp,step2,21,7,2953738,421962.5714285714,0
bytes_tokio,comment_crlf_tcp,core,21,2,2012341,1006170.5,0
bytes_tokio,comment_crlf_tcp,step2,22,7,2957390,422484.28571428574,0
bytes_tokio,comment_crlf_tcp,step1,22,7,2952693,421813.28571428574,0
bytes_tokio,comment_crlf_tcp,baseline,22,7,2957220,422460,0
bytes_tokio,comment_crlf_tcp,core,22,2,2020956,1010478,0
bytes_tokio,comment_crlf_tcp,original,22,7,2954429,422061.28571428574,0
bytes_tokio,comment_crlf_tcp,baseline,23,7,2976074,425153.4285714286,0
bytes_tokio,comment_crlf_tcp,step2,23,7,2955292,422184.5714285714,0
bytes_tokio,comment_crlf_tcp,core,23,2,2035902,1017951,0
bytes_tokio,comment_crlf_tcp,original,23,7,2966547,423792.4285714286,0
bytes_tokio,comment_crlf_tcp,step1,23,7,2957647,422521,0
bytes_tokio,comment_crlf_tcp,step2,24,7,2958164,422594.85714285716,0
bytes_tokio,comment_crlf_tcp,baseline,24,7,2953152,421878.85714285716,0
bytes_tokio,comment_crlf_tcp,step1,24,7,2952505,421786.4285714286,0
bytes_tokio,comment_crlf_tcp,original,24,7,2953058,421865.4285714286,0
bytes_tokio,comment_crlf_tcp,core,24,2,2016944,1008472,0
bytes_tokio,comment_crlf_tcp,step1,25,7,2952168,421738.28571428574,0
bytes_tokio,comment_crlf_tcp,original,25,7,2956290,422327.14285714284,0
bytes_tokio,comment_crlf_tcp,baseline,25,7,2955472,422210.28571428574,0
bytes_tokio,comment_crlf_tcp,core,25,2,2009789,1004894.5,0
bytes_tokio,comment_crlf_tcp,step2,25,7,2955983,422283.28571428574,0
bytes_tokio,comment_crlf_tcp,baseline,26,7,2958241,422605.85714285716,0
bytes_tokio,comment_crlf_tcp,original,26,7,2953957,421993.85714285716,0
bytes_tokio,comment_crlf_tcp,step1,26,7,2965046,423578,0
bytes_tokio,comment_crlf_tcp,core,26,2,2012525,1006262.5,0
bytes_tokio,comment_crlf_tcp,step2,26,7,2954298,422042.5714285714,0
bytes_tokio,comment_crlf_tcp,original,27,7,2953731,421961.5714285714,0
bytes_tokio,comment_crlf_tcp,core,27,2,2033830,1016915,0
bytes_tokio,comment_crlf_tcp,baseline,27,7,2975972,425138.85714285716,0
bytes_tokio,comment_crlf_tcp,step1,27,7,2955857,422265.28571428574,0
bytes_tokio,comment_crlf_tcp,step2,27,7,3293979,470568.4285714286,0
bytes_tokio,comment_crlf_tcp,step2,28,7,2975583,425083.28571428574,0
bytes_tokio,comment_crlf_tcp,core,28,2,2111674,1055837,0
bytes_tokio,comment_crlf_tcp,baseline,28,7,3122927,446132.4285714286,0
bytes_tokio,comment_crlf_tcp,step1,28,7,3303819,471974.14285714284,0
bytes_tokio,comment_crlf_tcp,original,28,7,3140363,448623.28571428574,0
bytes_tokio,comment_crlf_tcp,original,29,7,2954183,422026.14285714284,0
bytes_tokio,comment_crlf_tcp,step1,29,7,2953834,421976.28571428574,0
bytes_tokio,comment_crlf_tcp,core,29,2,2021245,1010622.5,0
bytes_tokio,comment_crlf_tcp,baseline,29,7,2957559,422508.4285714286,0
bytes_tokio,comment_crlf_tcp,step2,29,7,2953952,421993.14285714284,0
bytes_tokio,comment_crlf_tcp,step2,30,7,2955623,422231.85714285716,0
bytes_tokio,comment_crlf_tcp,baseline,30,7,2979185,425597.85714285716,0
bytes_tokio,comment_crlf_tcp,core,30,2,2013618,1006809,0
bytes_tokio,comment_crlf_tcp,step1,30,7,2954483,422069,0
bytes_tokio,comment_crlf_tcp,original,30,7,2958869,422695.5714285714,0
encode_owned,small_json,original,0,15228,1113737,73.13744418177042,1
encode_owned,small_json,step1,0,30303,717605,23.68098868098868,1
encode_owned,small_json,baseline,0,19607,1404160,71.61523945529657,1
encode_owned,small_json,step2,0,34090,787954,23.1139337048988,1
encode_owned,small_json,step1,1,30303,703931,23.22974622974623,1
encode_owned,small_json,original,1,15228,1065946,69.99908064092462,1
encode_owned,small_json,step2,1,34090,806097,23.6461425638017,1
encode_owned,small_json,baseline,1,19607,1430482,72.95771918192483,1
encode_owned,small_json,baseline,2,19607,1371095,69.92885194063345,1
encode_owned,small_json,original,2,15228,1070527,70.29990806409246,1
encode_owned,small_json,step2,2,34090,794190,23.296861249633324,1
encode_owned,small_json,step1,2,30303,717678,23.683397683397683,1
encode_owned,small_json,step1,3,30303,708592,23.383559383559383,1
encode_owned,small_json,step2,3,34090,806768,23.665825755353477,1
encode_owned,small_json,baseline,3,19607,1413138,72.07313714489723,1
encode_owned,small_json,original,3,15228,1057381,69.43662989230366,1
encode_owned,small_json,original,4,15228,1053449,69.17842132913054,1
encode_owned,small_json,step2,4,34090,800526,23.48272220592549,1
encode_owned,small_json,baseline,4,19607,1377589,70.26006018258785,1
encode_owned,small_json,step1,4,30303,689477,22.75276375276375,1
encode_owned,small_json,step2,5,34090,796469,23.363713699031972,1
encode_owned,small_json,original,5,15228,1079367,70.88041765169424,1
encode_owned,small_json,step1,5,30303,708002,23.364089364089363,1
encode_owned,small_json,baseline,5,19607,1396946,71.24730963431428,1
encode_owned,small_json,baseline,6,19607,1362933,69.51257204059775,1
encode_owned,small_json,original,6,15228,1082679,71.09791174152876,1
encode_owned,small_json,step1,6,30303,711211,23.46998646998647,1
encode_owned,small_json,step2,6,34090,811484,23.80416544441185,1
encode_owned,small_json,original,7,15228,1075960,70.65668505384818,1
encode_owned,small_json,step2,7,34090,811292,23.79853329422118,1
encode_owned,small_json,baseline,7,19607,1372778,70.01468863161116,1
encode_owned,small_json,step1,7,30303,728670,24.046134046134046,1
encode_owned,small_json,original,8,15228,1072728,70.44444444444444,1
encode_owned,small_json,step1,8,30303,735399,24.26819126819127,1
encode_owned,small_json,step2,8,34090,806906,23.66987386330302,1
encode_owned,small_json,baseline,8,19607,1409452,71.88514306115162,1
encode_owned,small_json,step2,9,34090,827286,24.267703138750367,1
encode_owned,small_json,baseline,9,19607,1371992,69.97460090783903,1
encode_owned,small_json,original,9,15228,1076421,70.68695823483057,1
encode_owned,small_json,step1,9,30303,725408,23.93848793848794,1
encode_owned,small_json,baseline,10,19607,1417913,72.31667261692253,1
encode_owned,small_json,step1,10,30303,720989,23.792660792660794,1
encode_owned,small_json,step2,10,34090,749863,21.99656790847756,1
encode_owned,small_json,original,10,15228,1115115,73.22793538219071,1
encode_owned,small_json,step1,11,30303,706854,23.326205326205326,1
encode_owned,small_json,step2,11,34090,802028,23.526782047521266,1
encode_owned,small_json,original,11,15228,1087968,71.44523246650907,1
encode_owned,small_json,baseline,11,19607,1406797,71.74973223848626,1
encode_owned,small_json,baseline,12,19607,1380505,70.40878257765084,1
encode_owned,small_json,step1,12,30303,714303,23.572022572022572,1
encode_owned,small_json,step2,12,34090,829105,24.321061894983867,1
encode_owned,small_json,original,12,15228,1068006,70.13435776201733,1
encode_owned,small_json,step1,13,30303,717510,23.677853677853676,1
encode_owned,small_json,step2,13,34090,795493,23.335083602229393,1
encode_owned,small_json,baseline,13,19607,1390852,70.9365022695976,1
encode_owned,small_json,original,13,15228,1084909,71.2443525085369,1
encode_owned,small_json,step1,14,30303,689286,22.74646074646075,1
encode_owned,small_json,step2,14,34090,800501,23.481988853036082,1
encode_owned,small_json,original,14,15228,1090354,71.60191752035723,1
encode_owned,small_json,baseline,14,19607,1410096,71.91798847350437,1
encode_owned,small_json,step1,15,30303,729377,24.06946506946507,1
encode_owned,small_json,original,15,15228,1071595,70.37004202784344,1
encode_owned,small_json,baseline,15,19607,1399636,71.38450553373795,1
encode_owned,small_json,step2,15,34090,816616,23.954708125550013,1
encode_owned,small_json,baseline,16,19607,1403251,71.56887846177386,1
encode_owned,small_json,step1,16,30303,706903,23.32782232782233,1
encode_owned,small_json,step2,16,34090,840586,24.65784687591669,1
encode_owned,small_json,original,16,15228,1107274,72.71302863146835,1
encode_owned,small_json,step1,17,30303,731861,24.15143715143715,1
encode_owned,small_json,step2,17,34090,810409,23.772631270167203,1
encode_owned,small_json,baseline,17,19607,1588323,81.00795634212271,1
encode_owned,small_json,original,17,15228,1064515,69.90510900971894,1
encode_owned,small_json,step2,18,34090,777359,22.803138750366678,1
encode_owned,small_json,baseline,18,19607,1385368,70.65680624266844,1
encode_owned,small_json,step1,18,30303,710676,23.452331452331453,1
encode_owned,small_json,original,18,15228,1094676,71.88573680063041,1
encode_owned,small_json,baseline,19,19607,1392298,71.01025144081196,1
encode_owned,small_json,original,19,15228,1067175,70.07978723404256,1
encode_owned,small_json,step1,19,30303,725413,23.93865293865294,1
encode_owned,small_json,step2,19,34090,815197,23.91308301554708,1
encode_owned,small_json,baseline,20,19607,1368241,69.78329168154231,1
encode_owned,small_json,step2,20,34090,813679,23.868553828102083,1
encode_owned,small_json,original,20,15228,1083816,71.17257683215131,1
encode_owned,small_json,step1,20,30303,740284,24.42939642939643,1
encode_owned,small_json,original,21,15228,1097275,72.05640924612555,1
encode_owned,small_json,baseline,21,19607,1372222,69.98633141225072,1
encode_owned,small_json,step2,21,34090,821204,24.089293047814607,1
encode_owned,small_json,step1,21,30303,734067,24.224235224235223,1
encode_owned,small_json,step2,22,34090,819279,24.032824875330007,1
encode_owned,small_json,baseline,22,19607,1380512,70.4091395930025,1
encode_owned,small_json,step1,22,30303,734315,24.232419232419232,1
encode_owned,small_json,original,22,15228,1086104,71.32282637247177,1
encode_owned,small_json,baseline,23,19607,1361445,69.43668077727342,1
encode_owned,small_json,original,23,15228,1061501,69.7071841344891,1
encode_owned,small_json,step1,23,30303,717535,23.67867867867868,1
encode_owned,small_json,step2,23,34090,790082,23.17635670284541,1
encode_owned,small_json,original,24,15228,1074476,70.5592329918571,1
encode_owned,small_json,step1,24,30303,709654,23.41860541860542,1
encode_owned,small_json,baseline,24,19607,1373573,70.05523537512113,1
encode_owned,small_json,step2,24,34090,805228,23.620651217365797,1
encode_owned,small_json,step2,25,34090,785795,23.050601349369316,1
encode_owned,small_json,baseline,25,19607,1376408,70.19982659254347,1
encode_owned,small_json,original,25,15228,1051905,69.0770291568164,1
encode_owned,small_json,step1,25,30303,728282,24.033330033330035,1
encode_owned,small_json,step2,26,34090,766296,22.478615429744792,1
encode_owned,small_json,step1,26,30303,708584,23.383295383295383,1
encode_owned,small_json,baseline,26,19607,1439600,73.42275717855868,1
encode_owned,small_json,original,26,15228,1087300,71.401365904912,1
encode_owned,small_json,original,27,15228,1080283,70.94057000262674,1
encode_owned,small_json,baseline,27,19607,1356997,69.20982302238997,1
encode_owned,small_json,step1,27,30303,676091,22.31102531102531,1
encode_owned,small_json,step2,27,34090,809130,23.73511293634497,1
encode_owned,small_json,step1,28,30303,700627,23.12071412071412,1
encode_owned,small_json,baseline,28,19607,1415021,72.1691742744938,1
encode_owned,small_json,step2,28,34090,798466,23.422293927838076,1
encode_owned,small_json,original,28,15228,1079778,70.9074074074074,1
encode_owned,small_json,baseline,29,19607,1381453,70.45713265670423,1
encode_owned,small_json,original,29,15228,1082397,71.07939322301024,1
encode_owned,small_json,step2,29,34090,803984,23.584159577588736,1
encode_owned,small_json,step1,29,30303,734235,24.22977922977923,1
encode_owned,small_json,baseline,30,19607,1385368,70.65680624266844,1
encode_owned,small_json,step1,30,30303,690714,22.793584793584795,1
encode_owned,small_json,original,30,15228,1067065,70.07256369845022,1
encode_owned,small_json,step2,30,34090,821754,24.105426811381637,1
encode_owned,metadata_json,original,0,9677,1388966,143.5327064172781,1
encode_owned,metadata_json,step1,0,26548,1534659,57.80695344282055,1
encode_owned,metadata_json,baseline,0,12048,1788399,148.4394920318725,1
encode_owned,metadata_json,step2,0,27777,1609395,57.93984231558483,1
encode_owned,metadata_json,step1,1,26548,1548333,58.322020491185775,1
encode_owned,metadata_json,original,1,9677,1377323,142.32954428025215,1
encode_owned,metadata_json,step2,1,27777,1568615,56.47172120819383,1
encode_owned,metadata_json,baseline,1,12048,1718351,142.6254150066401,1
encode_owned,metadata_json,baseline,2,12048,1725578,143.22526560424967,1
encode_owned,metadata_json,original,2,9677,1397019,144.3648858117185,1
encode_owned,metadata_json,step2,2,27777,1633821,58.819202937682256,1
encode_owned,metadata_json,step1,2,26548,1533053,57.74645924363417,1
encode_owned,metadata_json,step1,3,26548,1494331,56.28789362663854,1
encode_owned,metadata_json,step2,3,27777,1592493,57.33135327789178,1
encode_owned,metadata_json,baseline,3,12048,1749245,145.18965803452855,1
encode_owned,metadata_json,original,3,9677,1355924,140.1182184561331,1
encode_owned,metadata_json,original,4,9677,1375968,142.18952154593364,1
encode_owned,metadata_json,step2,4,27777,1592728,57.33981351477841,1
encode_owned,metadata_json,baseline,4,12048,1735332,144.03486055776892,1
encode_owned,metadata_json,step1,4,26548,1528724,57.58339611270152,1
encode_owned,metadata_json,step2,5,27777,1589931,57.23911869532347,1
encode_owned,metadata_json,original,5,9677,1403340,145.0180841169784,1
encode_owned,metadata_json,step1,5,26548,1519598,57.23964140424891,1
encode_owned,metadata_json,baseline,5,12048,1746453,144.95791832669323,1
encode_owned,metadata_json,baseline,6,12048,1723767,143.0749501992032,1
encode_owned,metadata_json,original,6,9677,1373597,141.94450759532913,1
encode_owned,metadata_json,step1,6,26548,1532967,57.743219828235645,1
encode_owned,metadata_json,step2,6,27777,1630190,58.68848327753177,1
encode_owned,metadata_json,original,7,9677,1404732,145.16193035031517,1
encode_owned,metadata_json,step2,7,27777,1612899,58.065989847715734,1
encode_owned,metadata_json,baseline,7,12048,1745980,144.9186586985392,1
encode_owned,metadata_json,step1,7,26548,1560074,58.76427602832605,1
encode_owned,metadata_json,original,8,9677,1392071,143.8535703213806,1
encode_owned,metadata_json,step1,8,26548,1546900,58.268042790417354,1
encode_owned,metadata_json,step2,8,27777,1649637,59.38859488065666,1
encode_owned,metadata_json,baseline,8,12048,1752793,145.48414674634793,1
encode_owned,metadata_json,step2,9,27777,1647209,59.30118443316413,1
encode_owned,metadata_json,baseline,9,12048,1744512,144.79681274900398,1
encode_owned,metadata_json,original,9,9677,1403350,145.01911749509145,1
encode_owned,metadata_json,step1,9,26548,1536752,57.885791773391595,1
encode_owned,metadata_json,baseline,10,12048,1720177,142.7769754316069,1
encode_owned,metadata_json,step1,10,26548,1525049,57.44496760584602,1
encode_owned,metadata_json,step2,10,27777,1575761,56.72898441156352,1
encode_owned,metadata_json,original,10,9677,1473564,152.2748785780717,1
encode_owned,metadata_json,step1,11,26548,1556134,58.61586560192858,1
encode_owned,metadata_json,step2,11,27777,1645013,59.22212621953415,1
encode_owned,metadata_json,original,11,9677,1402177,144.89790224243052,1
encode_owned,metadata_json,baseline,11,12048,1766593,146.62956507304116,1
encode_owned,metadata_json,baseline,12,12048,1721590,142.89425630810092,1
encode_owned,metadata_json,step1,12,26548,1541709,58.072510170257644,1
encode_owned,metadata_json,step2,12,27777,1615060,58.14378802606473,1
encode_owned,metadata_json,original,12,9677,1373675,141.95256794461093,1
encode_owned,metadata_json,step1,13,26548,1536373,57.871515745065544,1
encode_owned,metadata_json,step2,13,27777,1623046,58.43129207617813,1
encode_owned,metadata_json,baseline,13,12048,1746050,144.92446879150066,1
encode_owned,metadata_json,original,13,9677,1381161,142.72615480004134,1
encode_owned,metadata_json,step1,14,26548,1562661,58.861722163628144,1
encode_owned,metadata_json,step2,14,27777,1624524,58.484501566043846,1
encode_owned,metadata_json,original,14,9677,1371007,141.67686266404877,1
encode_owned,metadata_json,baseline,14,12048,1729677,143.56548804780877,1
encode_owned,metadata_json,step1,15,26548,1548167,58.315767666114205,1
encode_owned,metadata_json,original,15,9677,1368763,141.44497261548,1
encode_owned,metadata_json,baseline,15,12048,1707744,141.74501992031873,1
encode_owned,metadata_json,step2,15,27777,1621180,58.364114195197466,1
encode_owned,metadata_json,baseline,16,12048,1740382,144.45401726427622,1
encode_owned,metadata_json,step1,16,26548,1561450,58.816106674702425,1
encode_owned,metadata_json,step2,16,27777,1637044,58.935234186557224,1
encode_owned,metadata_json,original,16,9677,1410066,145.71313423581688,1
encode_owned,metadata_json,step1,17,26548,1533833,57.77583998794636,1
encode_owned,metadata_json,step2,17,27777,1611154,58.00316808870648,1
encode_owned,metadata_json,baseline,17,12048,1738241,144.27631142098272,1
encode_owned,metadata_json,original,17,9677,1369614,141.53291309290069,1
encode_owned,metadata_json,step2,18,27777,1585462,57.07823019044533,1
encode_owned,metadata_json,baseline,18,12048,1728424,143.46148738379813,1
encode_owned,metadata_json,step1,18,26548,1556825,58.64189392797951,1
encode_owned,metadata_json,original,18,9677,1380228,142.62974062209364,1
encode_owned,metadata_json,baseline,19,12048,1734691,143.9816567065073,1
encode_owned,metadata_json,original,19,9677,1387691,143.400950707864,1
encode_owned,metadata_json,step1,19,26548,1576302,59.37554618050324,1
encode_owned,metadata_json,step2,19,27777,1642466,59.13043165208626,1
encode_owned,metadata_json,baseline,20,12048,1776089,147.41774568393095,1
encode_owned,metadata_json,step2,20,27777,1625317,58.51305036541023,1
encode_owned,metadata_json,original,20,9677,1410975,145.80706830629327,1
encode_owned,metadata_json,step1,20,26548,1534684,57.80789513334338,1
encode_owned,metadata_json,original,21,9677,1414879,146.2104991216286,1
encode_owned,metadata_json,baseline,21,12048,1763440,146.36786188579018,1
encode_owned,metadata_json,step2,21,27777,1625666,58.52561471721208,1
encode_owned,metadata_json,step1,21,26548,1539902,58.00444477926774,1
encode_owned,metadata_json,step2,22,27777,1618124,58.25409511466321,1
encode_owned,metadata_json,baseline,22,12048,1763149,146.343708499336,1
encode_owned,metadata_json,step1,22,26548,1571921,59.21052433328311,1
encode_owned,metadata_json,original,22,9677,1401062,144.78268058282526,1
encode_owned,metadata_json,baseline,23,12048,1741884,144.57868525896416,1
encode_owned,metadata_json,original,23,9677,1395514,144.20936240570424,1
encode_owned,metadata_json,step1,23,26548,1549733,58.37475516046406,1
encode_owned,metadata_json,step2,23,27777,1618991,58.28530798862368,1
encode_owned,metadata_json,original,24,9677,1388463,143.48072749819158,1
encode_owned,metadata_json,step1,24,26548,1554413,58.5510396263372,1
encode_owned,metadata_json,baseline,24,12048,1816678,150.78668658698538,1
encode_owned,metadata_json,step2,24,27777,1553276,55.91950174604889,1
encode_owned,metadata_json,step2,25,27777,1568144,56.45476473341254,1
encode_owned,metadata_json,baseline,25,12048,1788224,148.4249667994688,1
encode_owned,metadata_json,original,25,9677,1484319,153.38627673865867,1
encode_owned,metadata_json,step1,25,26548,1639161,61.74329516347748,1
encode_owned,metadata_json,step2,26,27777,1742487,62.73128847607733,1
encode_owned,metadata_json,step1,26,26548,1662611,62.626600873888805,1
encode_owned,metadata_json,baseline,26,12048,2195131,182.19878818061088,1
encode_owned,metadata_json,original,26,9677,1597349,165.06654955048052,1
encode_owned,metadata_json,original,27,9677,1574490,162.70435052185596,1
encode_owned,metadata_json,baseline,27,12048,2221968,184.42629482071712,1
encode_owned,metadata_json,step1,27,26548,1842540,69.40409823715534,1
encode_owned,metadata_json,step2,27,27777,1773499,63.84775173704864,1
encode_owned,metadata_json,step1,28,26548,1738667,65.49144945005274,1
encode_owned,metadata_json,baseline,28,12048,2300604,190.95318725099602,1
encode_owned,metadata_json,step2,28,27777,1778342,64.02210461892933,1
encode_owned,metadata_json,original,28,9677,1875355,193.79508112018186,1
encode_owned,metadata_json,baseline,29,12048,2126941,176.53892762284195,1
encode_owned,metadata_json,original,29,9677,1788920,184.86307740002067,1
encode_owned,metadata_json,step2,29,27777,1719540,61.90517334485366,1
encode_owned,metadata_json,step1,29,26548,1629434,61.37690221485611,1
encode_owned,metadata_json,baseline,30,12048,2396471,198.91027556440903,1
encode_owned,metadata_json,step1,30,26548,1707756,64.32710562000904,1
encode_owned,metadata_json,original,30,9677,1821600,188.24015707347317,1
encode_owned,metadata_json,step2,30,27777,1776615,63.95993087806458,1
encode_owned,large_ascii,original,0,1533,2176508,1419.7703848662752,1
encode_owned,large_ascii,step1,0,2300,3029190,1317.0391304347827,1
encode_owned,large_ascii,baseline,0,2169,3080586,1420.2793914246197,1
encode_owned,large_ascii,step2,0,2302,3034784,1318.32493483927,1
encode_owned,large_ascii,step1,1,2300,3044019,1323.4865217391305,1
encode_owned,large_ascii,original,1,1533,2128790,1388.6431833007175,1
encode_owned,large_ascii,step2,1,2302,3012159,1308.4965247610774,1
encode_owned,large_ascii,baseline,1,2169,3036504,1399.9557399723374,1
encode_owned,large_ascii,baseline,2,2169,3000172,1383.2051636698939,1
encode_owned,large_ascii,original,2,1533,2162025,1410.3228962818005,1
encode_owned,large_ascii,step2,2,2302,3011619,1308.2619461337968,1
encode_owned,large_ascii,step1,2,2300,3038521,1321.0960869565217,1
encode_owned,large_ascii,step1,3,2300,3016233,1311.405652173913,1
encode_owned,large_ascii,step2,3,2302,2974619,1292.1889661164205,1
encode_owned,large_ascii,baseline,3,2169,2954473,1362.1360073766714,1
encode_owned,large_ascii,original,3,1533,2134422,1392.317025440313,1
encode_owned,large_ascii,original,4,1533,2121412,1383.8303979125897,1
encode_owned,large_ascii,step2,4,2302,2999832,1303.141615986099,1
encode_owned,large_ascii,baseline,4,2169,3037454,1400.3937298294145,1
encode_owned,large_ascii,step1,4,2300,2879874,1252.1191304347826,1
encode_owned,large_ascii,step2,5,2302,2875582,1249.1668114682884,1
encode_owned,large_ascii,original,5,1533,2006338,1308.7658186562296,1
encode_owned,large_ascii,step1,5,2300,2866318,1246.2252173913043,1
encode_owned,large_ascii,baseline,5,2169,2851350,1314.591977869986,1
encode_owned,large_ascii,baseline,6,2169,2845427,1311.8612263715997,1
encode_owned,large_ascii,original,6,1533,2034504,1327.1389432485323,1
encode_owned,large_ascii,step1,6,2300,3141660,1365.9391304347826,1
encode_owned,large_ascii,step2,6,2302,3176311,1379.8049522154647,1
encode_owned,large_ascii,original,7,1533,2271039,1481.4344422700588,1
encode_owned,large_ascii,step2,7,2302,3255062,1414.0147697654213,1
encode_owned,large_ascii,baseline,7,2169,3220452,1484.7634854771784,1
encode_owned,large_ascii,step1,7,2300,3278151,1425.2830434782609,1
encode_owned,large_ascii,original,8,1533,2385289,1555.9615133724724,1
encode_owned,large_ascii,step1,8,2300,3322369,1444.5082608695652,1
encode_owned,large_ascii,step2,8,2302,3362928,1460.8722849695916,1
encode_owned,large_ascii,baseline,8,2169,3244276,1495.7473490087598,1
encode_owned,large_ascii,step2,9,2302,3143383,1365.5008688097307,1
encode_owned,large_ascii,baseline,9,2169,3069598,1415.2134624250807,1
encode_owned,large_ascii,original,9,1533,2189901,1428.5068493150684,1
encode_owned,large_ascii,step1,9,2300,3205387,1393.6465217391303,1
encode_owned,large_ascii,baseline,10,2169,3115275,1436.2724757952974,1
encode_owned,large_ascii,step1,10,2300,2950342,1282.7573913043477,1
encode_owned,large_ascii,step2,10,2302,2870557,1246.9839270199827,1
encode_owned,large_ascii,original,10,1533,2000137,1304.7208088714938,1
encode_owned,large_ascii,step1,11,2300,2862001,1244.3482608695651,1
encode_owned,large_ascii,step2,11,2302,2869344,1246.4569939183318,1
encode_owned,large_ascii,original,11,1533,1997968,1303.3059360730595,1
encode_owned,large_ascii,baseline,11,2169,2836134,1307.5767634854772,1
encode_owned,large_ascii,baseline,12,2169,2826134,1302.9663439372982,1
encode_owned,large_ascii,step1,12,2300,2860507,1243.698695652174,1
encode_owned,large_ascii,step2,12,2302,2869726,1246.6229365768897,1
encode_owned,large_ascii,original,12,1533,1999321,1304.1885192433137,1
encode_owned,large_ascii,step1,13,2300,2864297,1245.3465217391304,1
encode_owned,large_ascii,step2,13,2302,2907894,1263.2033014769765,1
encode_owned,large_ascii,baseline,13,2169,2833438,1306.333794375288,1
encode_owned,large_ascii,original,13,1533,1999247,1304.140247879974,1
encode_owned,large_ascii,step1,14,2300,2868492,1247.1704347826087,1
encode_owned,large_ascii,step2,14,2302,2880284,1251.2093831450911,1
encode_owned,large_ascii,original,14,1533,4515296,2945.3985649054143,1
encode_owned,large_ascii,baseline,14,2169,3095163,1427,1
encode_owned,large_ascii,step1,15,2300,2877283,1250.9926086956523,1
encode_owned,large_ascii,original,15,1533,2037247,1328.928245270711,1
encode_owned,large_ascii,baseline,15,2169,2829922,1304.7127708621485,1
encode_owned,large_ascii,step2,15,2302,2879240,1250.755864465682,1
encode_owned,large_ascii,baseline,16,2169,2828588,1304.0977408944213,1
encode_owned,large_ascii,step1,16,2300,2873062,1249.1573913043478,1
encode_owned,large_ascii,step2,16,2302,2870462,1246.9426585577758,1
encode_owned,large_ascii,original,16,1533,2001791,1305.7997390737116,1
encode_owned,large_ascii,step1,17,2300,2859705,1243.35,1
encode_owned,large_ascii,step2,17,2302,2867182,1245.5178105994787,1
encode_owned,large_ascii,baseline,17,2169,2835564,1307.313969571231,1
encode_owned,large_ascii,original,17,1533,2004034,1307.262883235486,1
encode_owned,large_ascii,step2,18,2302,2865276,1244.6898349261512,1
encode_owned,large_ascii,baseline,18,2169,2829048,1304.3098201936377,1
encode_owned,large_ascii,step1,18,2300,2872811,1249.0482608695652,1
encode_owned,large_ascii,original,18,1533,1999377,1304.225048923679,1
encode_owned,large_ascii,baseline,19,2169,2827031,1303.37989857077,1
encode_owned,large_ascii,original,19,1533,2000788,1305.1454664057403,1
encode_owned,large_ascii,step1,19,2300,2871592,1248.5182608695652,1
encode_owned,large_ascii,step2,19,2302,2866045,1245.0238922675935,1
encode_owned,large_ascii,baseline,20,2169,2828196,1303.9170124481327,1
encode_owned,large_ascii,step2,20,2302,2864316,1244.2728062554302,1
encode_owned,large_ascii,original,20,1533,1998476,1303.6373124592303,1
encode_owned,large_ascii,step1,20,2300,2863860,1245.1565217391305,1
encode_owned,large_ascii,original,21,1533,2039736,1330.5518590998042,1
encode_owned,large_ascii,baseline,21,2169,2828232,1303.9336099585062,1
encode_owned,large_ascii,step2,21,2302,2866077,1245.037793223284,1
encode_owned,large_ascii,step1,21,2300,2863565,1245.0282608695652,1
encode_owned,large_ascii,step2,22,2302,2866338,1245.1511728931364,1
encode_owned,large_ascii,baseline,22,2169,2836248,1307.6293222683264,1
encode_owned,large_ascii,step1,22,2300,2864945,1245.628260869565,1
encode_owned,large_ascii,original,22,1533,2004855,1307.79843444227,1
encode_owned,large_ascii,baseline,23,2169,2830611,1305.030428769018,1
encode_owned,large_ascii,original,23,1533,1999522,1304.3196347031962,1
encode_owned,large_ascii,step1,23,2300,2863748,1245.1078260869565,1
encode_owned,large_ascii,step2,23,2302,2866521,1245.2306689834927,1
encode_owned,large_ascii,original,24,1533,2000052,1304.6653620352251,1
encode_owned,large_ascii,step1,24,2300,2867614,1246.7886956521738,1
encode_owned,large_ascii,baseline,24,2169,2830612,1305.030889810973,1
encode_owned,large_ascii,step2,24,2302,2866227,1245.1029539530844,1
encode_owned,large_ascii,step2,25,2302,2864443,1244.3279756733275,1
encode_owned,large_ascii,baseline,25,2169,2836449,1307.7219917012449,1
encode_owned,large_ascii,original,25,1533,1997271,1302.8512720156555,1
encode_owned,large_ascii,step1,25,2300,2871361,1248.4178260869564,1
encode_owned,large_ascii,step2,26,2302,2865198,1244.655951346655,1
encode_owned,large_ascii,step1,26,2300,2861263,1244.027391304348,1
encode_owned,large_ascii,baseline,26,2169,2825024,1302.4545873674504,1
encode_owned,large_ascii,original,26,1533,1999153,1304.0789302022179,1
encode_owned,large_ascii,original,27,1533,1998912,1303.921722113503,1
encode_owned,large_ascii,baseline,27,2169,2831745,1305.5532503457814,1
encode_owned,large_ascii,step1,27,2300,2876910,1250.8304347826088,1
encode_owned,large_ascii,step2,27,2302,2863353,1243.854474370113,1
encode_owned,large_ascii,step1,28,2300,2895228,1258.7947826086956,1
encode_owned,large_ascii,baseline,28,2169,2829875,1304.691101890272,1
encode_owned,large_ascii,step2,28,2302,2866133,1245.0621198957429,1
encode_owned,large_ascii,original,28,1533,2013292,1313.3020221787344,1
encode_owned,large_ascii,baseline,29,2169,2825507,1302.6772706316274,1
encode_owned,large_ascii,original,29,1533,2000518,1304.969341161122,1
encode_owned,large_ascii,step2,29,2302,2868931,1246.2775847089488,1
encode_owned,large_ascii,step1,29,2300,2861921,1244.3134782608695,1
encode_owned,large_ascii,baseline,30,2169,2830287,1304.881051175657,1
encode_owned,large_ascii,step1,30,2300,2874226,1249.6634782608696,1
encode_owned,large_ascii,original,30,1533,1996903,1302.6112198303979,1
encode_owned,large_ascii,step2,30,2302,2867834,1245.8010425716768,1
encode_owned,large_utf8,original,0,1472,2779761,1888.4245923913043,1
encode_owned,large_utf8,step1,0,2388,2918991,1222.358040201005,1
encode_owned,large_utf8,baseline,0,1543,2906410,1883.6098509397277,1
encode_owned,large_utf8,step2,0,2379,2905864,1221.464480874317,1
encode_owned,large_utf8,step1,1,2388,2919016,1222.3685092127303,1
encode_owned,large_utf8,original,1,1472,2830561,1922.9354619565217,1
encode_owned,large_utf8,step2,1,2379,2913057,1224.4880201765448,1
encode_owned,large_utf8,baseline,1,1543,2910426,1886.2125729099157,1
encode_owned,large_utf8,baseline,2,1543,2912478,1887.5424497731692,1
encode_owned,large_utf8,original,2,1472,2777201,1886.6854619565217,1
encode_owned,large_utf8,step2,2,2379,2909737,1223.0924758301808,1
encode_owned,large_utf8,step1,2,2388,2924283,1224.574120603015,1
encode_owned,large_utf8,step1,3,2388,2918111,1221.9895309882747,1
encode_owned,large_utf8,step2,3,2379,2912173,1224.1164354770913,1
encode_owned,large_utf8,baseline,3,1543,2908230,1884.7893713545043,1
encode_owned,large_utf8,original,3,1472,2790761,1895.8974184782608,1
encode_owned,large_utf8,original,4,1472,2780298,1888.789402173913,1
encode_owned,large_utf8,step2,4,2379,2911906,1224.0042034468263,1
encode_owned,large_utf8,baseline,4,1543,2910933,1886.5411535968892,1
encode_owned,large_utf8,step1,4,2388,2918455,1222.1335845896147,1
encode_owned,large_utf8,step2,5,2379,2906601,1221.7742749054225,1
encode_owned,large_utf8,original,5,1472,2776451,1886.1759510869565,1
encode_owned,large_utf8,step1,5,2388,2923428,1224.21608040201,1
encode_owned,large_utf8,baseline,5,1543,2919982,1892.405703175632,1
encode_owned,large_utf8,baseline,6,1543,2908297,1884.8327932598834,1
encode_owned,large_utf8,original,6,1472,2773883,1884.4313858695652,1
encode_owned,large_utf8,step1,6,2388,2917193,1221.605108877722,1
encode_owned,large_utf8,step2,6,2379,2947255,1238.8629676334594,1
encode_owned,large_utf8,original,7,1472,2785988,1892.6548913043478,1
encode_owned,large_utf8,step2,7,2379,2907028,1221.9537620849096,1
encode_owned,large_utf8,baseline,7,1543,2909543,1885.640311082307,1
encode_owned,large_utf8,step1,7,2388,2947753,1234.4024288107203,1
encode_owned,large_utf8,original,8,1472,2810987,1909.6379076086957,1
encode_owned,large_utf8,step1,8,2388,2932128,1227.859296482412,1
encode_owned,large_utf8,step2,8,2379,2919043,1227.0042034468263,1
encode_owned,large_utf8,baseline,8,1543,2907127,1884.0745301360985,1
encode_owned,large_utf8,step2,9,2379,2907229,1222.0382513661202,1
encode_owned,large_utf8,baseline,9,1543,2915040,1889.202851587816,1
encode_owned,large_utf8,original,9,1472,2774533,1884.8729619565217,1
encode_owned,large_utf8,step1,9,2388,2918361,1222.0942211055276,1
encode_owned,large_utf8,baseline,10,1543,2925425,1895.9332469215813,1
encode_owned,large_utf8,step1,10,2388,2917784,1221.852596314908,1
encode_owned,large_utf8,step2,10,2379,2907040,1221.9588062211012,1
encode_owned,large_utf8,original,10,1472,2770930,1882.4252717391305,1
encode_owned,large_utf8,step1,11,2388,2918160,1222.0100502512562,1
encode_owned,large_utf8,step2,11,2379,2905176,1221.1752837326608,1
encode_owned,large_utf8,original,11,1472,2788719,1894.5101902173913,1
encode_owned,large_utf8,baseline,11,1543,2912022,1887.246921581335,1
encode_owned,large_utf8,baseline,12,1543,2913532,1888.2255346727154,1
encode_owned,large_utf8,step1,12,2388,2925986,1225.2872696817421,1
encode_owned,large_utf8,step2,12,2379,2905810,1221.4417822614544,1
encode_owned,large_utf8,original,12,1472,2784773,1891.8294836956522,1
encode_owned,large_utf8,step1,13,2388,2922048,1223.6381909547738,1
encode_owned,large_utf8,step2,13,2379,2906365,1221.6750735603196,1
encode_owned,large_utf8,baseline,13,1543,2909483,1885.601425793908,1
encode_owned,large_utf8,original,13,1472,2776540,1886.2364130434783,1
encode_owned,large_utf8,step1,14,2388,2918302,1222.0695142378559,1
encode_owned,large_utf8,step2,14,2379,2921315,1227.9592265657839,1
encode_owned,large_utf8,original,14,1472,2782788,1890.4809782608695,1
encode_owned,large_utf8,baseline,14,1543,2910704,1886.392741412832,1
encode_owned,large_utf8,step1,15,2388,2917172,1221.5963149078727,1
encode_owned,large_utf8,original,15,1472,2775819,1885.7466032608695,1
encode_owned,large_utf8,baseline,15,1543,2909741,1885.7686325340246,1
encode_owned,large_utf8,step2,15,2379,2918091,1226.6040353089534,1
encode_owned,large_utf8,baseline,16,1543,2909118,1885.3648736228126,1
encode_owned,large_utf8,step1,16,2388,2944066,1232.858458961474,1
encode_owned,large_utf8,step2,16,2379,2906515,1221.7381252627154,1
encode_owned,large_utf8,original,16,1472,2774856,1885.0923913043478,1
encode_owned,large_utf8,step1,17,2388,2924041,1224.4727805695143,1
encode_owned,large_utf8,step2,17,2379,2921135,1227.8835645229087,1
encode_owned,large_utf8,baseline,17,1543,2912027,1887.250162022035,1
encode_owned,large_utf8,original,17,1472,2781571,1889.6542119565217,1
encode_owned,large_utf8,step2,18,2379,2922353,1228.395544346364,1
encode_owned,large_utf8,baseline,18,1543,2936623,1903.1905379131563,1
encode_owned,large_utf8,step1,18,2388,2930253,1227.074120603015,1
encode_owned,large_utf8,original,18,1472,2778987,1887.898777173913,1
encode_owned,large_utf8,baseline,19,1543,2908776,1885.1432274789372,1
encode_owned,large_utf8,original,19,1472,2776439,1886.1677989130435,1
encode_owned,large_utf8,step1,19,2388,2916950,1221.5033500837521,1
encode_owned,large_utf8,step2,19,2379,2912142,1224.1034047919293,1
encode_owned,large_utf8,baseline,20,1543,2922151,1893.8114063512637,1
encode_owned,large_utf8,step2,20,2379,2910024,1223.2131147540983,1
encode_owned,large_utf8,original,20,1472,2809640,1908.7228260869565,1
encode_owned,large_utf8,step1,20,2388,2920961,1223.1829983249581,1
encode_owned,large_utf8,original,21,1472,2780337,1888.8158967391305,1
encode_owned,large_utf8,baseline,21,1543,2912554,1887.5917044718083,1
encode_owned,large_utf8,step2,21,2379,2918196,1226.6481715006305,1
encode_owned,large_utf8,step1,21,2388,2917629,1221.787688442211,1
encode_owned,large_utf8,step2,22,2379,2922363,1228.3997477931905,1
encode_owned,large_utf8,baseline,22,1543,2946216,1909.407647440052,1
encode_owned,large_utf8,step1,22,2388,2983757,1249.4794807370183,1
encode_owned,large_utf8,original,22,1472,2816780,1913.5733695652175,1
encode_owned,large_utf8,baseline,23,1543,2997149,1942.4167206740117,1
encode_owned,large_utf8,original,23,1472,2774936,1885.1467391304348,1
encode_owned,large_utf8,step1,23,2388,2926688,1225.5812395309883,1
encode_owned,large_utf8,step2,23,2379,2907696,1222.234552332913,1
encode_owned,large_utf8,original,24,1472,3282250,2229.789402173913,1
encode_owned,large_utf8,step1,24,2388,3168977,1327.0422948073701,1
encode_owned,large_utf8,baseline,24,1543,2908321,1884.848347375243,1
encode_owned,large_utf8,step2,24,2379,2914026,1224.8953341740228,1
encode_owned,large_utf8,step2,25,2379,2906540,1221.7486338797814,1
encode_owned,large_utf8,baseline,25,1543,2910036,1885.959818535321,1
encode_owned,large_utf8,original,25,1472,2776795,1886.4096467391305,1
encode_owned,large_utf8,step1,25,2388,2924214,1224.5452261306532,1
encode_owned,large_utf8,step2,26,2379,2913857,1224.8242959226566,1
encode_owned,large_utf8,step1,26,2388,2917576,1221.7654941373535,1
encode_owned,large_utf8,baseline,26,1543,2937064,1903.4763447828905,1
encode_owned,large_utf8,original,26,1472,2774696,1884.983695652174,1
encode_owned,large_utf8,original,27,1472,2773625,1884.2561141304348,1
encode_owned,large_utf8,baseline,27,1543,2919410,1892.0349967595594,1
encode_owned,large_utf8,step1,27,2388,2924322,1224.5904522613066,1
encode_owned,large_utf8,step2,27,2379,2908507,1222.575451870534,1
encode_owned,large_utf8,step1,28,2388,2915199,1220.7701005025126,1
encode_owned,large_utf8,baseline,28,1543,2905835,1883.2372002592354,1
encode_owned,large_utf8,step2,28,2379,2915061,1225.330390920555,1
encode_owned,large_utf8,original,28,1472,2808695,1908.0808423913043,1
encode_owned,large_utf8,baseline,29,1543,2924716,1895.4737524303305,1
encode_owned,large_utf8,original,29,1472,2772764,1883.671195652174,1
encode_owned,large_utf8,step2,29,2379,2906375,1221.6792770071459,1
encode_owned,large_utf8,step1,29,2388,2949651,1235.1972361809046,1
encode_owned,large_utf8,baseline,30,1543,2930121,1898.9766688269606,1
encode_owned,large_utf8,step1,30,2388,2918375,1222.1000837520937,1
encode_owned,large_utf8,original,30,1472,2775429,1885.4816576086957,1
encode_owned,large_utf8,step2,30,2379,2906937,1221.9155107187894,1
encode_owned,empty_with_retry,original,0,12295,1277942,103.93997559983733,1
encode_owned,empty_with_retry,step1,0,41666,1686943,40.48727979647674,1
encode_owned,empty_with_retry,baseline,0,15306,1550276,101.28550895073828,1
encode_owned,empty_with_retry,step2,0,41095,1694668,41.23781481932109,1
encode_owned,empty_with_retry,step1,1,41666,1746572,41.91839869437911,1
encode_owned,empty_with_retry,original,1,12295,1247416,101.4571777145181,1
encode_owned,empty_with_retry,step2,1,41095,1683734,40.97174838788174,1
encode_owned,empty_with_retry,baseline,1,15306,1539119,100.55657911929963,1
encode_owned,empty_with_retry,baseline,2,15306,1525094,99.64027178884098,1
encode_owned,empty_with_retry,original,2,12295,1207818,98.23651891012607,1
encode_owned,empty_with_retry,step2,2,41095,1716569,41.770750699598494,1
encode_owned,empty_with_retry,step1,2,41666,1698522,40.765180242883886,1
encode_owned,empty_with_retry,step1,3,41666,1718267,41.2390678250852,1
encode_owned,empty_with_retry,step2,3,41095,1762339,42.884511497749116,1
encode_owned,empty_with_retry,baseline,3,15306,1549594,101.24095126094342,1
encode_owned,empty_with_retry,original,3,12295,1237280,100.63277755185034,1
encode_owned,empty_with_retry,original,4,12295,1221048,99.31256608377389,1
encode_owned,empty_with_retry,step2,4,41095,1710391,41.62041610901569,1
encode_owned,empty_with_retry,baseline,4,15306,1522225,99.45282895596497,1
encode_owned,empty_with_retry,step1,4,41666,1765977,42.38412614601834,1
encode_owned,empty_with_retry,step2,5,41095,1757168,42.75868110475727,1
encode_owned,empty_with_retry,original,5,12295,1228172,99.89198861325742,1
encode_owned,empty_with_retry,step1,5,41666,1783856,42.813229011664184,1
encode_owned,empty_with_retry,baseline,5,15306,1520584,99.34561609826211,1
encode_owned,empty_with_retry,baseline,6,15306,1526639,99.74121259636743,1
encode_owned,empty_with_retry,original,6,12295,1216293,98.92582350549003,1
encode_owned,empty_with_retry,step1,6,41666,1793074,43.034464551432826,1
encode_owned,empty_with_retry,step2,6,41095,1734058,42.19632558705439,1
encode_owned,empty_with_retry,original,7,12295,1253484,101.95071167141114,1
encode_owned,empty_with_retry,step2,7,41095,1676582,40.797712617106704,1
encode_owned,empty_with_retry,baseline,7,15306,1548307,101.15686658826604,1
encode_owned,empty_with_retry,step1,7,41666,1789113,42.939399030384486,1
encode_owned,empty_with_retry,original,8,12295,1248096,101.51248474989833,1
encode_owned,empty_with_retry,step1,8,41666,1755620,42.135554168866705,1
encode_owned,empty_with_retry,step2,8,41095,1808449,44.00654580849252,1
encode_owned,empty_with_retry,baseline,8,15306,1538662,100.52672154710571,1
encode_owned,empty_with_retry,step2,9,41095,1789805,43.552865312081764,1
encode_owned,empty_with_retry,baseline,9,15306,1497115,97.81229583169998,1
encode_owned,empty_with_retry,original,9,12295,1202181,97.77803985359903,1
encode_owned,empty_with_retry,step1,9,41666,1776061,42.62614601833629,1
encode_owned,empty_with_retry,baseline,10,15306,1481307,96.77949823598588,1
encode_owned,empty_with_retry,step1,10,41666,1786245,42.87056592905486,1
encode_owned,empty_with_retry,step2,10,41095,1714777,41.72714442146246,1
encode_owned,empty_with_retry,original,10,12295,1210791,98.47832452216348,1
encode_owned,empty_with_retry,step1,11,41666,1775525,42.613281812509,1
encode_owned,empty_with_retry,step2,11,41095,1775255,43.19880764083222,1
encode_owned,empty_with_retry,original,11,12295,1255337,102.10142334282229,1
encode_owned,empty_with_retry,baseline,11,15306,1526625,99.74029792238338,1
encode_owned,empty_with_retry,baseline,12,15306,1477822,96.55180974781132,1
encode_owned,empty_with_retry,step1,12,41666,1735745,41.65854653674459,1
encode_owned,empty_with_retry,step2,12,41095,1748150,42.539238350164254,1
encode_owned,empty_with_retry,original,12,12295,1237785,100.67385115900773,1
encode_owned,empty_with_retry,step1,13,41666,1782565,42.782244515912254,1
encode_owned,empty_with_retry,step2,13,41095,1658198,40.35035892444336,1
encode_owned,empty_with_retry,baseline,13,15306,1523337,99.52548020384162,1
encode_owned,empty_with_retry,original,13,12295,1236573,100.57527450183001,1
encode_owned,empty_with_retry,step1,14,41666,1781496,42.75658810540968,1
encode_owned,empty_with_retry,step2,14,41095,1731221,42.12729042462587,1
encode_owned,empty_with_retry,original,14,12295,1245383,101.2918259455063,1
encode_owned,empty_with_retry,baseline,14,15306,1531379,100.05089507382726,1
encode_owned,empty_with_retry,step1,15,41666,1762581,42.30262084193347,1
encode_owned,empty_with_retry,original,15,12295,1225029,99.63635624237494,1
encode_owned,empty_with_retry,baseline,15,15306,1528665,99.8735789886319,1
encode_owned,empty_with_retry,step2,15,41095,1798756,43.77067769801679,1
encode_owned,empty_with_retry,baseline,16,15306,1538082,100.48882791062329,1
encode_owned,empty_with_retry,step1,16,41666,1747449,41.9394470311525,1
encode_owned,empty_with_retry,step2,16,41095,1725157,41.97972989414771,1
encode_owned,empty_with_retry,original,16,12295,1211552,98.54021960146402,1
encode_owned,empty_with_retry,step1,17,41666,1759202,42.22152354437671,1
encode_owned,empty_with_retry,step2,17,41095,1723145,41.93077016668695,1
encode_owned,empty_with_retry,baseline,17,15306,1537374,100.44257154057233,1
encode_owned,empty_with_retry,original,17,12295,1229487,99.99894265961773,1
encode_owned,empty_with_retry,step2,18,41095,1764721,42.94247475361966,1
encode_owned,empty_with_retry,baseline,18,15306,1506522,98.42689141513132,1
encode_owned,empty_with_retry,step1,18,41666,1779491,42.708467335477366,1
encode_owned,empty_with_retry,original,18,12295,1229660,100.01301342008946,1
encode_owned,empty_with_retry,baseline,19,15306,1546621,101.04671370704298,1
encode_owned,empty_with_retry,original,19,12295,1192698,97.00675071167142,1
encode_owned,empty_with_retry,step1,19,41666,1741526,41.79729275668411,1
encode_owned,empty_with_retry,step2,19,41095,1706818,41.53347122520988,1
encode_owned,empty_with_retry,baseline,20,15306,1551484,101.36443224879132,1
encode_owned,empty_with_retry,step2,20,41095,1722401,41.912665774425115,1
encode_owned,empty_with_retry,original,20,12295,1235024,100.44928832858886,1
encode_owned,empty_with_retry,step1,20,41666,1778976,42.6961071377142,1
encode_owned,empty_with_retry,original,21,12295,1222664,99.4440016266775,1
encode_owned,empty_with_retry,baseline,21,15306,1526415,99.7265778126225,1
encode_owned,empty_with_retry,step2,21,41095,1681211,40.91035405767125,1
encode_owned,empty_with_retry,step1,21,41666,1664104,39.93913502616042,1
encode_owned,empty_with_retry,step2,22,41095,1715122,41.73553960335807,1
encode_owned,empty_with_retry,baseline,22,15306,1597602,104.37749901999216,1
encode_owned,empty_with_retry,step1,22,41666,1803056,43.27403638458215,1
encode_owned,empty_with_retry,original,22,12295,1254133,102.00349735664905,1
encode_owned,empty_with_retry,baseline,23,15306,1509015,98.58976871814974,1
encode_owned,empty_with_retry,original,23,12295,1215107,98.82936152907686,1
encode_owned,empty_with_retry,step1,23,41666,1767458,42.41967071473144,1
encode_owned,empty_with_retry,step2,23,41095,1781440,43.34931256843898,1
encode_owned,empty_with_retry,original,24,12295,1214705,98.79666531110207,1
encode_owned,empty_with_retry,step1,24,41666,1787644,42.90414246627946,1
encode_owned,empty_with_retry,baseline,24,15306,1523134,99.51221743107278,1
encode_owned,empty_with_retry,step2,24,41095,1777449,43.25219613091617,1
encode_owned,empty_with_retry,step2,25,41095,1728663,42.06504440929554,1
encode_owned,empty_with_retry,baseline,25,15306,1495110,97.68130145041161,1
encode_owned,empty_with_retry,original,25,12295,1210956,98.49174461163075,1
encode_owned,empty_with_retry,step1,25,41666,1817919,43.63075409206547,1
encode_owned,empty_with_retry,step2,26,41095,1761437,42.8625623555177,1
encode_owned,empty_with_retry,step1,26,41666,1752839,42.068809100945614,1
encode_owned,empty_with_retry,baseline,26,15306,1515652,99.0233895204495,1
encode_owned,empty_with_retry,original,26,12295,1281696,104.24530296868646,1
encode_owned,empty_with_retry,original,27,12295,1236779,100.5920292801952,1
encode_owned,empty_with_retry,baseline,27,15306,1544795,100.92741408597935,1
encode_owned,empty_with_retry,step1,27,41666,1784968,42.83991743867902,1
encode_owned,empty_with_retry,step2,27,41095,1774148,43.17187005718457,1
encode_owned,empty_with_retry,step1,28,41666,1758446,42.20337925406807,1
encode_owned,empty_with_retry,baseline,28,15306,1529167,99.906376584346,1
encode_owned,empty_with_retry,step2,28,41095,1757278,42.76135782941964,1
encode_owned,empty_with_retry,original,28,12295,1219534,99.18942659617731,1
encode_owned,empty_with_retry,baseline,29,15306,1512242,98.80060107147524,1
encode_owned,empty_with_retry,original,29,12295,1227034,99.79943066287109,1
encode_owned,empty_with_retry,step2,29,41095,1775784,43.21168025307215,1
encode_owned,empty_with_retry,step1,29,41666,1788289,42.91962271396342,1
encode_owned,empty_with_retry,baseline,30,15306,1546459,101.03612962237031,1
encode_owned,empty_with_retry,step1,30,41666,1758955,42.21559544952719,1
encode_owned,empty_with_retry,original,30,12295,1220847,99.2962179747865,1
encode_owned,empty_with_retry,step2,30,41095,1782853,43.383696313420124,1
