mode,scenario,variant,round,iterations,total_ns,ns_per_iteration,events
bytes_tokio,small_data_whole_stream_chunk,step1,0,1,3807525,3807525,100000
bytes_tokio,small_data_whole_stream_chunk,core,0,1,3527305,3527305,100000
bytes_tokio,small_data_whole_stream_chunk,baseline,0,1,3781990,3781990,100000
bytes_tokio,small_data_whole_stream_chunk,baseline,1,1,4040917,4040917,100000
bytes_tokio,small_data_whole_stream_chunk,core,1,1,3223339,3223339,100000
bytes_tokio,small_data_whole_stream_chunk,step1,1,1,3754808,3754808,100000
bytes_tokio,small_data_whole_stream_chunk,core,2,1,2999848,2999848,100000
bytes_tokio,small_data_whole_stream_chunk,baseline,2,1,3656887,3656887,100000
bytes_tokio,small_data_whole_stream_chunk,step1,2,1,3664209,3664209,100000
bytes_tokio,small_data_whole_stream_chunk,core,3,1,2986591,2986591,100000
bytes_tokio,small_data_whole_stream_chunk,step1,3,1,3629085,3629085,100000
bytes_tokio,small_data_whole_stream_chunk,baseline,3,1,3686968,3686968,100000
bytes_tokio,small_data_whole_stream_chunk,step1,4,1,3632666,3632666,100000
bytes_tokio,small_data_whole_stream_chunk,baseline,4,1,3697492,3697492,100000
bytes_tokio,small_data_whole_stream_chunk,core,4,1,2990721,2990721,100000
bytes_tokio,small_data_whole_stream_chunk,core,5,1,2873631,2873631,100000
bytes_tokio,small_data_whole_stream_chunk,baseline,5,1,3646424,3646424,100000
bytes_tokio,small_data_whole_stream_chunk,step1,5,1,3726491,3726491,100000
bytes_tokio,small_data_whole_stream_chunk,baseline,6,1,3637977,3637977,100000
bytes_tokio,small_data_whole_stream_chunk,step1,6,1,3683119,3683119,100000
bytes_tokio,small_data_whole_stream_chunk,core,6,1,2981175,2981175,100000
bytes_tokio,small_data_whole_stream_chunk,baseline,7,1,3723539,3723539,100000
bytes_tokio,small_data_whole_stream_chunk,core,7,1,2946171,2946171,100000
bytes_tokio,small_data_whole_stream_chunk,step1,7,1,3658527,3658527,100000
bytes_tokio,small_data_whole_stream_chunk,step1,8,1,3679793,3679793,100000
bytes_tokio,small_data_whole_stream_chunk,baseline,8,1,3652507,3652507,100000
bytes_tokio,small_data_whole_stream_chunk,core,8,1,3024500,3024500,100000
bytes_tokio,small_data_whole_stream_chunk,step1,9,1,3636957,3636957,100000
bytes_tokio,small_data_whole_stream_chunk,core,9,1,2984031,2984031,100000
bytes_tokio,small_data_whole_stream_chunk,baseline,9,1,3657577,3657577,100000
bytes_tokio,small_data_whole_stream_chunk,step1,10,1,3691789,3691789,100000
bytes_tokio,small_data_whole_stream_chunk,baseline,10,1,3665591,3665591,100000
bytes_tokio,small_data_whole_stream_chunk,core,10,1,2984665,2984665,100000
bytes_tokio,small_data_whole_stream_chunk,baseline,11,1,3658670,3658670,100000
bytes_tokio,small_data_whole_stream_chunk,core,11,1,2993016,2993016,100000
bytes_tokio,small_data_whole_stream_chunk,step1,11,1,3672144,3672144,100000
bytes_tokio,small_data_whole_stream_chunk,core,12,1,3057928,3057928,100000
bytes_tokio,small_data_whole_stream_chunk,step1,12,1,3631110,3631110,100000
bytes_tokio,small_data_whole_stream_chunk,baseline,12,1,3705689,3705689,100000
bytes_tokio,small_data_whole_stream_chunk,step1,13,1,3695018,3695018,100000
bytes_tokio,small_data_whole_stream_chunk,baseline,13,1,3652217,3652217,100000
bytes_tokio,small_data_whole_stream_chunk,core,13,1,3022918,3022918,100000
bytes_tokio,small_data_whole_stream_chunk,core,14,1,2945754,2945754,100000
bytes_tokio,small_data_whole_stream_chunk,step1,14,1,3642732,3642732,100000
bytes_tokio,small_data_whole_stream_chunk,baseline,14,1,3724329,3724329,100000
bytes_tokio,small_data_whole_stream_chunk,core,15,1,2962926,2962926,100000
bytes_tokio,small_data_whole_stream_chunk,baseline,15,1,3642984,3642984,100000
bytes_tokio,small_data_whole_stream_chunk,step1,15,1,3646526,3646526,100000
bytes_tokio,small_data_whole_stream_chunk,core,16,1,2970484,2970484,100000
bytes_tokio,small_data_whole_stream_chunk,step1,16,1,3678072,3678072,100000
bytes_tokio,small_data_whole_stream_chunk,baseline,16,1,3659528,3659528,100000
bytes_tokio,small_data_whole_stream_chunk,core,17,1,3008445,3008445,100000
bytes_tokio,small_data_whole_stream_chunk,step1,17,1,3664120,3664120,100000
bytes_tokio,small_data_whole_stream_chunk,baseline,17,1,3676742,3676742,100000
bytes_tokio,small_data_whole_stream_chunk,baseline,18,1,3690001,3690001,100000
bytes_tokio,small_data_whole_stream_chunk,step1,18,1,3630703,3630703,100000
bytes_tokio,small_data_whole_stream_chunk,core,18,1,2994456,2994456,100000
bytes_tokio,small_data_whole_stream_chunk,core,19,1,2927359,2927359,100000
bytes_tokio,small_data_whole_stream_chunk,baseline,19,1,3650244,3650244,100000
bytes_tokio,small_data_whole_stream_chunk,step1,19,1,3762506,3762506,100000
bytes_tokio,small_data_whole_stream_chunk,core,20,1,2968065,2968065,100000
bytes_tokio,small_data_whole_stream_chunk,baseline,20,1,3662110,3662110,100000
bytes_tokio,small_data_whole_stream_chunk,step1,20,1,3640171,3640171,100000
bytes_tokio,small_data_whole_stream_chunk,step1,21,1,3645982,3645982,100000
bytes_tokio,small_data_whole_stream_chunk,core,21,1,3036483,3036483,100000
bytes_tokio,small_data_whole_stream_chunk,baseline,21,1,3656039,3656039,100000
bytes_tokio,small_data_whole_stream_chunk,core,22,1,2952686,2952686,100000
bytes_tokio,small_data_whole_stream_chunk,step1,22,1,3672630,3672630,100000
bytes_tokio,small_data_whole_stream_chunk,baseline,22,1,3659714,3659714,100000
bytes_tokio,small_data_whole_stream_chunk,core,23,1,3005667,3005667,100000
bytes_tokio,small_data_whole_stream_chunk,baseline,23,1,3655721,3655721,100000
bytes_tokio,small_data_whole_stream_chunk,step1,23,1,3623016,3623016,100000
bytes_tokio,small_data_whole_stream_chunk,core,24,1,3089318,3089318,100000
bytes_tokio,small_data_whole_stream_chunk,baseline,24,1,3657955,3657955,100000
bytes_tokio,small_data_whole_stream_chunk,step1,24,1,3639957,3639957,100000
bytes_tokio,small_data_whole_stream_chunk,step1,25,1,3652585,3652585,100000
bytes_tokio,small_data_whole_stream_chunk,baseline,25,1,3683545,3683545,100000
bytes_tokio,small_data_whole_stream_chunk,core,25,1,2938837,2938837,100000
bytes_tokio,small_data_whole_stream_chunk,core,26,1,2973392,2973392,100000
bytes_tokio,small_data_whole_stream_chunk,baseline,26,1,3679301,3679301,100000
bytes_tokio,small_data_whole_stream_chunk,step1,26,1,3617907,3617907,100000
bytes_tokio,small_data_whole_stream_chunk,step1,27,1,3659346,3659346,100000
bytes_tokio,small_data_whole_stream_chunk,core,27,1,3054722,3054722,100000
bytes_tokio,small_data_whole_stream_chunk,baseline,27,1,3677159,3677159,100000
bytes_tokio,small_data_whole_stream_chunk,core,28,1,3038706,3038706,100000
bytes_tokio,small_data_whole_stream_chunk,step1,28,1,3692251,3692251,100000
bytes_tokio,small_data_whole_stream_chunk,baseline,28,1,3637775,3637775,100000
bytes_tokio,small_data_whole_stream_chunk,step1,29,1,3673398,3673398,100000
bytes_tokio,small_data_whole_stream_chunk,baseline,29,1,3728495,3728495,100000
bytes_tokio,small_data_whole_stream_chunk,core,29,1,3004087,3004087,100000
bytes_tokio,small_data_whole_stream_chunk,core,30,1,2921010,2921010,100000
bytes_tokio,small_data_whole_stream_chunk,step1,30,1,3625099,3625099,100000
bytes_tokio,small_data_whole_stream_chunk,baseline,30,1,3699949,3699949,100000
bytes_tokio,small_data_tcp_chunks,step1,0,1,3717056,3717056,100000
bytes_tokio,small_data_tcp_chunks,core,0,1,2962719,2962719,100000
bytes_tokio,small_data_tcp_chunks,baseline,0,1,3705467,3705467,100000
bytes_tokio,small_data_tcp_chunks,baseline,1,1,3706236,3706236,100000
bytes_tokio,small_data_tcp_chunks,core,1,1,3031081,3031081,100000
bytes_tokio,small_data_tcp_chunks,step1,1,1,3699708,3699708,100000
bytes_tokio,small_data_tcp_chunks,core,2,1,3013890,3013890,100000
bytes_tokio,small_data_tcp_chunks,baseline,2,1,3706518,3706518,100000
bytes_tokio,small_data_tcp_chunks,step1,2,1,3704611,3704611,100000
bytes_tokio,small_data_tcp_chunks,core,3,1,3003759,3003759,100000
bytes_tokio,small_data_tcp_chunks,step1,3,1,3715105,3715105,100000
bytes_tokio,small_data_tcp_chunks,baseline,3,1,3698435,3698435,100000
bytes_tokio,small_data_tcp_chunks,step1,4,1,3694217,3694217,100000
bytes_tokio,small_data_tcp_chunks,baseline,4,1,3702414,3702414,100000
bytes_tokio,small_data_tcp_chunks,core,4,1,3074048,3074048,100000
bytes_tokio,small_data_tcp_chunks,core,5,1,3040549,3040549,100000
bytes_tokio,small_data_tcp_chunks,baseline,5,1,3689845,3689845,100000
bytes_tokio,small_data_tcp_chunks,step1,5,1,3692501,3692501,100000
bytes_tokio,small_data_tcp_chunks,baseline,6,1,3703407,3703407,100000
bytes_tokio,small_data_tcp_chunks,step1,6,1,3704459,3704459,100000
bytes_tokio,small_data_tcp_chunks,core,6,1,3090693,3090693,100000
bytes_tokio,small_data_tcp_chunks,baseline,7,1,3695278,3695278,100000
bytes_tokio,small_data_tcp_chunks,core,7,1,3082014,3082014,100000
bytes_tokio,small_data_tcp_chunks,step1,7,1,3688112,3688112,100000
bytes_tokio,small_data_tcp_chunks,step1,8,1,3685598,3685598,100000
bytes_tokio,small_data_tcp_chunks,baseline,8,1,3701955,3701955,100000
bytes_tokio,small_data_tcp_chunks,core,8,1,3078700,3078700,100000
bytes_tokio,small_data_tcp_chunks,step1,9,1,3697195,3697195,100000
bytes_tokio,small_data_tcp_chunks,core,9,1,3073702,3073702,100000
bytes_tokio,small_data_tcp_chunks,baseline,9,1,3735771,3735771,100000
bytes_tokio,small_data_tcp_chunks,step1,10,1,3680314,3680314,100000
bytes_tokio,small_data_tcp_chunks,baseline,10,1,3710525,3710525,100000
bytes_tokio,small_data_tcp_chunks,core,10,1,3067472,3067472,100000
bytes_tokio,small_data_tcp_chunks,baseline,11,1,3730502,3730502,100000
bytes_tokio,small_data_tcp_chunks,core,11,1,3050151,3050151,100000
bytes_tokio,small_data_tcp_chunks,step1,11,1,3726112,3726112,100000
bytes_tokio,small_data_tcp_chunks,core,12,1,3049164,3049164,100000
bytes_tokio,small_data_tcp_chunks,step1,12,1,3695295,3695295,100000
bytes_tokio,small_data_tcp_chunks,baseline,12,1,3712146,3712146,100000
bytes_tokio,small_data_tcp_chunks,step1,13,1,3683478,3683478,100000
bytes_tokio,small_data_tcp_chunks,baseline,13,1,3698779,3698779,100000
bytes_tokio,small_data_tcp_chunks,core,13,1,3062886,3062886,100000
bytes_tokio,small_data_tcp_chunks,core,14,1,3043075,3043075,100000
bytes_tokio,small_data_tcp_chunks,step1,14,1,3701149,3701149,100000
bytes_tokio,small_data_tcp_chunks,baseline,14,1,3726339,3726339,100000
bytes_tokio,small_data_tcp_chunks,core,15,1,3105163,3105163,100000
bytes_tokio,small_data_tcp_chunks,baseline,15,1,3715105,3715105,100000
bytes_tokio,small_data_tcp_chunks,step1,15,1,3679834,3679834,100000
bytes_tokio,small_data_tcp_chunks,core,16,1,2999213,2999213,100000
bytes_tokio,small_data_tcp_chunks,step1,16,1,3696710,3696710,100000
bytes_tokio,small_data_tcp_chunks,baseline,16,1,3694585,3694585,100000
bytes_tokio,small_data_tcp_chunks,core,17,1,2990378,2990378,100000
bytes_tokio,small_data_tcp_chunks,step1,17,1,3695127,3695127,100000
bytes_tokio,small_data_tcp_chunks,baseline,17,1,3754209,3754209,100000
bytes_tokio,small_data_tcp_chunks,baseline,18,1,3713599,3713599,100000
bytes_tokio,small_data_tcp_chunks,step1,18,1,3869510,3869510,100000
bytes_tokio,small_data_tcp_chunks,core,18,1,2999325,2999325,100000
bytes_tokio,small_data_tcp_chunks,core,19,1,3001749,3001749,100000
bytes_tokio,small_data_tcp_chunks,baseline,19,1,3725964,3725964,100000
bytes_tokio,small_data_tcp_chunks,step1,19,1,3680707,3680707,100000
bytes_tokio,small_data_tcp_chunks,core,20,1,3007794,3007794,100000
bytes_tokio,small_data_tcp_chunks,baseline,20,1,3690186,3690186,100000
bytes_tokio,small_data_tcp_chunks,step1,20,1,3682878,3682878,100000
bytes_tokio,small_data_tcp_chunks,step1,21,1,3684537,3684537,100000
bytes_tokio,small_data_tcp_chunks,core,21,1,3066836,3066836,100000
bytes_tokio,small_data_tcp_chunks,baseline,21,1,3700314,3700314,100000
bytes_tokio,small_data_tcp_chunks,core,22,1,3030979,3030979,100000
bytes_tokio,small_data_tcp_chunks,step1,22,1,3691091,3691091,100000
bytes_tokio,small_data_tcp_chunks,baseline,22,1,3695932,3695932,100000
bytes_tokio,small_data_tcp_chunks,core,23,1,3001534,3001534,100000
bytes_tokio,small_data_tcp_chunks,baseline,23,1,3687198,3687198,100000
bytes_tokio,small_data_tcp_chunks,step1,23,1,3689029,3689029,100000
bytes_tokio,small_data_tcp_chunks,core,24,1,3013212,3013212,100000
bytes_tokio,small_data_tcp_chunks,baseline,24,1,3689212,3689212,100000
bytes_tokio,small_data_tcp_chunks,step1,24,1,3680296,3680296,100000
bytes_tokio,small_data_tcp_chunks,step1,25,1,3686534,3686534,100000
bytes_tokio,small_data_tcp_chunks,baseline,25,1,3688702,3688702,100000
bytes_tokio,small_data_tcp_chunks,core,25,1,3003785,3003785,100000
bytes_tokio,small_data_tcp_chunks,core,26,1,2959730,2959730,100000
bytes_tokio,small_data_tcp_chunks,baseline,26,1,3702459,3702459,100000
bytes_tokio,small_data_tcp_chunks,step1,26,1,3688064,3688064,100000
bytes_tokio,small_data_tcp_chunks,step1,27,1,3672588,3672588,100000
bytes_tokio,small_data_tcp_chunks,core,27,1,2994774,2994774,100000
bytes_tokio,small_data_tcp_chunks,baseline,27,1,3734939,3734939,100000
bytes_tokio,small_data_tcp_chunks,core,28,1,3051826,3051826,100000
bytes_tokio,small_data_tcp_chunks,step1,28,1,3682898,3682898,100000
bytes_tokio,small_data_tcp_chunks,baseline,28,1,3709576,3709576,100000
bytes_tokio,small_data_tcp_chunks,step1,29,1,3693769,3693769,100000
bytes_tokio,small_data_tcp_chunks,baseline,29,1,3720291,3720291,100000
bytes_tokio,small_data_tcp_chunks,core,29,1,2987232,2987232,100000
bytes_tokio,small_data_tcp_chunks,core,30,1,3011097,3011097,100000
bytes_tokio,small_data_tcp_chunks,step1,30,1,3702095,3702095,100000
bytes_tokio,small_data_tcp_chunks,baseline,30,1,3769312,3769312,100000
bytes_tokio,small_data_event_chunks,step1,0,1,4769273,4769273,100000
bytes_tokio,small_data_event_chunks,core,0,1,4290001,4290001,100000
bytes_tokio,small_data_event_chunks,baseline,0,1,5017358,5017358,100000
bytes_tokio,small_data_event_chunks,baseline,1,1,5497247,5497247,100000
bytes_tokio,small_data_event_chunks,core,1,1,5386323,5386323,100000
bytes_tokio,small_data_event_chunks,step1,1,1,5788339,5788339,100000
bytes_tokio,small_data_event_chunks,core,2,1,5430621,5430621,100000
bytes_tokio,small_data_event_chunks,baseline,2,1,5805042,5805042,100000
bytes_tokio,small_data_event_chunks,step1,2,1,5445621,5445621,100000
bytes_tokio,small_data_event_chunks,core,3,1,5379227,5379227,100000
bytes_tokio,small_data_event_chunks,step1,3,1,5752052,5752052,100000
bytes_tokio,small_data_event_chunks,baseline,3,1,5736549,5736549,100000
bytes_tokio,small_data_event_chunks,step1,4,1,5761333,5761333,100000
bytes_tokio,small_data_event_chunks,baseline,4,1,5601808,5601808,100000
bytes_tokio,small_data_event_chunks,core,4,1,5477337,5477337,100000
bytes_tokio,small_data_event_chunks,core,5,1,5447393,5447393,100000
bytes_tokio,small_data_event_chunks,baseline,5,1,5388412,5388412,100000
bytes_tokio,small_data_event_chunks,step1,5,1,5758024,5758024,100000
bytes_tokio,small_data_event_chunks,baseline,6,1,5561675,5561675,100000
bytes_tokio,small_data_event_chunks,step1,6,1,5569519,5569519,100000
bytes_tokio,small_data_event_chunks,core,6,1,5521603,5521603,100000
bytes_tokio,small_data_event_chunks,baseline,7,1,5256541,5256541,100000
bytes_tokio,small_data_event_chunks,core,7,1,4646539,4646539,100000
bytes_tokio,small_data_event_chunks,step1,7,1,4728173,4728173,100000
bytes_tokio,small_data_event_chunks,step1,8,1,4796654,4796654,100000
bytes_tokio,small_data_event_chunks,baseline,8,1,4937368,4937368,100000
bytes_tokio,small_data_event_chunks,core,8,1,4590787,4590787,100000
bytes_tokio,small_data_event_chunks,step1,9,1,4763608,4763608,100000
bytes_tokio,small_data_event_chunks,core,9,1,4357848,4357848,100000
bytes_tokio,small_data_event_chunks,baseline,9,1,4901091,4901091,100000
bytes_tokio,small_data_event_chunks,step1,10,1,4809601,4809601,100000
bytes_tokio,small_data_event_chunks,baseline,10,1,5047503,5047503,100000
bytes_tokio,small_data_event_chunks,core,10,1,4340926,4340926,100000
bytes_tokio,small_data_event_chunks,baseline,11,1,4979347,4979347,100000
bytes_tokio,small_data_event_chunks,core,11,1,4309729,4309729,100000
bytes_tokio,small_data_event_chunks,step1,11,1,4748577,4748577,100000
bytes_tokio,small_data_event_chunks,core,12,1,4463673,4463673,100000
bytes_tokio,small_data_event_chunks,step1,12,1,4752038,4752038,100000
bytes_tokio,small_data_event_chunks,baseline,12,1,4814187,4814187,100000
bytes_tokio,small_data_event_chunks,step1,13,1,4752949,4752949,100000
bytes_tokio,small_data_event_chunks,baseline,13,1,4856233,4856233,100000
bytes_tokio,small_data_event_chunks,core,13,1,7082001,7082001,100000
bytes_tokio,small_data_event_chunks,core,14,1,4554834,4554834,100000
bytes_tokio,small_data_event_chunks,step1,14,1,4761017,4761017,100000
bytes_tokio,small_data_event_chunks,baseline,14,1,4856463,4856463,100000
bytes_tokio,small_data_event_chunks,core,15,1,4279514,4279514,100000
bytes_tokio,small_data_event_chunks,baseline,15,1,4825774,4825774,100000
bytes_tokio,small_data_event_chunks,step1,15,1,4729459,4729459,100000
bytes_tokio,small_data_event_chunks,core,16,1,4261631,4261631,100000
bytes_tokio,small_data_event_chunks,step1,16,1,4742623,4742623,100000
bytes_tokio,small_data_event_chunks,baseline,16,1,4786035,4786035,100000
bytes_tokio,small_data_event_chunks,core,17,1,4288930,4288930,100000
bytes_tokio,small_data_event_chunks,step1,17,1,4718176,4718176,100000
bytes_tokio,small_data_event_chunks,baseline,17,1,4826538,4826538,100000
bytes_tokio,small_data_event_chunks,baseline,18,1,4754325,4754325,100000
bytes_tokio,small_data_event_chunks,step1,18,1,4797318,4797318,100000
bytes_tokio,small_data_event_chunks,core,18,1,4353158,4353158,100000
bytes_tokio,small_data_event_chunks,core,19,1,4275200,4275200,100000
bytes_tokio,small_data_event_chunks,baseline,19,1,4766931,4766931,100000
bytes_tokio,small_data_event_chunks,step1,19,1,4767152,4767152,100000
bytes_tokio,small_data_event_chunks,core,20,1,4303500,4303500,100000
bytes_tokio,small_data_event_chunks,baseline,20,1,4769218,4769218,100000
bytes_tokio,small_data_event_chunks,step1,20,1,4804281,4804281,100000
bytes_tokio,small_data_event_chunks,step1,21,1,4751871,4751871,100000
bytes_tokio,small_data_event_chunks,core,21,1,4322069,4322069,100000
bytes_tokio,small_data_event_chunks,baseline,21,1,4779322,4779322,100000
bytes_tokio,small_data_event_chunks,core,22,1,4333507,4333507,100000
bytes_tokio,small_data_event_chunks,step1,22,1,4750561,4750561,100000
bytes_tokio,small_data_event_chunks,baseline,22,1,4937880,4937880,100000
bytes_tokio,small_data_event_chunks,core,23,1,4384091,4384091,100000
bytes_tokio,small_data_event_chunks,baseline,23,1,5115221,5115221,100000
bytes_tokio,small_data_event_chunks,step1,23,1,4929174,4929174,100000
bytes_tokio,small_data_event_chunks,core,24,1,4362549,4362549,100000
bytes_tokio,small_data_event_chunks,baseline,24,1,5114478,5114478,100000
bytes_tokio,small_data_event_chunks,step1,24,1,4895631,4895631,100000
bytes_tokio,small_data_event_chunks,step1,25,1,4908696,4908696,100000
bytes_tokio,small_data_event_chunks,baseline,25,1,4885352,4885352,100000
bytes_tokio,small_data_event_chunks,core,25,1,4411470,4411470,100000
bytes_tokio,small_data_event_chunks,core,26,1,4286648,4286648,100000
bytes_tokio,small_data_event_chunks,baseline,26,1,4756675,4756675,100000
bytes_tokio,small_data_event_chunks,step1,26,1,4740628,4740628,100000
bytes_tokio,small_data_event_chunks,step1,27,1,4765245,4765245,100000
bytes_tokio,small_data_event_chunks,core,27,1,4563780,4563780,100000
bytes_tokio,small_data_event_chunks,baseline,27,1,5090776,5090776,100000
bytes_tokio,small_data_event_chunks,core,28,1,4275474,4275474,100000
bytes_tokio,small_data_event_chunks,step1,28,1,4776301,4776301,100000
bytes_tokio,small_data_event_chunks,baseline,28,1,4762507,4762507,100000
bytes_tokio,small_data_event_chunks,step1,29,1,4803670,4803670,100000
bytes_tokio,small_data_event_chunks,baseline,29,1,4764753,4764753,100000
bytes_tokio,small_data_event_chunks,core,29,1,4268503,4268503,100000
bytes_tokio,small_data_event_chunks,core,30,1,4270716,4270716,100000
bytes_tokio,small_data_event_chunks,step1,30,1,4735636,4735636,100000
bytes_tokio,small_data_event_chunks,baseline,30,1,4788573,4788573,100000
bytes_tokio,small_data_4b_chunks,step1,0,1,11969442,11969442,100000
bytes_tokio,small_data_4b_chunks,core,0,1,10172740,10172740,100000
bytes_tokio,small_data_4b_chunks,baseline,0,1,11970264,11970264,100000
bytes_tokio,small_data_4b_chunks,baseline,1,1,11897707,11897707,100000
bytes_tokio,small_data_4b_chunks,core,1,1,10164287,10164287,100000
bytes_tokio,small_data_4b_chunks,step1,1,1,11979387,11979387,100000
bytes_tokio,small_data_4b_chunks,core,2,1,10167929,10167929,100000
bytes_tokio,small_data_4b_chunks,baseline,2,1,12009160,12009160,100000
bytes_tokio,small_data_4b_chunks,step1,2,1,11973402,11973402,100000
bytes_tokio,small_data_4b_chunks,core,3,1,10177648,10177648,100000
bytes_tokio,small_data_4b_chunks,step1,3,1,12007694,12007694,100000
bytes_tokio,small_data_4b_chunks,baseline,3,1,12002208,12002208,100000
bytes_tokio,small_data_4b_chunks,step1,4,1,12096788,12096788,100000
bytes_tokio,small_data_4b_chunks,baseline,4,1,11898478,11898478,100000
bytes_tokio,small_data_4b_chunks,core,4,1,10187155,10187155,100000
bytes_tokio,small_data_4b_chunks,core,5,1,10185321,10185321,100000
bytes_tokio,small_data_4b_chunks,baseline,5,1,11923952,11923952,100000
bytes_tokio,small_data_4b_chunks,step1,5,1,11939955,11939955,100000
bytes_tokio,small_data_4b_chunks,baseline,6,1,11890527,11890527,100000
bytes_tokio,small_data_4b_chunks,step1,6,1,11998779,11998779,100000
bytes_tokio,small_data_4b_chunks,core,6,1,10351413,10351413,100000
bytes_tokio,small_data_4b_chunks,baseline,7,1,11964564,11964564,100000
bytes_tokio,small_data_4b_chunks,core,7,1,10167453,10167453,100000
bytes_tokio,small_data_4b_chunks,step1,7,1,11993775,11993775,100000
bytes_tokio,small_data_4b_chunks,step1,8,1,11957207,11957207,100000
bytes_tokio,small_data_4b_chunks,baseline,8,1,11908583,11908583,100000
bytes_tokio,small_data_4b_chunks,core,8,1,10159888,10159888,100000
bytes_tokio,small_data_4b_chunks,step1,9,1,11962332,11962332,100000
bytes_tokio,small_data_4b_chunks,core,9,1,10198098,10198098,100000
bytes_tokio,small_data_4b_chunks,baseline,9,1,11930901,11930901,100000
bytes_tokio,small_data_4b_chunks,step1,10,1,11978926,11978926,100000
bytes_tokio,small_data_4b_chunks,baseline,10,1,11918027,11918027,100000
bytes_tokio,small_data_4b_chunks,core,10,1,10245848,10245848,100000
bytes_tokio,small_data_4b_chunks,baseline,11,1,11977656,11977656,100000
bytes_tokio,small_data_4b_chunks,core,11,1,10222305,10222305,100000
bytes_tokio,small_data_4b_chunks,step1,11,1,11972152,11972152,100000
bytes_tokio,small_data_4b_chunks,core,12,1,10174842,10174842,100000
bytes_tokio,small_data_4b_chunks,step1,12,1,12014694,12014694,100000
bytes_tokio,small_data_4b_chunks,baseline,12,1,11936148,11936148,100000
bytes_tokio,small_data_4b_chunks,step1,13,1,12113930,12113930,100000
bytes_tokio,small_data_4b_chunks,baseline,13,1,13357277,13357277,100000
bytes_tokio,small_data_4b_chunks,core,13,1,12277204,12277204,100000
bytes_tokio,small_data_4b_chunks,core,14,1,11862524,11862524,100000
bytes_tokio,small_data_4b_chunks,step1,14,1,13654324,13654324,100000
bytes_tokio,small_data_4b_chunks,baseline,14,1,13969928,13969928,100000
bytes_tokio,small_data_4b_chunks,core,15,1,12536073,12536073,100000
bytes_tokio,small_data_4b_chunks,baseline,15,1,13737827,13737827,100000
bytes_tokio,small_data_4b_chunks,step1,15,1,13064566,13064566,100000
bytes_tokio,small_data_4b_chunks,core,16,1,10460869,10460869,100000
bytes_tokio,small_data_4b_chunks,step1,16,1,12100842,12100842,100000
bytes_tokio,small_data_4b_chunks,baseline,16,1,12478518,12478518,100000
bytes_tokio,small_data_4b_chunks,core,17,1,10319190,10319190,100000
bytes_tokio,small_data_4b_chunks,step1,17,1,12201785,12201785,100000
bytes_tokio,small_data_4b_chunks,baseline,17,1,12030468,12030468,100000
bytes_tokio,small_data_4b_chunks,baseline,18,1,11952811,11952811,100000
bytes_tokio,small_data_4b_chunks,step1,18,1,14120413,14120413,100000
bytes_tokio,small_data_4b_chunks,core,18,1,10901505,10901505,100000
bytes_tokio,small_data_4b_chunks,core,19,1,10297628,10297628,100000
bytes_tokio,small_data_4b_chunks,baseline,19,1,11946957,11946957,100000
bytes_tokio,small_data_4b_chunks,step1,19,1,12014604,12014604,100000
bytes_tokio,small_data_4b_chunks,core,20,1,10230641,10230641,100000
bytes_tokio,small_data_4b_chunks,baseline,20,1,11987778,11987778,100000
bytes_tokio,small_data_4b_chunks,step1,20,1,12009016,12009016,100000
bytes_tokio,small_data_4b_chunks,step1,21,1,12014100,12014100,100000
bytes_tokio,small_data_4b_chunks,core,21,1,10208121,10208121,100000
bytes_tokio,small_data_4b_chunks,baseline,21,1,12001669,12001669,100000
bytes_tokio,small_data_4b_chunks,core,22,1,10219807,10219807,100000
bytes_tokio,small_data_4b_chunks,step1,22,1,12008056,12008056,100000
bytes_tokio,small_data_4b_chunks,baseline,22,1,11912434,11912434,100000
bytes_tokio,small_data_4b_chunks,core,23,1,10227640,10227640,100000
bytes_tokio,small_data_4b_chunks,baseline,23,1,11914790,11914790,100000
bytes_tokio,small_data_4b_chunks,step1,23,1,11978107,11978107,100000
bytes_tokio,small_data_4b_chunks,core,24,1,10158444,10158444,100000
bytes_tokio,small_data_4b_chunks,baseline,24,1,11895161,11895161,100000
bytes_tokio,small_data_4b_chunks,step1,24,1,11990263,11990263,100000
bytes_tokio,small_data_4b_chunks,step1,25,1,12005492,12005492,100000
bytes_tokio,small_data_4b_chunks,baseline,25,1,11986184,11986184,100000
bytes_tokio,small_data_4b_chunks,core,25,1,10230470,10230470,100000
bytes_tokio,small_data_4b_chunks,core,26,1,10247394,10247394,100000
bytes_tokio,small_data_4b_chunks,baseline,26,1,12009755,12009755,100000
bytes_tokio,small_data_4b_chunks,step1,26,1,12012972,12012972,100000
bytes_tokio,small_data_4b_chunks,step1,27,1,12003729,12003729,100000
bytes_tokio,small_data_4b_chunks,core,27,1,10278762,10278762,100000
bytes_tokio,small_data_4b_chunks,baseline,27,1,11930398,11930398,100000
bytes_tokio,small_data_4b_chunks,core,28,1,10186183,10186183,100000
bytes_tokio,small_data_4b_chunks,step1,28,1,11965214,11965214,100000
bytes_tokio,small_data_4b_chunks,baseline,28,1,11957402,11957402,100000
bytes_tokio,small_data_4b_chunks,step1,29,1,12003055,12003055,100000
bytes_tokio,small_data_4b_chunks,baseline,29,1,11922938,11922938,100000
bytes_tokio,small_data_4b_chunks,core,29,1,10192100,10192100,100000
bytes_tokio,small_data_4b_chunks,core,30,1,10185702,10185702,100000
bytes_tokio,small_data_4b_chunks,step1,30,1,11936591,11936591,100000
bytes_tokio,small_data_4b_chunks,baseline,30,1,11927524,11927524,100000
bytes_tokio,metadata_events_tcp_chunks,step1,0,1,3770443,3770443,50000
bytes_tokio,metadata_events_tcp_chunks,core,0,1,4440169,4440169,50000
bytes_tokio,metadata_events_tcp_chunks,baseline,0,1,3799454,3799454,50000
bytes_tokio,metadata_events_tcp_chunks,baseline,1,1,3786767,3786767,50000
bytes_tokio,metadata_events_tcp_chunks,core,1,1,4368160,4368160,50000
bytes_tokio,metadata_events_tcp_chunks,step1,1,1,3817535,3817535,50000
bytes_tokio,metadata_events_tcp_chunks,core,2,1,4427982,4427982,50000
bytes_tokio,metadata_events_tcp_chunks,baseline,2,1,3808862,3808862,50000
bytes_tokio,metadata_events_tcp_chunks,step1,2,1,3718030,3718030,50000
bytes_tokio,metadata_events_tcp_chunks,core,3,1,4389814,4389814,50000
bytes_tokio,metadata_events_tcp_chunks,step1,3,1,3787382,3787382,50000
bytes_tokio,metadata_events_tcp_chunks,baseline,3,1,3807878,3807878,50000
bytes_tokio,metadata_events_tcp_chunks,step1,4,1,3807221,3807221,50000
bytes_tokio,metadata_events_tcp_chunks,baseline,4,1,3748433,3748433,50000
bytes_tokio,metadata_events_tcp_chunks,core,4,1,4416941,4416941,50000
bytes_tokio,metadata_events_tcp_chunks,core,5,1,4394030,4394030,50000
bytes_tokio,metadata_events_tcp_chunks,baseline,5,1,3792012,3792012,50000
bytes_tokio,metadata_events_tcp_chunks,step1,5,1,3773177,3773177,50000
bytes_tokio,metadata_events_tcp_chunks,baseline,6,1,3780512,3780512,50000
bytes_tokio,metadata_events_tcp_chunks,step1,6,1,3751449,3751449,50000
bytes_tokio,metadata_events_tcp_chunks,core,6,1,4425641,4425641,50000
bytes_tokio,metadata_events_tcp_chunks,baseline,7,1,3802325,3802325,50000
bytes_tokio,metadata_events_tcp_chunks,core,7,1,4400524,4400524,50000
bytes_tokio,metadata_events_tcp_chunks,step1,7,1,3793289,3793289,50000
bytes_tokio,metadata_events_tcp_chunks,step1,8,1,3793245,3793245,50000
bytes_tokio,metadata_events_tcp_chunks,baseline,8,1,3815134,3815134,50000
bytes_tokio,metadata_events_tcp_chunks,core,8,1,4417698,4417698,50000
bytes_tokio,metadata_events_tcp_chunks,step1,9,1,3789618,3789618,50000
bytes_tokio,metadata_events_tcp_chunks,core,9,1,4424590,4424590,50000
bytes_tokio,metadata_events_tcp_chunks,baseline,9,1,3770613,3770613,50000
bytes_tokio,metadata_events_tcp_chunks,step1,10,1,3814358,3814358,50000
bytes_tokio,metadata_events_tcp_chunks,baseline,10,1,3793949,3793949,50000
bytes_tokio,metadata_events_tcp_chunks,core,10,1,4439369,4439369,50000
bytes_tokio,metadata_events_tcp_chunks,baseline,11,1,3756064,3756064,50000
bytes_tokio,metadata_events_tcp_chunks,core,11,1,4369494,4369494,50000
bytes_tokio,metadata_events_tcp_chunks,step1,11,1,3812325,3812325,50000
bytes_tokio,metadata_events_tcp_chunks,core,12,1,4392130,4392130,50000
bytes_tokio,metadata_events_tcp_chunks,step1,12,1,3738850,3738850,50000
bytes_tokio,metadata_events_tcp_chunks,baseline,12,1,3766123,3766123,50000
bytes_tokio,metadata_events_tcp_chunks,step1,13,1,3750761,3750761,50000
bytes_tokio,metadata_events_tcp_chunks,baseline,13,1,3762033,3762033,50000
bytes_tokio,metadata_events_tcp_chunks,core,13,1,4406625,4406625,50000
bytes_tokio,metadata_events_tcp_chunks,core,14,1,4418133,4418133,50000
bytes_tokio,metadata_events_tcp_chunks,step1,14,1,3760298,3760298,50000
bytes_tokio,metadata_events_tcp_chunks,baseline,14,1,3765120,3765120,50000
bytes_tokio,metadata_events_tcp_chunks,core,15,1,4404528,4404528,50000
bytes_tokio,metadata_events_tcp_chunks,baseline,15,1,3799430,3799430,50000
bytes_tokio,metadata_events_tcp_chunks,step1,15,1,3754037,3754037,50000
bytes_tokio,metadata_events_tcp_chunks,core,16,1,4422789,4422789,50000
bytes_tokio,metadata_events_tcp_chunks,step1,16,1,3758149,3758149,50000
bytes_tokio,metadata_events_tcp_chunks,baseline,16,1,3734946,3734946,50000
bytes_tokio,metadata_events_tcp_chunks,core,17,1,4399878,4399878,50000
bytes_tokio,metadata_events_tcp_chunks,step1,17,1,3768253,3768253,50000
bytes_tokio,metadata_events_tcp_chunks,baseline,17,1,3783538,3783538,50000
bytes_tokio,metadata_events_tcp_chunks,baseline,18,1,3756783,3756783,50000
bytes_tokio,metadata_events_tcp_chunks,step1,18,1,3767980,3767980,50000
bytes_tokio,metadata_events_tcp_chunks,core,18,1,4391409,4391409,50000
bytes_tokio,metadata_events_tcp_chunks,core,19,1,4412689,4412689,50000
bytes_tokio,metadata_events_tcp_chunks,baseline,19,1,3782701,3782701,50000
bytes_tokio,metadata_events_tcp_chunks,step1,19,1,3755750,3755750,50000
bytes_tokio,metadata_events_tcp_chunks,core,20,1,4384967,4384967,50000
bytes_tokio,metadata_events_tcp_chunks,baseline,20,1,3784734,3784734,50000
bytes_tokio,metadata_events_tcp_chunks,step1,20,1,3764347,3764347,50000
bytes_tokio,metadata_events_tcp_chunks,step1,21,1,3755105,3755105,50000
bytes_tokio,metadata_events_tcp_chunks,core,21,1,4400138,4400138,50000
bytes_tokio,metadata_events_tcp_chunks,baseline,21,1,3832188,3832188,50000
bytes_tokio,metadata_events_tcp_chunks,core,22,1,4392826,4392826,50000
bytes_tokio,metadata_events_tcp_chunks,step1,22,1,3774577,3774577,50000
bytes_tokio,metadata_events_tcp_chunks,baseline,22,1,3790082,3790082,50000
bytes_tokio,metadata_events_tcp_chunks,core,23,1,4415226,4415226,50000
bytes_tokio,metadata_events_tcp_chunks,baseline,23,1,3814290,3814290,50000
bytes_tokio,metadata_events_tcp_chunks,step1,23,1,3730647,3730647,50000
bytes_tokio,metadata_events_tcp_chunks,core,24,1,4386204,4386204,50000
bytes_tokio,metadata_events_tcp_chunks,baseline,24,1,3808127,3808127,50000
bytes_tokio,metadata_events_tcp_chunks,step1,24,1,3754701,3754701,50000
bytes_tokio,metadata_events_tcp_chunks,step1,25,1,3761836,3761836,50000
bytes_tokio,metadata_events_tcp_chunks,baseline,25,1,3798370,3798370,50000
bytes_tokio,metadata_events_tcp_chunks,core,25,1,4407099,4407099,50000
bytes_tokio,metadata_events_tcp_chunks,core,26,1,4435792,4435792,50000
bytes_tokio,metadata_events_tcp_chunks,baseline,26,1,3803954,3803954,50000
bytes_tokio,metadata_events_tcp_chunks,step1,26,1,3750902,3750902,50000
bytes_tokio,metadata_events_tcp_chunks,step1,27,1,3791975,3791975,50000
bytes_tokio,metadata_events_tcp_chunks,core,27,1,4416072,4416072,50000
bytes_tokio,metadata_events_tcp_chunks,baseline,27,1,3793588,3793588,50000
bytes_tokio,metadata_events_tcp_chunks,core,28,1,4537565,4537565,50000
bytes_tokio,metadata_events_tcp_chunks,step1,28,1,4174280,4174280,50000
bytes_tokio,metadata_events_tcp_chunks,baseline,28,1,4642766,4642766,50000
bytes_tokio,metadata_events_tcp_chunks,step1,29,1,4551072,4551072,50000
bytes_tokio,metadata_events_tcp_chunks,baseline,29,1,4624577,4624577,50000
bytes_tokio,metadata_events_tcp_chunks,core,29,1,5405404,5405404,50000
bytes_tokio,metadata_events_tcp_chunks,core,30,1,5884023,5884023,50000
bytes_tokio,metadata_events_tcp_chunks,step1,30,1,4544090,4544090,50000
bytes_tokio,metadata_events_tcp_chunks,baseline,30,1,4893230,4893230,50000
bytes_tokio,multiline_data_tcp_chunks,step1,0,1,3666150,3666150,50000
bytes_tokio,multiline_data_tcp_chunks,core,0,1,3519401,3519401,50000
bytes_tokio,multiline_data_tcp_chunks,baseline,0,1,3443678,3443678,50000
bytes_tokio,multiline_data_tcp_chunks,baseline,1,1,3167572,3167572,50000
bytes_tokio,multiline_data_tcp_chunks,core,1,1,3430753,3430753,50000
bytes_tokio,multiline_data_tcp_chunks,step1,1,1,3428951,3428951,50000
bytes_tokio,multiline_data_tcp_chunks,core,2,1,3236584,3236584,50000
bytes_tokio,multiline_data_tcp_chunks,baseline,2,1,3110372,3110372,50000
bytes_tokio,multiline_data_tcp_chunks,step1,2,1,2973459,2973459,50000
bytes_tokio,multiline_data_tcp_chunks,core,3,1,2955765,2955765,50000
bytes_tokio,multiline_data_tcp_chunks,step1,3,1,2707772,2707772,50000
bytes_tokio,multiline_data_tcp_chunks,baseline,3,1,2639565,2639565,50000
bytes_tokio,multiline_data_tcp_chunks,step1,4,1,2652869,2652869,50000
bytes_tokio,multiline_data_tcp_chunks,baseline,4,1,2631134,2631134,50000
bytes_tokio,multiline_data_tcp_chunks,core,4,1,2930462,2930462,50000
bytes_tokio,multiline_data_tcp_chunks,core,5,1,2775057,2775057,50000
bytes_tokio,multiline_data_tcp_chunks,baseline,5,1,2751390,2751390,50000
bytes_tokio,multiline_data_tcp_chunks,step1,5,1,2703262,2703262,50000
bytes_tokio,multiline_data_tcp_chunks,baseline,6,1,2609630,2609630,50000
bytes_tokio,multiline_data_tcp_chunks,step1,6,1,2735642,2735642,50000
bytes_tokio,multiline_data_tcp_chunks,core,6,1,2797433,2797433,50000
bytes_tokio,multiline_data_tcp_chunks,baseline,7,1,2763204,2763204,50000
bytes_tokio,multiline_data_tcp_chunks,core,7,1,2908344,2908344,50000
bytes_tokio,multiline_data_tcp_chunks,step1,7,1,2656971,2656971,50000
bytes_tokio,multiline_data_tcp_chunks,step1,8,1,2674397,2674397,50000
bytes_tokio,multiline_data_tcp_chunks,baseline,8,1,2624966,2624966,50000
bytes_tokio,multiline_data_tcp_chunks,core,8,1,2810972,2810972,50000
bytes_tokio,multiline_data_tcp_chunks,step1,9,1,2647951,2647951,50000
bytes_tokio,multiline_data_tcp_chunks,core,9,1,2791118,2791118,50000
bytes_tokio,multiline_data_tcp_chunks,baseline,9,1,2647094,2647094,50000
bytes_tokio,multiline_data_tcp_chunks,step1,10,1,2685330,2685330,50000
bytes_tokio,multiline_data_tcp_chunks,baseline,10,1,2610694,2610694,50000
bytes_tokio,multiline_data_tcp_chunks,core,10,1,2741746,2741746,50000
bytes_tokio,multiline_data_tcp_chunks,baseline,11,1,2608432,2608432,50000
bytes_tokio,multiline_data_tcp_chunks,core,11,1,2799227,2799227,50000
bytes_tokio,multiline_data_tcp_chunks,step1,11,1,2653124,2653124,50000
bytes_tokio,multiline_data_tcp_chunks,core,12,1,2797576,2797576,50000
bytes_tokio,multiline_data_tcp_chunks,step1,12,1,2677451,2677451,50000
bytes_tokio,multiline_data_tcp_chunks,baseline,12,1,2612078,2612078,50000
bytes_tokio,multiline_data_tcp_chunks,step1,13,1,2670600,2670600,50000
bytes_tokio,multiline_data_tcp_chunks,baseline,13,1,2612571,2612571,50000
bytes_tokio,multiline_data_tcp_chunks,core,13,1,2798246,2798246,50000
bytes_tokio,multiline_data_tcp_chunks,core,14,1,2778116,2778116,50000
bytes_tokio,multiline_data_tcp_chunks,step1,14,1,2654013,2654013,50000
bytes_tokio,multiline_data_tcp_chunks,baseline,14,1,3195785,3195785,50000
bytes_tokio,multiline_data_tcp_chunks,core,15,1,4869635,4869635,50000
bytes_tokio,multiline_data_tcp_chunks,baseline,15,1,2656841,2656841,50000
bytes_tokio,multiline_data_tcp_chunks,step1,15,1,2707746,2707746,50000
bytes_tokio,multiline_data_tcp_chunks,core,16,1,2797734,2797734,50000
bytes_tokio,multiline_data_tcp_chunks,step1,16,1,2672260,2672260,50000
bytes_tokio,multiline_data_tcp_chunks,baseline,16,1,2611013,2611013,50000
bytes_tokio,multiline_data_tcp_chunks,core,17,1,2810600,2810600,50000
bytes_tokio,multiline_data_tcp_chunks,step1,17,1,2697106,2697106,50000
bytes_tokio,multiline_data_tcp_chunks,baseline,17,1,2689269,2689269,50000
bytes_tokio,multiline_data_tcp_chunks,baseline,18,1,2618607,2618607,50000
bytes_tokio,multiline_data_tcp_chunks,step1,18,1,2671487,2671487,50000
bytes_tokio,multiline_data_tcp_chunks,core,18,1,2800753,2800753,50000
bytes_tokio,multiline_data_tcp_chunks,core,19,1,2831716,2831716,50000
bytes_tokio,multiline_data_tcp_chunks,baseline,19,1,2650970,2650970,50000
bytes_tokio,multiline_data_tcp_chunks,step1,19,1,2676335,2676335,50000
bytes_tokio,multiline_data_tcp_chunks,core,20,1,2796044,2796044,50000
bytes_tokio,multiline_data_tcp_chunks,baseline,20,1,2618537,2618537,50000
bytes_tokio,multiline_data_tcp_chunks,step1,20,1,2682251,2682251,50000
bytes_tokio,multiline_data_tcp_chunks,step1,21,1,2688274,2688274,50000
bytes_tokio,multiline_data_tcp_chunks,core,21,1,2839954,2839954,50000
bytes_tokio,multiline_data_tcp_chunks,baseline,21,1,2642154,2642154,50000
bytes_tokio,multiline_data_tcp_chunks,core,22,1,2804814,2804814,50000
bytes_tokio,multiline_data_tcp_chunks,step1,22,1,2645695,2645695,50000
bytes_tokio,multiline_data_tcp_chunks,baseline,22,1,2614427,2614427,50000
bytes_tokio,multiline_data_tcp_chunks,core,23,1,2809805,2809805,50000
bytes_tokio,multiline_data_tcp_chunks,baseline,23,1,2620393,2620393,50000
bytes_tokio,multiline_data_tcp_chunks,step1,23,1,2673543,2673543,50000
bytes_tokio,multiline_data_tcp_chunks,core,24,1,2782323,2782323,50000
bytes_tokio,multiline_data_tcp_chunks,baseline,24,1,2611795,2611795,50000
bytes_tokio,multiline_data_tcp_chunks,step1,24,1,2653830,2653830,50000
bytes_tokio,multiline_data_tcp_chunks,step1,25,1,2716777,2716777,50000
bytes_tokio,multiline_data_tcp_chunks,baseline,25,1,2634152,2634152,50000
bytes_tokio,multiline_data_tcp_chunks,core,25,1,2849130,2849130,50000
bytes_tokio,multiline_data_tcp_chunks,core,26,1,2796650,2796650,50000
bytes_tokio,multiline_data_tcp_chunks,baseline,26,1,2630204,2630204,50000
bytes_tokio,multiline_data_tcp_chunks,step1,26,1,2694934,2694934,50000
bytes_tokio,multiline_data_tcp_chunks,step1,27,1,2717494,2717494,50000
bytes_tokio,multiline_data_tcp_chunks,core,27,1,2789943,2789943,50000
bytes_tokio,multiline_data_tcp_chunks,baseline,27,1,2622646,2622646,50000
bytes_tokio,multiline_data_tcp_chunks,core,28,1,2800138,2800138,50000
bytes_tokio,multiline_data_tcp_chunks,step1,28,1,2684305,2684305,50000
bytes_tokio,multiline_data_tcp_chunks,baseline,28,1,2615922,2615922,50000
bytes_tokio,multiline_data_tcp_chunks,step1,29,1,2644553,2644553,50000
bytes_tokio,multiline_data_tcp_chunks,baseline,29,1,2627338,2627338,50000
bytes_tokio,multiline_data_tcp_chunks,core,29,1,2779913,2779913,50000
bytes_tokio,multiline_data_tcp_chunks,core,30,1,2796399,2796399,50000
bytes_tokio,multiline_data_tcp_chunks,step1,30,1,2671167,2671167,50000
bytes_tokio,multiline_data_tcp_chunks,baseline,30,1,2628202,2628202,50000
bytes_tokio,keepalive_whole_stream_chunk,step1,0,3,3193648,1064549.3333333333,0
bytes_tokio,keepalive_whole_stream_chunk,core,0,2,2068268,1034134,0
bytes_tokio,keepalive_whole_stream_chunk,baseline,0,3,2839135,946378.3333333334,0
bytes_tokio,keepalive_whole_stream_chunk,baseline,1,3,2836937,945645.6666666666,0
bytes_tokio,keepalive_whole_stream_chunk,core,1,2,2295500,1147750,0
bytes_tokio,keepalive_whole_stream_chunk,step1,1,3,3136139,1045379.6666666666,0
bytes_tokio,keepalive_whole_stream_chunk,core,2,2,2263271,1131635.5,0
bytes_tokio,keepalive_whole_stream_chunk,baseline,2,3,2850457,950152.3333333334,0
bytes_tokio,keepalive_whole_stream_chunk,step1,2,3,2835386,945128.6666666666,0
bytes_tokio,keepalive_whole_stream_chunk,core,3,2,2257754,1128877,0
bytes_tokio,keepalive_whole_stream_chunk,step1,3,3,2959920,986640,0
bytes_tokio,keepalive_whole_stream_chunk,baseline,3,3,2834802,944934,0
bytes_tokio,keepalive_whole_stream_chunk,step1,4,3,2855801,951933.6666666666,0
bytes_tokio,keepalive_whole_stream_chunk,baseline,4,3,2841041,947013.6666666666,0
bytes_tokio,keepalive_whole_stream_chunk,core,4,2,2077162,1038581,0
bytes_tokio,keepalive_whole_stream_chunk,core,5,2,2060490,1030245,0
bytes_tokio,keepalive_whole_stream_chunk,baseline,5,3,2850524,950174.6666666666,0
bytes_tokio,keepalive_whole_stream_chunk,step1,5,3,2941644,980548,0
bytes_tokio,keepalive_whole_stream_chunk,baseline,6,3,2837571,945857,0
bytes_tokio,keepalive_whole_stream_chunk,step1,6,3,2838282,946094,0
bytes_tokio,keepalive_whole_stream_chunk,core,6,2,2286559,1143279.5,0
bytes_tokio,keepalive_whole_stream_chunk,baseline,7,3,2856596,952198.6666666666,0
bytes_tokio,keepalive_whole_stream_chunk,core,7,2,2272996,1136498,0
bytes_tokio,keepalive_whole_stream_chunk,step1,7,3,3051193,1017064.3333333334,0
bytes_tokio,keepalive_whole_stream_chunk,step1,8,3,3171225,1057075,0
bytes_tokio,keepalive_whole_stream_chunk,baseline,8,3,2841325,947108.3333333334,0
bytes_tokio,keepalive_whole_stream_chunk,core,8,2,2071628,1035814,0
bytes_tokio,keepalive_whole_stream_chunk,step1,9,3,3114022,1038007.3333333334,0
bytes_tokio,keepalive_whole_stream_chunk,core,9,2,2155905,1077952.5,0
bytes_tokio,keepalive_whole_stream_chunk,baseline,9,3,2864937,954979,0
bytes_tokio,keepalive_whole_stream_chunk,step1,10,3,2837569,945856.3333333334,0
bytes_tokio,keepalive_whole_stream_chunk,baseline,10,3,2876453,958817.6666666666,0
bytes_tokio,keepalive_whole_stream_chunk,core,10,2,2241401,1120700.5,0
bytes_tokio,keepalive_whole_stream_chunk,baseline,11,3,2857822,952607.3333333334,0
bytes_tokio,keepalive_whole_stream_chunk,core,11,2,2245280,1122640,0
bytes_tokio,keepalive_whole_stream_chunk,step1,11,3,3050205,1016735,0
bytes_tokio,keepalive_whole_stream_chunk,core,12,2,2160638,1080319,0
bytes_tokio,keepalive_whole_stream_chunk,step1,12,3,3035889,1011963,0
bytes_tokio,keepalive_whole_stream_chunk,baseline,12,3,2838303,946101,0
bytes_tokio,keepalive_whole_stream_chunk,step1,13,3,2842550,947516.6666666666,0
bytes_tokio,keepalive_whole_stream_chunk,baseline,13,3,2907116,969038.6666666666,0
bytes_tokio,keepalive_whole_stream_chunk,core,13,2,2362608,1181304,0
bytes_tokio,keepalive_whole_stream_chunk,core,14,2,2171482,1085741,0
bytes_tokio,keepalive_whole_stream_chunk,step1,14,3,3003003,1001001,0
bytes_tokio,keepalive_whole_stream_chunk,baseline,14,3,2881387,960462.3333333334,0
bytes_tokio,keepalive_whole_stream_chunk,core,15,2,2164701,1082350.5,0
bytes_tokio,keepalive_whole_stream_chunk,baseline,15,3,2867719,955906.3333333334,0
bytes_tokio,keepalive_whole_stream_chunk,step1,15,3,3049178,1016392.6666666666,0
bytes_tokio,keepalive_whole_stream_chunk,core,16,2,2093579,1046789.5,0
bytes_tokio,keepalive_whole_stream_chunk,step1,16,3,3021614,1007204.6666666666,0
bytes_tokio,keepalive_whole_stream_chunk,baseline,16,3,2838053,946017.6666666666,0
bytes_tokio,keepalive_whole_stream_chunk,core,17,2,2261865,1130932.5,0
bytes_tokio,keepalive_whole_stream_chunk,step1,17,3,3016532,1005510.6666666666,0
bytes_tokio,keepalive_whole_stream_chunk,baseline,17,3,2868082,956027.3333333334,0
bytes_tokio,keepalive_whole_stream_chunk,baseline,18,3,2838698,946232.6666666666,0
bytes_tokio,keepalive_whole_stream_chunk,step1,18,3,2838475,946158.3333333334,0
bytes_tokio,keepalive_whole_stream_chunk,core,18,2,2276533,1138266.5,0
bytes_tokio,keepalive_whole_stream_chunk,core,19,2,2064114,1032057,0
bytes_tokio,keepalive_whole_stream_chunk,baseline,19,3,2845764,948588,0
bytes_tokio,keepalive_whole_stream_chunk,step1,19,3,2960617,986872.3333333334,0
bytes_tokio,keepalive_whole_stream_chunk,core,20,2,2186178,1093089,0
bytes_tokio,keepalive_whole_stream_chunk,baseline,20,3,2879080,959693.3333333334,0
bytes_tokio,keepalive_whole_stream_chunk,step1,20,3,2894404,964801.3333333334,0
bytes_tokio,keepalive_whole_stream_chunk,step1,21,3,2836565,945521.6666666666,0
bytes_tokio,keepalive_whole_stream_chunk,core,21,2,2267132,1133566,0
bytes_tokio,keepalive_whole_stream_chunk,baseline,21,3,2892631,964210.3333333334,0
bytes_tokio,keepalive_whole_stream_chunk,core,22,2,2174634,1087317,0
bytes_tokio,keepalive_whole_stream_chunk,step1,22,3,2962634,987544.6666666666,0
bytes_tokio,keepalive_whole_stream_chunk,baseline,22,3,2855113,951704.3333333334,0
bytes_tokio,keepalive_whole_stream_chunk,core,23,2,2076591,1038295.5,0
bytes_tokio,keepalive_whole_stream_chunk,baseline,23,3,2849844,949948,0
bytes_tokio,keepalive_whole_stream_chunk,step1,23,3,2836878,945626,0
bytes_tokio,keepalive_whole_stream_chunk,core,24,2,2068399,1034199.5,0
bytes_tokio,keepalive_whole_stream_chunk,baseline,24,3,2863871,954623.6666666666,0
bytes_tokio,keepalive_whole_stream_chunk,step1,24,3,2834878,944959.3333333334,0
bytes_tokio,keepalive_whole_stream_chunk,step1,25,3,2837067,945689,0
bytes_tokio,keepalive_whole_stream_chunk,baseline,25,3,2842564,947521.3333333334,0
bytes_tokio,keepalive_whole_stream_chunk,core,25,2,2260535,1130267.5,0
bytes_tokio,keepalive_whole_stream_chunk,core,26,2,2253178,1126589,0
bytes_tokio,keepalive_whole_stream_chunk,baseline,26,3,2860526,953508.6666666666,0
bytes_tokio,keepalive_whole_stream_chunk,step1,26,3,2956604,985534.6666666666,0
bytes_tokio,keepalive_whole_stream_chunk,step1,27,3,3126339,1042113,0
bytes_tokio,keepalive_whole_stream_chunk,core,27,2,2253967,1126983.5,0
bytes_tokio,keepalive_whole_stream_chunk,baseline,27,3,2851210,950403.3333333334,0
bytes_tokio,keepalive_whole_stream_chunk,core,28,2,2172975,1086487.5,0
bytes_tokio,keepalive_whole_stream_chunk,step1,28,3,3094804,1031601.3333333334,0
bytes_tokio,keepalive_whole_stream_chunk,baseline,28,3,2837560,945853.3333333334,0
bytes_tokio,keepalive_whole_stream_chunk,step1,29,3,2836730,945576.6666666666,0
bytes_tokio,keepalive_whole_stream_chunk,baseline,29,3,2850448,950149.3333333334,0
bytes_tokio,keepalive_whole_stream_chunk,core,29,2,2161592,1080796,0
bytes_tokio,keepalive_whole_stream_chunk,core,30,2,2065101,1032550.5,0
bytes_tokio,keepalive_whole_stream_chunk,step1,30,3,2944003,981334.3333333334,0
bytes_tokio,keepalive_whole_stream_chunk,baseline,30,3,2845915,948638.3333333334,0
bytes_tokio,keepalive_tcp_chunks,step1,0,3,2949779,983259.6666666666,0
bytes_tokio,keepalive_tcp_chunks,core,0,2,2153772,1076886,0
bytes_tokio,keepalive_tcp_chunks,baseline,0,2,2031576,1015788,0
bytes_tokio,keepalive_tcp_chunks,baseline,1,2,2040795,1020397.5,0
bytes_tokio,keepalive_tcp_chunks,core,1,2,2144979,1072489.5,0
bytes_tokio,keepalive_tcp_chunks,step1,1,3,2951501,983833.6666666666,0
bytes_tokio,keepalive_tcp_chunks,core,2,2,2138379,1069189.5,0
bytes_tokio,keepalive_tcp_chunks,baseline,2,2,2035023,1017511.5,0
bytes_tokio,keepalive_tcp_chunks,step1,2,3,2960594,986864.6666666666,0
bytes_tokio,keepalive_tcp_chunks,core,3,2,2145875,1072937.5,0
bytes_tokio,keepalive_tcp_chunks,step1,3,3,2946050,982016.6666666666,0
bytes_tokio,keepalive_tcp_chunks,baseline,3,2,2032110,1016055,0
bytes_tokio,keepalive_tcp_chunks,step1,4,3,2960284,986761.3333333334,0
bytes_tokio,keepalive_tcp_chunks,baseline,4,2,2043374,1021687,0
bytes_tokio,keepalive_tcp_chunks,core,4,2,2106717,1053358.5,0
bytes_tokio,keepalive_tcp_chunks,core,5,2,2173456,1086728,0
bytes_tokio,keepalive_tcp_chunks,baseline,5,2,2039484,1019742,0
bytes_tokio,keepalive_tcp_chunks,step1,5,3,2960695,986898.3333333334,0
bytes_tokio,keepalive_tcp_chunks,baseline,6,2,2031375,1015687.5,0
bytes_tokio,keepalive_tcp_chunks,step1,6,3,2954434,984811.3333333334,0
bytes_tokio,keepalive_tcp_chunks,core,6,2,2238121,1119060.5,0
bytes_tokio,keepalive_tcp_chunks,baseline,7,2,2044222,1022111,0
bytes_tokio,keepalive_tcp_chunks,core,7,2,2137712,1068856,0
bytes_tokio,keepalive_tcp_chunks,step1,7,3,2980965,993655,0
bytes_tokio,keepalive_tcp_chunks,step1,8,3,2946541,982180.3333333334,0
bytes_tokio,keepalive_tcp_chunks,baseline,8,2,2043607,1021803.5,0
bytes_tokio,keepalive_tcp_chunks,core,8,2,2169573,1084786.5,0
bytes_tokio,keepalive_tcp_chunks,step1,9,3,2964518,988172.6666666666,0
bytes_tokio,keepalive_tcp_chunks,core,9,2,2122877,1061438.5,0
bytes_tokio,keepalive_tcp_chunks,baseline,9,2,2031631,1015815.5,0
bytes_tokio,keepalive_tcp_chunks,step1,10,3,2962766,987588.6666666666,0
bytes_tokio,keepalive_tcp_chunks,baseline,10,2,2028397,1014198.5,0
bytes_tokio,keepalive_tcp_chunks,core,10,2,2121395,1060697.5,0
bytes_tokio,keepalive_tcp_chunks,baseline,11,2,2028013,1014006.5,0
bytes_tokio,keepalive_tcp_chunks,core,11,2,2252272,1126136,0
bytes_tokio,keepalive_tcp_chunks,step1,11,3,2967464,989154.6666666666,0
bytes_tokio,keepalive_tcp_chunks,core,12,2,2120508,1060254,0
bytes_tokio,keepalive_tcp_chunks,step1,12,3,2946430,982143.3333333334,0
bytes_tokio,keepalive_tcp_chunks,baseline,12,2,2023430,1011715,0
bytes_tokio,keepalive_tcp_chunks,step1,13,3,2961720,987240,0
bytes_tokio,keepalive_tcp_chunks,baseline,13,2,2036579,1018289.5,0
bytes_tokio,keepalive_tcp_chunks,core,13,2,2127468,1063734,0
bytes_tokio,keepalive_tcp_chunks,core,14,2,2138443,1069221.5,0
bytes_tokio,keepalive_tcp_chunks,step1,14,3,2964693,988231,0
bytes_tokio,keepalive_tcp_chunks,baseline,14,2,2036459,1018229.5,0
bytes_tokio,keepalive_tcp_chunks,core,15,2,2181337,1090668.5,0
bytes_tokio,keepalive_tcp_chunks,baseline,15,2,2033796,1016898,0
bytes_tokio,keepalive_tcp_chunks,step1,15,3,2962829,987609.6666666666,0
bytes_tokio,keepalive_tcp_chunks,core,16,2,2153992,1076996,0
bytes_tokio,keepalive_tcp_chunks,step1,16,3,2945814,981938,0
bytes_tokio,keepalive_tcp_chunks,baseline,16,2,2030153,1015076.5,0
bytes_tokio,keepalive_tcp_chunks,core,17,2,2161268,1080634,0
bytes_tokio,keepalive_tcp_chunks,step1,17,3,2964904,988301.3333333334,0
bytes_tokio,keepalive_tcp_chunks,baseline,17,2,2031311,1015655.5,0
bytes_tokio,keepalive_tcp_chunks,baseline,18,2,2031553,1015776.5,0
bytes_tokio,keepalive_tcp_chunks,step1,18,3,2955018,985006,0
bytes_tokio,keepalive_tcp_chunks,core,18,2,2152646,1076323,0
bytes_tokio,keepalive_tcp_chunks,core,19,2,2188812,1094406,0
bytes_tokio,keepalive_tcp_chunks,baseline,19,2,2041444,1020722,0
bytes_tokio,keepalive_tcp_chunks,step1,19,3,2946610,982203.3333333334,0
bytes_tokio,keepalive_tcp_chunks,core,20,2,2142099,1071049.5,0
bytes_tokio,keepalive_tcp_chunks,baseline,20,2,2042411,1021205.5,0
bytes_tokio,keepalive_tcp_chunks,step1,20,3,2957183,985727.6666666666,0
bytes_tokio,keepalive_tcp_chunks,step1,21,3,2945663,981887.6666666666,0
bytes_tokio,keepalive_tcp_chunks,core,21,2,2141009,1070504.5,0
bytes_tokio,keepalive_tcp_chunks,baseline,21,2,2052490,1026245,0
bytes_tokio,keepalive_tcp_chunks,core,22,2,2124095,1062047.5,0
bytes_tokio,keepalive_tcp_chunks,step1,22,3,2945510,981836.6666666666,0
bytes_tokio,keepalive_tcp_chunks,baseline,22,2,2031971,1015985.5,0
bytes_tokio,keepalive_tcp_chunks,core,23,2,2127180,1063590,0
bytes_tokio,keepalive_tcp_chunks,baseline,23,2,2045904,1022952,0
bytes_tokio,keepalive_tcp_chunks,step1,23,3,2947767,982589,0
bytes_tokio,keepalive_tcp_chunks,core,24,2,2224209,1112104.5,0
bytes_tokio,keepalive_tcp_chunks,baseline,24,2,2035350,1017675,0
bytes_tokio,keepalive_tcp_chunks,step1,24,3,2960086,986695.3333333334,0
bytes_tokio,keepalive_tcp_chunks,step1,25,3,2945385,981795,0
bytes_tokio,keepalive_tcp_chunks,baseline,25,2,2046678,1023339,0
bytes_tokio,keepalive_tcp_chunks,core,25,2,2180733,1090366.5,0
bytes_tokio,keepalive_tcp_chunks,core,26,2,2194532,1097266,0
bytes_tokio,keepalive_tcp_chunks,baseline,26,2,2062463,1031231.5,0
bytes_tokio,keepalive_tcp_chunks,step1,26,3,2952057,984019,0
bytes_tokio,keepalive_tcp_chunks,step1,27,3,2951416,983805.3333333334,0
bytes_tokio,keepalive_tcp_chunks,core,27,2,2120447,1060223.5,0
bytes_tokio,keepalive_tcp_chunks,baseline,27,2,2056545,1028272.5,0
bytes_tokio,keepalive_tcp_chunks,core,28,2,2176647,1088323.5,0
bytes_tokio,keepalive_tcp_chunks,step1,28,3,2957338,985779.3333333334,0
bytes_tokio,keepalive_tcp_chunks,baseline,28,2,2036287,1018143.5,0
bytes_tokio,keepalive_tcp_chunks,step1,29,3,2959177,986392.3333333334,0
bytes_tokio,keepalive_tcp_chunks,baseline,29,2,2030841,1015420.5,0
bytes_tokio,keepalive_tcp_chunks,core,29,2,2128324,1064162,0
bytes_tokio,keepalive_tcp_chunks,core,30,2,2183801,1091900.5,0
bytes_tokio,keepalive_tcp_chunks,step1,30,3,2951911,983970.3333333334,0
bytes_tokio,keepalive_tcp_chunks,baseline,30,2,2044415,1022207.5,0
bytes_tokio,keepalive_line_chunks,step1,0,1,4103628,4103628,0
bytes_tokio,keepalive_line_chunks,core,0,1,3881596,3881596,0
bytes_tokio,keepalive_line_chunks,baseline,0,1,4102002,4102002,0
bytes_tokio,keepalive_line_chunks,baseline,1,1,4186097,4186097,0
bytes_tokio,keepalive_line_chunks,core,1,1,3836407,3836407,0
bytes_tokio,keepalive_line_chunks,step1,1,1,4087909,4087909,0
bytes_tokio,keepalive_line_chunks,core,2,1,3867058,3867058,0
bytes_tokio,keepalive_line_chunks,baseline,2,1,4116164,4116164,0
bytes_tokio,keepalive_line_chunks,step1,2,1,4109384,4109384,0
bytes_tokio,keepalive_line_chunks,core,3,1,3877242,3877242,0
bytes_tokio,keepalive_line_chunks,step1,3,1,4101566,4101566,0
bytes_tokio,keepalive_line_chunks,baseline,3,1,4196987,4196987,0
bytes_tokio,keepalive_line_chunks,step1,4,1,4100469,4100469,0
bytes_tokio,keepalive_line_chunks,baseline,4,1,4172456,4172456,0
bytes_tokio,keepalive_line_chunks,core,4,1,3855338,3855338,0
bytes_tokio,keepalive_line_chunks,core,5,1,3834804,3834804,0
bytes_tokio,keepalive_line_chunks,baseline,5,1,4105867,4105867,0
bytes_tokio,keepalive_line_chunks,step1,5,1,4135042,4135042,0
bytes_tokio,keepalive_line_chunks,baseline,6,1,4130813,4130813,0
bytes_tokio,keepalive_line_chunks,step1,6,1,4174994,4174994,0
bytes_tokio,keepalive_line_chunks,core,6,1,3827738,3827738,0
bytes_tokio,keepalive_line_chunks,baseline,7,1,4106818,4106818,0
bytes_tokio,keepalive_line_chunks,core,7,1,3879386,3879386,0
bytes_tokio,keepalive_line_chunks,step1,7,1,4169778,4169778,0
bytes_tokio,keepalive_line_chunks,step1,8,1,4123908,4123908,0
bytes_tokio,keepalive_line_chunks,baseline,8,1,4119333,4119333,0
bytes_tokio,keepalive_line_chunks,core,8,1,3872215,3872215,0
bytes_tokio,keepalive_line_chunks,step1,9,1,4134377,4134377,0
bytes_tokio,keepalive_line_chunks,core,9,1,3831089,3831089,0
bytes_tokio,keepalive_line_chunks,baseline,9,1,4111848,4111848,0
bytes_tokio,keepalive_line_chunks,step1,10,1,4129342,4129342,0
bytes_tokio,keepalive_line_chunks,baseline,10,1,4133228,4133228,0
bytes_tokio,keepalive_line_chunks,core,10,1,3917675,3917675,0
bytes_tokio,keepalive_line_chunks,baseline,11,1,4161310,4161310,0
bytes_tokio,keepalive_line_chunks,core,11,1,4774841,4774841,0
bytes_tokio,keepalive_line_chunks,step1,11,1,4552756,4552756,0
bytes_tokio,keepalive_line_chunks,core,12,1,4797617,4797617,0
bytes_tokio,keepalive_line_chunks,step1,12,1,4778537,4778537,0
bytes_tokio,keepalive_line_chunks,baseline,12,1,4672396,4672396,0
bytes_tokio,keepalive_line_chunks,step1,13,1,5099066,5099066,0
bytes_tokio,keepalive_line_chunks,baseline,13,1,4934372,4934372,0
bytes_tokio,keepalive_line_chunks,core,13,1,4645517,4645517,0
bytes_tokio,keepalive_line_chunks,core,14,1,4743603,4743603,0
bytes_tokio,keepalive_line_chunks,step1,14,1,4717017,4717017,0
bytes_tokio,keepalive_line_chunks,baseline,14,1,5001599,5001599,0
bytes_tokio,keepalive_line_chunks,core,15,1,4365005,4365005,0
bytes_tokio,keepalive_line_chunks,baseline,15,1,4862636,4862636,0
bytes_tokio,keepalive_line_chunks,step1,15,1,4884337,4884337,0
bytes_tokio,keepalive_line_chunks,core,16,1,4658556,4658556,0
bytes_tokio,keepalive_line_chunks,step1,16,1,4963549,4963549,0
bytes_tokio,keepalive_line_chunks,baseline,16,1,4846652,4846652,0
bytes_tokio,keepalive_line_chunks,core,17,1,4547552,4547552,0
bytes_tokio,keepalive_line_chunks,step1,17,1,4686516,4686516,0
bytes_tokio,keepalive_line_chunks,baseline,17,1,4905713,4905713,0
bytes_tokio,keepalive_line_chunks,baseline,18,1,4675626,4675626,0
bytes_tokio,keepalive_line_chunks,step1,18,1,4218914,4218914,0
bytes_tokio,keepalive_line_chunks,core,18,1,4098629,4098629,0
bytes_tokio,keepalive_line_chunks,core,19,1,3875254,3875254,0
bytes_tokio,keepalive_line_chunks,baseline,19,1,4205510,4205510,0
bytes_tokio,keepalive_line_chunks,step1,19,1,4293156,4293156,0
bytes_tokio,keepalive_line_chunks,core,20,1,3950613,3950613,0
bytes_tokio,keepalive_line_chunks,baseline,20,1,4258487,4258487,0
bytes_tokio,keepalive_line_chunks,step1,20,1,4478623,4478623,0
bytes_tokio,keepalive_line_chunks,step1,21,1,4188839,4188839,0
bytes_tokio,keepalive_line_chunks,core,21,1,3988422,3988422,0
bytes_tokio,keepalive_line_chunks,baseline,21,1,4175239,4175239,0
bytes_tokio,keepalive_line_chunks,core,22,1,3869656,3869656,0
bytes_tokio,keepalive_line_chunks,step1,22,1,4416232,4416232,0
bytes_tokio,keepalive_line_chunks,baseline,22,1,4253666,4253666,0
bytes_tokio,keepalive_line_chunks,core,23,1,3902350,3902350,0
bytes_tokio,keepalive_line_chunks,baseline,23,1,4169794,4169794,0
bytes_tokio,keepalive_line_chunks,step1,23,1,4121642,4121642,0
bytes_tokio,keepalive_line_chunks,core,24,1,3881508,3881508,0
bytes_tokio,keepalive_line_chunks,baseline,24,1,4116846,4116846,0
bytes_tokio,keepalive_line_chunks,step1,24,1,4093111,4093111,0
bytes_tokio,keepalive_line_chunks,step1,25,1,4183559,4183559,0
bytes_tokio,keepalive_line_chunks,baseline,25,1,4110317,4110317,0
bytes_tokio,keepalive_line_chunks,core,25,1,5833431,5833431,0
bytes_tokio,keepalive_line_chunks,core,26,1,4548496,4548496,0
bytes_tokio,keepalive_line_chunks,baseline,26,1,4203451,4203451,0
bytes_tokio,keepalive_line_chunks,step1,26,1,4178377,4178377,0
bytes_tokio,keepalive_line_chunks,step1,27,1,4104181,4104181,0
bytes_tokio,keepalive_line_chunks,core,27,1,3893120,3893120,0
bytes_tokio,keepalive_line_chunks,baseline,27,1,4130856,4130856,0
bytes_tokio,keepalive_line_chunks,core,28,1,3869262,3869262,0
bytes_tokio,keepalive_line_chunks,step1,28,1,4084797,4084797,0
bytes_tokio,keepalive_line_chunks,baseline,28,1,4146353,4146353,0
bytes_tokio,keepalive_line_chunks,step1,29,1,4154867,4154867,0
bytes_tokio,keepalive_line_chunks,baseline,29,1,4134717,4134717,0
bytes_tokio,keepalive_line_chunks,core,29,1,3857348,3857348,0
bytes_tokio,keepalive_line_chunks,core,30,1,3886605,3886605,0
bytes_tokio,keepalive_line_chunks,step1,30,1,4141572,4141572,0
bytes_tokio,keepalive_line_chunks,baseline,30,1,4125570,4125570,0
bytes_tokio,keepalive_4b_chunks,step1,0,1,12374936,12374936,0
bytes_tokio,keepalive_4b_chunks,core,0,1,11798520,11798520,0
bytes_tokio,keepalive_4b_chunks,baseline,0,1,12326959,12326959,0
bytes_tokio,keepalive_4b_chunks,baseline,1,1,12370612,12370612,0
bytes_tokio,keepalive_4b_chunks,core,1,1,11797544,11797544,0
bytes_tokio,keepalive_4b_chunks,step1,1,1,12422857,12422857,0
bytes_tokio,keepalive_4b_chunks,core,2,1,11825486,11825486,0
bytes_tokio,keepalive_4b_chunks,baseline,2,1,12414315,12414315,0
bytes_tokio,keepalive_4b_chunks,step1,2,1,12357878,12357878,0
bytes_tokio,keepalive_4b_chunks,core,3,1,11793561,11793561,0
bytes_tokio,keepalive_4b_chunks,step1,3,1,12393339,12393339,0
bytes_tokio,keepalive_4b_chunks,baseline,3,1,12368069,12368069,0
bytes_tokio,keepalive_4b_chunks,step1,4,1,12340727,12340727,0
bytes_tokio,keepalive_4b_chunks,baseline,4,1,12314000,12314000,0
bytes_tokio,keepalive_4b_chunks,core,4,1,11805391,11805391,0
bytes_tokio,keepalive_4b_chunks,core,5,1,11821235,11821235,0
bytes_tokio,keepalive_4b_chunks,baseline,5,1,12358465,12358465,0
bytes_tokio,keepalive_4b_chunks,step1,5,1,12421441,12421441,0
bytes_tokio,keepalive_4b_chunks,baseline,6,1,12446672,12446672,0
bytes_tokio,keepalive_4b_chunks,step1,6,1,12329406,12329406,0
bytes_tokio,keepalive_4b_chunks,core,6,1,11752320,11752320,0
bytes_tokio,keepalive_4b_chunks,baseline,7,1,12333015,12333015,0
bytes_tokio,keepalive_4b_chunks,core,7,1,11787307,11787307,0
bytes_tokio,keepalive_4b_chunks,step1,7,1,12535346,12535346,0
bytes_tokio,keepalive_4b_chunks,step1,8,1,12835677,12835677,0
bytes_tokio,keepalive_4b_chunks,baseline,8,1,12410500,12410500,0
bytes_tokio,keepalive_4b_chunks,core,8,1,11767936,11767936,0
bytes_tokio,keepalive_4b_chunks,step1,9,1,12385460,12385460,0
bytes_tokio,keepalive_4b_chunks,core,9,1,11789291,11789291,0
bytes_tokio,keepalive_4b_chunks,baseline,9,1,12319167,12319167,0
bytes_tokio,keepalive_4b_chunks,step1,10,1,12371575,12371575,0
bytes_tokio,keepalive_4b_chunks,baseline,10,1,12337404,12337404,0
bytes_tokio,keepalive_4b_chunks,core,10,1,11900586,11900586,0
bytes_tokio,keepalive_4b_chunks,baseline,11,1,12683502,12683502,0
bytes_tokio,keepalive_4b_chunks,core,11,1,11793859,11793859,0
bytes_tokio,keepalive_4b_chunks,step1,11,1,12400412,12400412,0
bytes_tokio,keepalive_4b_chunks,core,12,1,11780188,11780188,0
bytes_tokio,keepalive_4b_chunks,step1,12,1,12327010,12327010,0
bytes_tokio,keepalive_4b_chunks,baseline,12,1,12327564,12327564,0
bytes_tokio,keepalive_4b_chunks,step1,13,1,12423260,12423260,0
bytes_tokio,keepalive_4b_chunks,baseline,13,1,12331590,12331590,0
bytes_tokio,keepalive_4b_chunks,core,13,1,11780940,11780940,0
bytes_tokio,keepalive_4b_chunks,core,14,1,11772365,11772365,0
bytes_tokio,keepalive_4b_chunks,step1,14,1,12377199,12377199,0
bytes_tokio,keepalive_4b_chunks,baseline,14,1,12399810,12399810,0
bytes_tokio,keepalive_4b_chunks,core,15,1,11816625,11816625,0
bytes_tokio,keepalive_4b_chunks,baseline,15,1,12411851,12411851,0
bytes_tokio,keepalive_4b_chunks,step1,15,1,12626826,12626826,0
bytes_tokio,keepalive_4b_chunks,core,16,1,11891896,11891896,0
bytes_tokio,keepalive_4b_chunks,step1,16,1,12326728,12326728,0
bytes_tokio,keepalive_4b_chunks,baseline,16,1,12453119,12453119,0
bytes_tokio,keepalive_4b_chunks,core,17,1,12925050,12925050,0
bytes_tokio,keepalive_4b_chunks,step1,17,1,14113264,14113264,0
bytes_tokio,keepalive_4b_chunks,baseline,17,1,14012156,14012156,0
bytes_tokio,keepalive_4b_chunks,baseline,18,1,13786761,13786761,0
bytes_tokio,keepalive_4b_chunks,step1,18,1,14381187,14381187,0
bytes_tokio,keepalive_4b_chunks,core,18,1,13568177,13568177,0
bytes_tokio,keepalive_4b_chunks,core,19,1,13449656,13449656,0
bytes_tokio,keepalive_4b_chunks,baseline,19,1,13441096,13441096,0
bytes_tokio,keepalive_4b_chunks,step1,19,1,12588784,12588784,0
bytes_tokio,keepalive_4b_chunks,core,20,1,11962197,11962197,0
bytes_tokio,keepalive_4b_chunks,baseline,20,1,12758471,12758471,0
bytes_tokio,keepalive_4b_chunks,step1,20,1,12650654,12650654,0
bytes_tokio,keepalive_4b_chunks,step1,21,1,12539933,12539933,0
bytes_tokio,keepalive_4b_chunks,core,21,1,11779067,11779067,0
bytes_tokio,keepalive_4b_chunks,baseline,21,1,12434602,12434602,0
bytes_tokio,keepalive_4b_chunks,core,22,1,14238220,14238220,0
bytes_tokio,keepalive_4b_chunks,step1,22,1,12483972,12483972,0
bytes_tokio,keepalive_4b_chunks,baseline,22,1,12394545,12394545,0
bytes_tokio,keepalive_4b_chunks,core,23,1,11874839,11874839,0
bytes_tokio,keepalive_4b_chunks,baseline,23,1,12485849,12485849,0
bytes_tokio,keepalive_4b_chunks,step1,23,1,12354861,12354861,0
bytes_tokio,keepalive_4b_chunks,core,24,1,11831451,11831451,0
bytes_tokio,keepalive_4b_chunks,baseline,24,1,12408734,12408734,0
bytes_tokio,keepalive_4b_chunks,step1,24,1,12328872,12328872,0
bytes_tokio,keepalive_4b_chunks,step1,25,1,12427170,12427170,0
bytes_tokio,keepalive_4b_chunks,baseline,25,1,12386119,12386119,0
bytes_tokio,keepalive_4b_chunks,core,25,1,11815035,11815035,0
bytes_tokio,keepalive_4b_chunks,core,26,1,11814964,11814964,0
bytes_tokio,keepalive_4b_chunks,baseline,26,1,12366212,12366212,0
bytes_tokio,keepalive_4b_chunks,step1,26,1,12480416,12480416,0
bytes_tokio,keepalive_4b_chunks,step1,27,1,12802727,12802727,0
bytes_tokio,keepalive_4b_chunks,core,27,1,11782900,11782900,0
bytes_tokio,keepalive_4b_chunks,baseline,27,1,12814512,12814512,0
bytes_tokio,keepalive_4b_chunks,core,28,1,11845393,11845393,0
bytes_tokio,keepalive_4b_chunks,step1,28,1,12796007,12796007,0
bytes_tokio,keepalive_4b_chunks,baseline,28,1,12541752,12541752,0
bytes_tokio,keepalive_4b_chunks,step1,29,1,12391612,12391612,0
bytes_tokio,keepalive_4b_chunks,baseline,29,1,12410422,12410422,0
bytes_tokio,keepalive_4b_chunks,core,29,1,11790175,11790175,0
bytes_tokio,keepalive_4b_chunks,core,30,1,11808756,11808756,0
bytes_tokio,keepalive_4b_chunks,step1,30,1,12418897,12418897,0
bytes_tokio,keepalive_4b_chunks,baseline,30,1,12389125,12389125,0
bytes_tokio,large_data_event_chunks,step1,0,40,2983598,74589.95,64
bytes_tokio,large_data_event_chunks,core,0,33,3076707,93233.54545454546,64
bytes_tokio,large_data_event_chunks,baseline,0,29,2600321,89666.24137931035,64
bytes_tokio,large_data_event_chunks,baseline,1,29,2587675,89230.1724137931,64
bytes_tokio,large_data_event_chunks,core,1,33,3060760,92750.30303030302,64
bytes_tokio,large_data_event_chunks,step1,1,40,3004670,75116.75,64
bytes_tokio,large_data_event_chunks,core,2,33,3003043,91001.30303030302,64
bytes_tokio,large_data_event_chunks,baseline,2,29,2569782,88613.1724137931,64
bytes_tokio,large_data_event_chunks,step1,2,40,2978491,74462.275,64
bytes_tokio,large_data_event_chunks,core,3,33,2974709,90142.69696969698,64
bytes_tokio,large_data_event_chunks,step1,3,40,2962753,74068.825,64
bytes_tokio,large_data_event_chunks,baseline,3,29,2598443,89601.4827586207,64
bytes_tokio,large_data_event_chunks,step1,4,40,2975234,74380.85,64
bytes_tokio,large_data_event_chunks,baseline,4,29,2566038,88484.06896551725,64
bytes_tokio,large_data_event_chunks,core,4,33,3052851,92510.63636363637,64
bytes_tokio,large_data_event_chunks,core,5,33,2987975,90544.69696969698,64
bytes_tokio,large_data_event_chunks,baseline,5,29,2572418,88704.06896551725,64
bytes_tokio,large_data_event_chunks,step1,5,40,2957544,73938.6,64
bytes_tokio,large_data_event_chunks,baseline,6,29,2570663,88643.55172413793,64
bytes_tokio,large_data_event_chunks,step1,6,40,2964198,74104.95,64
bytes_tokio,large_data_event_chunks,core,6,33,3040747,92143.84848484848,64
bytes_tokio,large_data_event_chunks,baseline,7,29,2563944,88411.86206896552,64
bytes_tokio,large_data_event_chunks,core,7,33,3098378,93890.24242424243,64
bytes_tokio,large_data_event_chunks,step1,7,40,2968038,74200.95,64
bytes_tokio,large_data_event_chunks,step1,8,40,2976320,74408,64
bytes_tokio,large_data_event_chunks,baseline,8,29,2568507,88569.20689655172,64
bytes_tokio,large_data_event_chunks,core,8,33,2983453,90407.66666666667,64
bytes_tokio,large_data_event_chunks,step1,9,40,2968628,74215.7,64
bytes_tokio,large_data_event_chunks,core,9,33,3142614,95230.72727272728,64
bytes_tokio,large_data_event_chunks,baseline,9,29,2565463,88464.24137931035,64
bytes_tokio,large_data_event_chunks,step1,10,40,2963852,74096.3,64
bytes_tokio,large_data_event_chunks,baseline,10,29,2570775,88647.41379310345,64
bytes_tokio,large_data_event_chunks,core,10,33,2996208,90794.18181818182,64
bytes_tokio,large_data_event_chunks,baseline,11,29,2578178,88902.68965517242,64
bytes_tokio,large_data_event_chunks,core,11,33,3093584,93744.9696969697,64
bytes_tokio,large_data_event_chunks,step1,11,40,2954093,73852.325,64
bytes_tokio,large_data_event_chunks,core,12,33,2974010,90121.51515151515,64
bytes_tokio,large_data_event_chunks,step1,12,40,2968781,74219.525,64
bytes_tokio,large_data_event_chunks,baseline,12,29,2577275,88871.55172413793,64
bytes_tokio,large_data_event_chunks,step1,13,40,2969522,74238.05,64
bytes_tokio,large_data_event_chunks,baseline,13,29,2572484,88706.3448275862,64
bytes_tokio,large_data_event_chunks,core,13,33,3001520,90955.15151515152,64
bytes_tokio,large_data_event_chunks,core,14,33,3040084,92123.75757575757,64
bytes_tokio,large_data_event_chunks,step1,14,40,2969657,74241.425,64
bytes_tokio,large_data_event_chunks,baseline,14,29,2572763,88715.96551724138,64
bytes_tokio,large_data_event_chunks,core,15,33,2988193,90551.30303030302,64
bytes_tokio,large_data_event_chunks,baseline,15,29,2577678,88885.44827586207,64
bytes_tokio,large_data_event_chunks,step1,15,40,2956330,73908.25,64
bytes_tokio,large_data_event_chunks,core,16,33,2996400,90800,64
bytes_tokio,large_data_event_chunks,step1,16,40,2970213,74255.325,64
bytes_tokio,large_data_event_chunks,baseline,16,29,2564208,88420.96551724138,64
bytes_tokio,large_data_event_chunks,core,17,33,3018937,91482.93939393939,64
bytes_tokio,large_data_event_chunks,step1,17,40,2968219,74205.475,64
bytes_tokio,large_data_event_chunks,baseline,17,29,2573958,88757.1724137931,64
bytes_tokio,large_data_event_chunks,baseline,18,29,2570312,88631.44827586207,64
bytes_tokio,large_data_event_chunks,step1,18,40,2955313,73882.825,64
bytes_tokio,large_data_event_chunks,core,18,33,3105707,94112.33333333333,64
bytes_tokio,large_data_event_chunks,core,19,33,2979914,90300.42424242424,64
bytes_tokio,large_data_event_chunks,baseline,19,29,2572910,88721.03448275862,64
bytes_tokio,large_data_event_chunks,step1,19,40,2961947,74048.675,64
bytes_tokio,large_data_event_chunks,core,20,33,2980051,90304.57575757576,64
bytes_tokio,large_data_event_chunks,baseline,20,29,2575144,88798.06896551725,64
bytes_tokio,large_data_event_chunks,step1,20,40,2965505,74137.625,64
bytes_tokio,large_data_event_chunks,step1,21,40,2959976,73999.4,64
bytes_tokio,large_data_event_chunks,core,21,33,3088913,93603.42424242424,64
bytes_tokio,large_data_event_chunks,baseline,21,29,2595846,89511.93103448275,64
bytes_tokio,large_data_event_chunks,core,22,33,3025435,91679.84848484848,64
bytes_tokio,large_data_event_chunks,step1,22,40,2956695,73917.375,64
bytes_tokio,large_data_event_chunks,baseline,22,29,2579306,88941.58620689655,64
bytes_tokio,large_data_event_chunks,core,23,33,2982869,90389.9696969697,64
bytes_tokio,large_data_event_chunks,baseline,23,29,2565669,88471.3448275862,64
bytes_tokio,large_data_event_chunks,step1,23,40,2962821,74070.525,64
bytes_tokio,large_data_event_chunks,core,24,33,2989424,90588.60606060606,64
bytes_tokio,large_data_event_chunks,baseline,24,29,2577016,88862.62068965517,64
bytes_tokio,large_data_event_chunks,step1,24,40,2959381,73984.525,64
bytes_tokio,large_data_event_chunks,step1,25,40,2964383,74109.575,64
bytes_tokio,large_data_event_chunks,baseline,25,29,2593270,89423.10344827586,64
bytes_tokio,large_data_event_chunks,core,25,33,2980251,90310.63636363637,64
bytes_tokio,large_data_event_chunks,core,26,33,3053677,92535.66666666667,64
bytes_tokio,large_data_event_chunks,baseline,26,29,2574241,88766.93103448275,64
bytes_tokio,large_data_event_chunks,step1,26,40,2963638,74090.95,64
bytes_tokio,large_data_event_chunks,step1,27,40,2958341,73958.525,64
bytes_tokio,large_data_event_chunks,core,27,33,2998812,90873.09090909091,64
bytes_tokio,large_data_event_chunks,baseline,27,29,2575105,88796.72413793103,64
bytes_tokio,large_data_event_chunks,core,28,33,2972450,90074.24242424243,64
bytes_tokio,large_data_event_chunks,step1,28,40,2954180,73854.5,64
bytes_tokio,large_data_event_chunks,baseline,28,29,2574662,88781.44827586207,64
bytes_tokio,large_data_event_chunks,step1,29,40,2959193,73979.825,64
bytes_tokio,large_data_event_chunks,baseline,29,29,2568474,88568.06896551725,64
bytes_tokio,large_data_event_chunks,core,29,33,2976449,90195.42424242424,64
bytes_tokio,large_data_event_chunks,core,30,33,2994236,90734.42424242424,64
bytes_tokio,large_data_event_chunks,step1,30,40,2969330,74233.25,64
bytes_tokio,large_data_event_chunks,baseline,30,29,2570292,88630.75862068965,64
bytes_tokio,large_data_tcp_chunks,step1,0,21,2925370,139303.33333333334,64
bytes_tokio,large_data_tcp_chunks,core,0,23,2965873,128951,64
bytes_tokio,large_data_tcp_chunks,baseline,0,15,2310945,154063,64
bytes_tokio,large_data_tcp_chunks,baseline,1,15,2322294,154819.6,64
bytes_tokio,large_data_tcp_chunks,core,1,23,2906759,126380.82608695653,64
bytes_tokio,large_data_tcp_chunks,step1,1,21,2849113,135672.04761904763,64
bytes_tokio,large_data_tcp_chunks,core,2,23,2923707,127117.69565217392,64
bytes_tokio,large_data_tcp_chunks,baseline,2,15,2380275,158685,64
bytes_tokio,large_data_tcp_chunks,step1,2,21,2856698,136033.2380952381,64
bytes_tokio,large_data_tcp_chunks,core,3,23,2947289,128143,64
bytes_tokio,large_data_tcp_chunks,step1,3,21,2852063,135812.52380952382,64
bytes_tokio,large_data_tcp_chunks,baseline,3,15,2299505,153300.33333333334,64
bytes_tokio,large_data_tcp_chunks,step1,4,21,2851135,135768.33333333334,64
bytes_tokio,large_data_tcp_chunks,baseline,4,15,2317735,154515.66666666666,64
bytes_tokio,large_data_tcp_chunks,core,4,23,2948014,128174.52173913043,64
bytes_tokio,large_data_tcp_chunks,core,5,23,2955046,128480.26086956522,64
bytes_tokio,large_data_tcp_chunks,baseline,5,15,2328966,155264.4,64
bytes_tokio,large_data_tcp_chunks,step1,5,21,2883322,137301.04761904763,64
bytes_tokio,large_data_tcp_chunks,baseline,6,15,2326632,155108.8,64
bytes_tokio,large_data_tcp_chunks,step1,6,21,2867109,136529,64
bytes_tokio,large_data_tcp_chunks,core,6,23,2967273,129011.86956521739,64
bytes_tokio,large_data_tcp_chunks,baseline,7,15,2341462,156097.46666666667,64
bytes_tokio,large_data_tcp_chunks,core,7,23,3001478,130499.04347826086,64
bytes_tokio,large_data_tcp_chunks,step1,7,21,2869987,136666.04761904763,64
bytes_tokio,large_data_tcp_chunks,step1,8,21,2842183,135342.04761904763,64
bytes_tokio,large_data_tcp_chunks,baseline,8,15,2329049,155269.93333333332,64
bytes_tokio,large_data_tcp_chunks,core,8,23,2966540,128980,64
bytes_tokio,large_data_tcp_chunks,step1,9,21,2881573,137217.7619047619,64
bytes_tokio,large_data_tcp_chunks,core,9,23,2935545,127632.39130434782,64
bytes_tokio,large_data_tcp_chunks,baseline,9,15,2378443,158562.86666666667,64
bytes_tokio,large_data_tcp_chunks,step1,10,21,2874745,136892.61904761905,64
bytes_tokio,large_data_tcp_chunks,baseline,10,15,2348031,156535.4,64
bytes_tokio,large_data_tcp_chunks,core,10,23,2976961,129433.08695652174,64
bytes_tokio,large_data_tcp_chunks,baseline,11,15,2349266,156617.73333333334,64
bytes_tokio,large_data_tcp_chunks,core,11,23,2897152,125963.13043478261,64
bytes_tokio,large_data_tcp_chunks,step1,11,21,2865017,136429.38095238095,64
bytes_tokio,large_data_tcp_chunks,core,12,23,3095053,134567.52173913043,64
bytes_tokio,large_data_tcp_chunks,step1,12,21,2907729,138463.2857142857,64
bytes_tokio,large_data_tcp_chunks,baseline,12,15,2371619,158107.93333333332,64
bytes_tokio,large_data_tcp_chunks,step1,13,21,2817988,134189.90476190476,64
bytes_tokio,large_data_tcp_chunks,baseline,13,15,2338655,155910.33333333334,64
bytes_tokio,large_data_tcp_chunks,core,13,23,2923224,127096.69565217392,64
bytes_tokio,large_data_tcp_chunks,core,14,23,2903131,126223.08695652174,64
bytes_tokio,large_data_tcp_chunks,step1,14,21,2822779,134418.04761904763,64
bytes_tokio,large_data_tcp_chunks,baseline,14,15,2310183,154012.2,64
bytes_tokio,large_data_tcp_chunks,core,15,23,2915610,126765.65217391304,64
bytes_tokio,large_data_tcp_chunks,baseline,15,15,2304658,153643.86666666667,64
bytes_tokio,large_data_tcp_chunks,step1,15,21,2826166,134579.33333333334,64
bytes_tokio,large_data_tcp_chunks,core,16,23,2909791,126512.65217391304,64
bytes_tokio,large_data_tcp_chunks,step1,16,21,2842939,135378.04761904763,64
bytes_tokio,large_data_tcp_chunks,baseline,16,15,2300209,153347.26666666666,64
bytes_tokio,large_data_tcp_chunks,core,17,23,2919732,126944.86956521739,64
bytes_tokio,large_data_tcp_chunks,step1,17,21,2876854,136993.04761904763,64
bytes_tokio,large_data_tcp_chunks,baseline,17,15,2395345,159689.66666666666,64
bytes_tokio,large_data_tcp_chunks,baseline,18,15,2360343,157356.2,64
bytes_tokio,large_data_tcp_chunks,step1,18,21,2864812,136419.61904761905,64
bytes_tokio,large_data_tcp_chunks,core,18,23,2961397,128756.39130434782,64
bytes_tokio,large_data_tcp_chunks,core,19,23,2964557,128893.78260869565,64
bytes_tokio,large_data_tcp_chunks,baseline,19,15,2302582,153505.46666666667,64
bytes_tokio,large_data_tcp_chunks,step1,19,21,2847856,135612.19047619047,64
bytes_tokio,large_data_tcp_chunks,core,20,23,2934539,127588.65217391304,64
bytes_tokio,large_data_tcp_chunks,baseline,20,15,2342387,156159.13333333333,64
bytes_tokio,large_data_tcp_chunks,step1,20,21,2852180,135818.09523809524,64
bytes_tokio,large_data_tcp_chunks,step1,21,21,2885128,137387.04761904763,64
bytes_tokio,large_data_tcp_chunks,core,21,23,2954623,128461.86956521739,64
bytes_tokio,large_data_tcp_chunks,baseline,21,15,2337373,155824.86666666667,64
bytes_tokio,large_data_tcp_chunks,core,22,23,3191594,138764.95652173914,64
bytes_tokio,large_data_tcp_chunks,step1,22,21,2937051,139859.57142857142,64
bytes_tokio,large_data_tcp_chunks,baseline,22,15,2757664,183844.26666666666,64
bytes_tokio,large_data_tcp_chunks,core,23,23,3520649,153071.69565217392,64
bytes_tokio,large_data_tcp_chunks,baseline,23,15,2738331,182555.4,64
bytes_tokio,large_data_tcp_chunks,step1,23,21,3494699,166414.2380952381,64
bytes_tokio,large_data_tcp_chunks,core,24,23,3744057,162785.08695652173,64
bytes_tokio,large_data_tcp_chunks,baseline,24,15,2736071,182404.73333333334,64
bytes_tokio,large_data_tcp_chunks,step1,24,21,3363097,160147.47619047618,64
bytes_tokio,large_data_tcp_chunks,step1,25,21,3459231,164725.2857142857,64
bytes_tokio,large_data_tcp_chunks,baseline,25,15,2717930,181195.33333333334,64
bytes_tokio,large_data_tcp_chunks,core,25,23,3532682,153594.86956521738,64
bytes_tokio,large_data_tcp_chunks,core,26,23,3738042,162523.5652173913,64
bytes_tokio,large_data_tcp_chunks,baseline,26,15,2811307,187420.46666666667,64
bytes_tokio,large_data_tcp_chunks,step1,26,21,3292330,156777.61904761905,64
bytes_tokio,large_data_tcp_chunks,step1,27,21,3374060,160669.52380952382,64
bytes_tokio,large_data_tcp_chunks,core,27,23,3756199,163313,64
bytes_tokio,large_data_tcp_chunks,baseline,27,15,2910756,194050.4,64
bytes_tokio,large_data_tcp_chunks,core,28,23,3807555,165545.86956521738,64
bytes_tokio,large_data_tcp_chunks,step1,28,21,3482530,165834.7619047619,64
bytes_tokio,large_data_tcp_chunks,baseline,28,15,2747724,183181.6,64
bytes_tokio,large_data_tcp_chunks,step1,29,21,3541501,168642.90476190476,64
bytes_tokio,large_data_tcp_chunks,baseline,29,15,2756670,183778,64
bytes_tokio,large_data_tcp_chunks,core,29,23,3564514,154978.86956521738,64
bytes_tokio,large_data_tcp_chunks,core,30,23,3979946,173041.13043478262,64
bytes_tokio,large_data_tcp_chunks,step1,30,21,3493139,166339.95238095237,64
bytes_tokio,large_data_tcp_chunks,baseline,30,15,2995037,199669.13333333333,64
bytes_tokio,medium_data_10b_chunks,step1,0,1,2283713,2283713,256
bytes_tokio,medium_data_10b_chunks,core,0,1,2134105,2134105,256
bytes_tokio,medium_data_10b_chunks,baseline,0,1,2249321,2249321,256
bytes_tokio,medium_data_10b_chunks,baseline,1,1,2241291,2241291,256
bytes_tokio,medium_data_10b_chunks,core,1,1,2189068,2189068,256
bytes_tokio,medium_data_10b_chunks,step1,1,1,2273801,2273801,256
bytes_tokio,medium_data_10b_chunks,core,2,1,2215346,2215346,256
bytes_tokio,medium_data_10b_chunks,baseline,2,1,2248672,2248672,256
bytes_tokio,medium_data_10b_chunks,step1,2,1,2208425,2208425,256
bytes_tokio,medium_data_10b_chunks,core,3,1,2131352,2131352,256
bytes_tokio,medium_data_10b_chunks,step1,3,1,2478776,2478776,256
bytes_tokio,medium_data_10b_chunks,baseline,3,1,2292467,2292467,256
bytes_tokio,medium_data_10b_chunks,step1,4,1,2303794,2303794,256
bytes_tokio,medium_data_10b_chunks,baseline,4,1,2245099,2245099,256
bytes_tokio,medium_data_10b_chunks,core,4,1,2156026,2156026,256
bytes_tokio,medium_data_10b_chunks,core,5,1,2145708,2145708,256
bytes_tokio,medium_data_10b_chunks,baseline,5,1,2419337,2419337,256
bytes_tokio,medium_data_10b_chunks,step1,5,1,2251528,2251528,256
bytes_tokio,medium_data_10b_chunks,baseline,6,1,2341976,2341976,256
bytes_tokio,medium_data_10b_chunks,step1,6,1,2384212,2384212,256
bytes_tokio,medium_data_10b_chunks,core,6,1,2206402,2206402,256
bytes_tokio,medium_data_10b_chunks,baseline,7,1,2304043,2304043,256
bytes_tokio,medium_data_10b_chunks,core,7,1,2185908,2185908,256
bytes_tokio,medium_data_10b_chunks,step1,7,1,2298227,2298227,256
bytes_tokio,medium_data_10b_chunks,step1,8,1,2264703,2264703,256
bytes_tokio,medium_data_10b_chunks,baseline,8,1,2246309,2246309,256
bytes_tokio,medium_data_10b_chunks,core,8,1,2126833,2126833,256
bytes_tokio,medium_data_10b_chunks,step1,9,1,2226723,2226723,256
bytes_tokio,medium_data_10b_chunks,core,9,1,2148887,2148887,256
bytes_tokio,medium_data_10b_chunks,baseline,9,1,2233620,2233620,256
bytes_tokio,medium_data_10b_chunks,step1,10,1,2283748,2283748,256
bytes_tokio,medium_data_10b_chunks,baseline,10,1,2255840,2255840,256
bytes_tokio,medium_data_10b_chunks,core,10,1,2117188,2117188,256
bytes_tokio,medium_data_10b_chunks,baseline,11,1,2256532,2256532,256
bytes_tokio,medium_data_10b_chunks,core,11,1,2152080,2152080,256
bytes_tokio,medium_data_10b_chunks,step1,11,1,2283406,2283406,256
bytes_tokio,medium_data_10b_chunks,core,12,1,2149591,2149591,256
bytes_tokio,medium_data_10b_chunks,step1,12,1,2241293,2241293,256
bytes_tokio,medium_data_10b_chunks,baseline,12,1,2251396,2251396,256
bytes_tokio,medium_data_10b_chunks,step1,13,1,4226828,4226828,256
bytes_tokio,medium_data_10b_chunks,baseline,13,1,2827073,2827073,256
bytes_tokio,medium_data_10b_chunks,core,13,1,2186885,2186885,256
bytes_tokio,medium_data_10b_chunks,core,14,1,2198577,2198577,256
bytes_tokio,medium_data_10b_chunks,step1,14,1,2246676,2246676,256
bytes_tokio,medium_data_10b_chunks,baseline,14,1,2266667,2266667,256
bytes_tokio,medium_data_10b_chunks,core,15,1,2169360,2169360,256
bytes_tokio,medium_data_10b_chunks,baseline,15,1,2262304,2262304,256
bytes_tokio,medium_data_10b_chunks,step1,15,1,2218538,2218538,256
bytes_tokio,medium_data_10b_chunks,core,16,1,2127548,2127548,256
bytes_tokio,medium_data_10b_chunks,step1,16,1,2256570,2256570,256
bytes_tokio,medium_data_10b_chunks,baseline,16,1,2257361,2257361,256
bytes_tokio,medium_data_10b_chunks,core,17,1,2127830,2127830,256
bytes_tokio,medium_data_10b_chunks,step1,17,1,2214592,2214592,256
bytes_tokio,medium_data_10b_chunks,baseline,17,1,2228342,2228342,256
bytes_tokio,medium_data_10b_chunks,baseline,18,1,2238939,2238939,256
bytes_tokio,medium_data_10b_chunks,step1,18,1,2192127,2192127,256
bytes_tokio,medium_data_10b_chunks,core,18,1,2134150,2134150,256
bytes_tokio,medium_data_10b_chunks,core,19,1,2137223,2137223,256
bytes_tokio,medium_data_10b_chunks,baseline,19,1,2285082,2285082,256
bytes_tokio,medium_data_10b_chunks,step1,19,1,2265755,2265755,256
bytes_tokio,medium_data_10b_chunks,core,20,1,2132633,2132633,256
bytes_tokio,medium_data_10b_chunks,baseline,20,1,2281020,2281020,256
bytes_tokio,medium_data_10b_chunks,step1,20,1,2225464,2225464,256
bytes_tokio,medium_data_10b_chunks,step1,21,1,2278196,2278196,256
bytes_tokio,medium_data_10b_chunks,core,21,1,2155836,2155836,256
bytes_tokio,medium_data_10b_chunks,baseline,21,1,2257500,2257500,256
bytes_tokio,medium_data_10b_chunks,core,22,1,2155653,2155653,256
bytes_tokio,medium_data_10b_chunks,step1,22,1,2251692,2251692,256
bytes_tokio,medium_data_10b_chunks,baseline,22,1,2247377,2247377,256
bytes_tokio,medium_data_10b_chunks,core,23,1,2242190,2242190,256
bytes_tokio,medium_data_10b_chunks,baseline,23,1,2259377,2259377,256
bytes_tokio,medium_data_10b_chunks,step1,23,1,2235862,2235862,256
bytes_tokio,medium_data_10b_chunks,core,24,1,2166115,2166115,256
bytes_tokio,medium_data_10b_chunks,baseline,24,1,2246089,2246089,256
bytes_tokio,medium_data_10b_chunks,step1,24,1,2268211,2268211,256
bytes_tokio,medium_data_10b_chunks,step1,25,1,2222968,2222968,256
bytes_tokio,medium_data_10b_chunks,baseline,25,1,2285613,2285613,256
bytes_tokio,medium_data_10b_chunks,core,25,1,2125033,2125033,256
bytes_tokio,medium_data_10b_chunks,core,26,1,2136045,2136045,256
bytes_tokio,medium_data_10b_chunks,baseline,26,1,2242954,2242954,256
bytes_tokio,medium_data_10b_chunks,step1,26,1,2236025,2236025,256
bytes_tokio,medium_data_10b_chunks,step1,27,1,2260839,2260839,256
bytes_tokio,medium_data_10b_chunks,core,27,1,2128977,2128977,256
bytes_tokio,medium_data_10b_chunks,baseline,27,1,2247661,2247661,256
bytes_tokio,medium_data_10b_chunks,core,28,1,2140903,2140903,256
bytes_tokio,medium_data_10b_chunks,step1,28,1,2231816,2231816,256
bytes_tokio,medium_data_10b_chunks,baseline,28,1,2253608,2253608,256
bytes_tokio,medium_data_10b_chunks,step1,29,1,2242960,2242960,256
bytes_tokio,medium_data_10b_chunks,baseline,29,1,2233309,2233309,256
bytes_tokio,medium_data_10b_chunks,core,29,1,2131777,2131777,256
bytes_tokio,medium_data_10b_chunks,core,30,1,2141530,2141530,256
bytes_tokio,medium_data_10b_chunks,step1,30,1,2258973,2258973,256
bytes_tokio,medium_data_10b_chunks,baseline,30,1,2270531,2270531,256
bytes_tokio,json_line_tcp,step1,0,3,2874515,958171.6666666666,20000
bytes_tokio,json_line_tcp,core,0,4,2995575,748893.75,20000
bytes_tokio,json_line_tcp,baseline,0,3,2868441,956147,20000
bytes_tokio,json_line_tcp,baseline,1,3,2922345,974115,20000
bytes_tokio,json_line_tcp,core,1,4,2946083,736520.75,20000
bytes_tokio,json_line_tcp,step1,1,3,2877551,959183.6666666666,20000
bytes_tokio,json_line_tcp,core,2,4,2947033,736758.25,20000
bytes_tokio,json_line_tcp,baseline,2,3,2906145,968715,20000
bytes_tokio,json_line_tcp,step1,2,3,2911482,970494,20000
bytes_tokio,json_line_tcp,core,3,4,2944469,736117.25,20000
bytes_tokio,json_line_tcp,step1,3,3,2933638,977879.3333333334,20000
bytes_tokio,json_line_tcp,baseline,3,3,2905967,968655.6666666666,20000
bytes_tokio,json_line_tcp,step1,4,3,2893903,964634.3333333334,20000
bytes_tokio,json_line_tcp,baseline,4,3,2903370,967790,20000
bytes_tokio,json_line_tcp,core,4,4,3004551,751137.75,20000
bytes_tokio,json_line_tcp,core,5,4,2968793,742198.25,20000
bytes_tokio,json_line_tcp,baseline,5,3,2890861,963620.3333333334,20000
bytes_tokio,json_line_tcp,step1,5,3,2901760,967253.3333333334,20000
bytes_tokio,json_line_tcp,baseline,6,3,2890459,963486.3333333334,20000
bytes_tokio,json_line_tcp,step1,6,3,2883349,961116.3333333334,20000
bytes_tokio,json_line_tcp,core,6,4,2961353,740338.25,20000
bytes_tokio,json_line_tcp,baseline,7,3,2938202,979400.6666666666,20000
bytes_tokio,json_line_tcp,core,7,4,2955515,738878.75,20000
bytes_tokio,json_line_tcp,step1,7,3,2887362,962454,20000
bytes_tokio,json_line_tcp,step1,8,3,2914320,971440,20000
bytes_tokio,json_line_tcp,baseline,8,3,2907427,969142.3333333334,20000
bytes_tokio,json_line_tcp,core,8,4,2943112,735778,20000
bytes_tokio,json_line_tcp,step1,9,3,2936468,978822.6666666666,20000
bytes_tokio,json_line_tcp,core,9,4,2994280,748570,20000
bytes_tokio,json_line_tcp,baseline,9,3,2893614,964538,20000
bytes_tokio,json_line_tcp,step1,10,3,2893058,964352.6666666666,20000
bytes_tokio,json_line_tcp,baseline,10,3,2866943,955647.6666666666,20000
bytes_tokio,json_line_tcp,core,10,4,2990964,747741,20000
bytes_tokio,json_line_tcp,baseline,11,3,2892627,964209,20000
bytes_tokio,json_line_tcp,core,11,4,3031184,757796,20000
bytes_tokio,json_line_tcp,step1,11,3,2919823,973274.3333333334,20000
bytes_tokio,json_line_tcp,core,12,4,2981919,745479.75,20000
bytes_tokio,json_line_tcp,step1,12,3,2880468,960156,20000
bytes_tokio,json_line_tcp,baseline,12,3,2891963,963987.6666666666,20000
bytes_tokio,json_line_tcp,step1,13,3,2894260,964753.3333333334,20000
bytes_tokio,json_line_tcp,baseline,13,3,2915675,971891.6666666666,20000
bytes_tokio,json_line_tcp,core,13,4,2976453,744113.25,20000
bytes_tokio,json_line_tcp,core,14,4,2947103,736775.75,20000
bytes_tokio,json_line_tcp,step1,14,3,2893301,964433.6666666666,20000
bytes_tokio,json_line_tcp,baseline,14,3,2896656,965552,20000
bytes_tokio,json_line_tcp,core,15,4,2936053,734013.25,20000
bytes_tokio,json_line_tcp,baseline,15,3,2883442,961147.3333333334,20000
bytes_tokio,json_line_tcp,step1,15,3,2916994,972331.3333333334,20000
bytes_tokio,json_line_tcp,core,16,4,2968284,742071,20000
bytes_tokio,json_line_tcp,step1,16,3,2943154,981051.3333333334,20000
bytes_tokio,json_line_tcp,baseline,16,3,2906897,968965.6666666666,20000
bytes_tokio,json_line_tcp,core,17,4,2983664,745916,20000
bytes_tokio,json_line_tcp,step1,17,3,2869270,956423.3333333334,20000
bytes_tokio,json_line_tcp,baseline,17,3,2930294,976764.6666666666,20000
bytes_tokio,json_line_tcp,baseline,18,3,2902479,967493,20000
bytes_tokio,json_line_tcp,step1,18,3,2867692,955897.3333333334,20000
bytes_tokio,json_line_tcp,core,18,4,3006376,751594,20000
bytes_tokio,json_line_tcp,core,19,4,2994537,748634.25,20000
bytes_tokio,json_line_tcp,baseline,19,3,2907143,969047.6666666666,20000
bytes_tokio,json_line_tcp,step1,19,3,2895920,965306.6666666666,20000
bytes_tokio,json_line_tcp,core,20,4,2941744,735436,20000
bytes_tokio,json_line_tcp,baseline,20,3,2850628,950209.3333333334,20000
bytes_tokio,json_line_tcp,step1,20,3,2903358,967786,20000
bytes_tokio,json_line_tcp,step1,21,3,2872350,957450,20000
bytes_tokio,json_line_tcp,core,21,4,2966169,741542.25,20000
bytes_tokio,json_line_tcp,baseline,21,3,2880357,960119,20000
bytes_tokio,json_line_tcp,core,22,4,2962676,740669,20000
bytes_tokio,json_line_tcp,step1,22,3,2883850,961283.3333333334,20000
bytes_tokio,json_line_tcp,baseline,22,3,2897466,965822,20000
bytes_tokio,json_line_tcp,core,23,4,3004452,751113,20000
bytes_tokio,json_line_tcp,baseline,23,3,2896936,965645.3333333334,20000
bytes_tokio,json_line_tcp,step1,23,3,2918489,972829.6666666666,20000
bytes_tokio,json_line_tcp,core,24,4,2980041,745010.25,20000
bytes_tokio,json_line_tcp,baseline,24,3,2884887,961629,20000
bytes_tokio,json_line_tcp,step1,24,3,2926082,975360.6666666666,20000
bytes_tokio,json_line_tcp,step1,25,3,2881578,960526,20000
bytes_tokio,json_line_tcp,baseline,25,3,2937420,979140,20000
bytes_tokio,json_line_tcp,core,25,4,3065844,766461,20000
bytes_tokio,json_line_tcp,core,26,4,2997033,749258.25,20000
bytes_tokio,json_line_tcp,baseline,26,3,2923591,974530.3333333334,20000
bytes_tokio,json_line_tcp,step1,26,3,2893800,964600,20000
bytes_tokio,json_line_tcp,step1,27,3,2888771,962923.6666666666,20000
bytes_tokio,json_line_tcp,core,27,4,2946052,736513,20000
bytes_tokio,json_line_tcp,baseline,27,3,2900614,966871.3333333334,20000
bytes_tokio,json_line_tcp,core,28,4,2962394,740598.5,20000
bytes_tokio,json_line_tcp,step1,28,3,2863488,954496,20000
bytes_tokio,json_line_tcp,baseline,28,3,2903104,967701.3333333334,20000
bytes_tokio,json_line_tcp,step1,29,3,2907756,969252,20000
bytes_tokio,json_line_tcp,baseline,29,3,2887104,962368,20000
bytes_tokio,json_line_tcp,core,29,4,2952466,738116.5,20000
bytes_tokio,json_line_tcp,core,30,4,2972048,743012,20000
bytes_tokio,json_line_tcp,step1,30,3,2893355,964451.6666666666,20000
bytes_tokio,json_line_tcp,baseline,30,3,2867766,955922,20000
bytes_tokio,json_metadata_after_tcp,step1,0,2,2863212,1431606,20000
bytes_tokio,json_metadata_after_tcp,core,0,2,2914422,1457211,20000
bytes_tokio,json_metadata_after_tcp,baseline,0,2,2836208,1418104,20000
bytes_tokio,json_metadata_after_tcp,baseline,1,2,2815468,1407734,20000
bytes_tokio,json_metadata_after_tcp,core,1,2,3129422,1564711,20000
bytes_tokio,json_metadata_after_tcp,step1,1,2,2913772,1456886,20000
bytes_tokio,json_metadata_after_tcp,core,2,2,2915104,1457552,20000
bytes_tokio,json_metadata_after_tcp,baseline,2,2,2809472,1404736,20000
bytes_tokio,json_metadata_after_tcp,step1,2,2,2861910,1430955,20000
bytes_tokio,json_metadata_after_tcp,core,3,2,2915112,1457556,20000
bytes_tokio,json_metadata_after_tcp,step1,3,2,2883572,1441786,20000
bytes_tokio,json_metadata_after_tcp,baseline,3,2,2819564,1409782,20000
bytes_tokio,json_metadata_after_tcp,step1,4,2,2853723,1426861.5,20000
bytes_tokio,json_metadata_after_tcp,baseline,4,2,2816971,1408485.5,20000
bytes_tokio,json_metadata_after_tcp,core,4,2,2914274,1457137,20000
bytes_tokio,json_metadata_after_tcp,core,5,2,2907164,1453582,20000
bytes_tokio,json_metadata_after_tcp,baseline,5,2,2795332,1397666,20000
bytes_tokio,json_metadata_after_tcp,step1,5,2,2892497,1446248.5,20000
bytes_tokio,json_metadata_after_tcp,baseline,6,2,2803268,1401634,20000
bytes_tokio,json_metadata_after_tcp,step1,6,2,2875252,1437626,20000
bytes_tokio,json_metadata_after_tcp,core,6,2,2931411,1465705.5,20000
bytes_tokio,json_metadata_after_tcp,baseline,7,2,2839021,1419510.5,20000
bytes_tokio,json_metadata_after_tcp,core,7,2,2928322,1464161,20000
bytes_tokio,json_metadata_after_tcp,step1,7,2,2880967,1440483.5,20000
bytes_tokio,json_metadata_after_tcp,step1,8,2,2854466,1427233,20000
bytes_tokio,json_metadata_after_tcp,baseline,8,2,2824586,1412293,20000
bytes_tokio,json_metadata_after_tcp,core,8,2,2905070,1452535,20000
bytes_tokio,json_metadata_after_tcp,step1,9,2,2865161,1432580.5,20000
bytes_tokio,json_metadata_after_tcp,core,9,2,2926544,1463272,20000
bytes_tokio,json_metadata_after_tcp,baseline,9,2,2847783,1423891.5,20000
bytes_tokio,json_metadata_after_tcp,step1,10,2,2895956,1447978,20000
bytes_tokio,json_metadata_after_tcp,baseline,10,2,2775455,1387727.5,20000
bytes_tokio,json_metadata_after_tcp,core,10,2,2919910,1459955,20000
bytes_tokio,json_metadata_after_tcp,baseline,11,2,2851961,1425980.5,20000
bytes_tokio,json_metadata_after_tcp,core,11,2,2934567,1467283.5,20000
bytes_tokio,json_metadata_after_tcp,step1,11,2,2841411,1420705.5,20000
bytes_tokio,json_metadata_after_tcp,core,12,2,2890584,1445292,20000
bytes_tokio,json_metadata_after_tcp,step1,12,2,2842400,1421200,20000
bytes_tokio,json_metadata_after_tcp,baseline,12,2,2868634,1434317,20000
bytes_tokio,json_metadata_after_tcp,step1,13,2,2869026,1434513,20000
bytes_tokio,json_metadata_after_tcp,baseline,13,2,2843466,1421733,20000
bytes_tokio,json_metadata_after_tcp,core,13,2,2906433,1453216.5,20000
bytes_tokio,json_metadata_after_tcp,core,14,2,2901190,1450595,20000
bytes_tokio,json_metadata_after_tcp,step1,14,2,2839820,1419910,20000
bytes_tokio,json_metadata_after_tcp,baseline,14,2,2850311,1425155.5,20000
bytes_tokio,json_metadata_after_tcp,core,15,2,2903720,1451860,20000
bytes_tokio,json_metadata_after_tcp,baseline,15,2,2844579,1422289.5,20000
bytes_tokio,json_metadata_after_tcp,step1,15,2,2878432,1439216,20000
bytes_tokio,json_metadata_after_tcp,core,16,2,2921601,1460800.5,20000
bytes_tokio,json_metadata_after_tcp,step1,16,2,2864919,1432459.5,20000
bytes_tokio,json_metadata_after_tcp,baseline,16,2,2864755,1432377.5,20000
bytes_tokio,json_metadata_after_tcp,core,17,2,2921272,1460636,20000
bytes_tokio,json_metadata_after_tcp,step1,17,2,2858503,1429251.5,20000
bytes_tokio,json_metadata_after_tcp,baseline,17,2,2806466,1403233,20000
bytes_tokio,json_metadata_after_tcp,baseline,18,2,2838351,1419175.5,20000
bytes_tokio,json_metadata_after_tcp,step1,18,2,2877823,1438911.5,20000
bytes_tokio,json_metadata_after_tcp,core,18,2,2919940,1459970,20000
bytes_tokio,json_metadata_after_tcp,core,19,2,2933965,1466982.5,20000
bytes_tokio,json_metadata_after_tcp,baseline,19,2,2811624,1405812,20000
bytes_tokio,json_metadata_after_tcp,step1,19,2,2877626,1438813,20000
bytes_tokio,json_metadata_after_tcp,core,20,2,2918904,1459452,20000
bytes_tokio,json_metadata_after_tcp,baseline,20,2,2809616,1404808,20000
bytes_tokio,json_metadata_after_tcp,step1,20,2,2895548,1447774,20000
bytes_tokio,json_metadata_after_tcp,step1,21,2,2916154,1458077,20000
bytes_tokio,json_metadata_after_tcp,core,21,2,2924771,1462385.5,20000
bytes_tokio,json_metadata_after_tcp,baseline,21,2,2792422,1396211,20000
bytes_tokio,json_metadata_after_tcp,core,22,2,2908337,1454168.5,20000
bytes_tokio,json_metadata_after_tcp,step1,22,2,2839580,1419790,20000
bytes_tokio,json_metadata_after_tcp,baseline,22,2,2832461,1416230.5,20000
bytes_tokio,json_metadata_after_tcp,core,23,2,2929390,1464695,20000
bytes_tokio,json_metadata_after_tcp,baseline,23,2,2830896,1415448,20000
bytes_tokio,json_metadata_after_tcp,step1,23,2,2870409,1435204.5,20000
bytes_tokio,json_metadata_after_tcp,core,24,2,2910013,1455006.5,20000
bytes_tokio,json_metadata_after_tcp,baseline,24,2,2830929,1415464.5,20000
bytes_tokio,json_metadata_after_tcp,step1,24,2,2868779,1434389.5,20000
bytes_tokio,json_metadata_after_tcp,step1,25,2,2887780,1443890,20000
bytes_tokio,json_metadata_after_tcp,baseline,25,2,2805027,1402513.5,20000
bytes_tokio,json_metadata_after_tcp,core,25,2,2924936,1462468,20000
bytes_tokio,json_metadata_after_tcp,core,26,2,2917327,1458663.5,20000
bytes_tokio,json_metadata_after_tcp,baseline,26,2,2799570,1399785,20000
bytes_tokio,json_metadata_after_tcp,step1,26,2,2874591,1437295.5,20000
bytes_tokio,json_metadata_after_tcp,step1,27,2,2876507,1438253.5,20000
bytes_tokio,json_metadata_after_tcp,core,27,2,2914669,1457334.5,20000
bytes_tokio,json_metadata_after_tcp,baseline,27,2,2809192,1404596,20000
bytes_tokio,json_metadata_after_tcp,core,28,2,2912463,1456231.5,20000
bytes_tokio,json_metadata_after_tcp,step1,28,2,2880035,1440017.5,20000
bytes_tokio,json_metadata_after_tcp,baseline,28,2,2839189,1419594.5,20000
bytes_tokio,json_metadata_after_tcp,step1,29,2,2860470,1430235,20000
bytes_tokio,json_metadata_after_tcp,baseline,29,2,2842113,1421056.5,20000
bytes_tokio,json_metadata_after_tcp,core,29,2,2904556,1452278,20000
bytes_tokio,json_metadata_after_tcp,core,30,2,2925071,1462535.5,20000
bytes_tokio,json_metadata_after_tcp,step1,30,2,2907611,1453805.5,20000
bytes_tokio,json_metadata_after_tcp,baseline,30,2,2801464,1400732,20000
bytes_tokio,json_crlf_tcp,step1,0,1,1938215,1938215,20000
bytes_tokio,json_crlf_tcp,core,0,1,2103780,2103780,20000
bytes_tokio,json_crlf_tcp,baseline,0,1,1935085,1935085,20000
bytes_tokio,json_crlf_tcp,baseline,1,1,2031712,2031712,20000
bytes_tokio,json_crlf_tcp,core,1,1,2104586,2104586,20000
bytes_tokio,json_crlf_tcp,step1,1,1,1956580,1956580,20000
bytes_tokio,json_crlf_tcp,core,2,1,2113365,2113365,20000
bytes_tokio,json_crlf_tcp,baseline,2,1,1898796,1898796,20000
bytes_tokio,json_crlf_tcp,step1,2,1,2028916,2028916,20000
bytes_tokio,json_crlf_tcp,core,3,1,2099689,2099689,20000
bytes_tokio,json_crlf_tcp,step1,3,1,1918401,1918401,20000
bytes_tokio,json_crlf_tcp,baseline,3,1,1927982,1927982,20000
bytes_tokio,json_crlf_tcp,step1,4,1,1893875,1893875,20000
bytes_tokio,json_crlf_tcp,baseline,4,1,1889248,1889248,20000
bytes_tokio,json_crlf_tcp,core,4,1,2090521,2090521,20000
bytes_tokio,json_crlf_tcp,core,5,1,2102725,2102725,20000
bytes_tokio,json_crlf_tcp,baseline,5,1,1908486,1908486,20000
bytes_tokio,json_crlf_tcp,step1,5,1,1911193,1911193,20000
bytes_tokio,json_crlf_tcp,baseline,6,1,1890755,1890755,20000
bytes_tokio,json_crlf_tcp,step1,6,1,1880697,1880697,20000
bytes_tokio,json_crlf_tcp,core,6,1,2088688,2088688,20000
bytes_tokio,json_crlf_tcp,baseline,7,1,1903941,1903941,20000
bytes_tokio,json_crlf_tcp,core,7,1,2100338,2100338,20000
bytes_tokio,json_crlf_tcp,step1,7,1,1906106,1906106,20000
bytes_tokio,json_crlf_tcp,step1,8,1,1898342,1898342,20000
bytes_tokio,json_crlf_tcp,baseline,8,1,1916065,1916065,20000
bytes_tokio,json_crlf_tcp,core,8,1,2076730,2076730,20000
bytes_tokio,json_crlf_tcp,step1,9,1,1906393,1906393,20000
bytes_tokio,json_crlf_tcp,core,9,1,2087115,2087115,20000
bytes_tokio,json_crlf_tcp,baseline,9,1,1892181,1892181,20000
bytes_tokio,json_crlf_tcp,step1,10,1,1904065,1904065,20000
bytes_tokio,json_crlf_tcp,baseline,10,1,1879114,1879114,20000
bytes_tokio,json_crlf_tcp,core,10,1,2109380,2109380,20000
bytes_tokio,json_crlf_tcp,baseline,11,1,1907738,1907738,20000
bytes_tokio,json_crlf_tcp,core,11,1,2077897,2077897,20000
bytes_tokio,json_crlf_tcp,step1,11,1,1912034,1912034,20000
bytes_tokio,json_crlf_tcp,core,12,1,2074417,2074417,20000
bytes_tokio,json_crlf_tcp,step1,12,1,1885752,1885752,20000
bytes_tokio,json_crlf_tcp,baseline,12,1,1929801,1929801,20000
bytes_tokio,json_crlf_tcp,step1,13,1,1945698,1945698,20000
bytes_tokio,json_crlf_tcp,baseline,13,1,1912799,1912799,20000
bytes_tokio,json_crlf_tcp,core,13,1,2073221,2073221,20000
bytes_tokio,json_crlf_tcp,core,14,1,2086686,2086686,20000
bytes_tokio,json_crlf_tcp,step1,14,1,1928025,1928025,20000
bytes_tokio,json_crlf_tcp,baseline,14,1,2010795,2010795,20000
bytes_tokio,json_crlf_tcp,core,15,1,2114962,2114962,20000
bytes_tokio,json_crlf_tcp,baseline,15,1,1941802,1941802,20000
bytes_tokio,json_crlf_tcp,step1,15,1,2268506,2268506,20000
bytes_tokio,json_crlf_tcp,core,16,1,2694874,2694874,20000
bytes_tokio,json_crlf_tcp,step1,16,1,2251081,2251081,20000
bytes_tokio,json_crlf_tcp,baseline,16,1,2061488,2061488,20000
bytes_tokio,json_crlf_tcp,core,17,1,2527077,2527077,20000
bytes_tokio,json_crlf_tcp,step1,17,1,2288463,2288463,20000
bytes_tokio,json_crlf_tcp,baseline,17,1,2449381,2449381,20000
bytes_tokio,json_crlf_tcp,baseline,18,1,2325213,2325213,20000
bytes_tokio,json_crlf_tcp,step1,18,1,2334310,2334310,20000
bytes_tokio,json_crlf_tcp,core,18,1,2544585,2544585,20000
bytes_tokio,json_crlf_tcp,core,19,1,2449654,2449654,20000
bytes_tokio,json_crlf_tcp,baseline,19,1,2560680,2560680,20000
bytes_tokio,json_crlf_tcp,step1,19,1,2259655,2259655,20000
bytes_tokio,json_crlf_tcp,core,20,1,2437487,2437487,20000
bytes_tokio,json_crlf_tcp,baseline,20,1,2529628,2529628,20000
bytes_tokio,json_crlf_tcp,step1,20,1,2593352,2593352,20000
bytes_tokio,json_crlf_tcp,step1,21,1,2407363,2407363,20000
bytes_tokio,json_crlf_tcp,core,21,1,2670249,2670249,20000
bytes_tokio,json_crlf_tcp,baseline,21,1,2543342,2543342,20000
bytes_tokio,json_crlf_tcp,core,22,1,2587882,2587882,20000
bytes_tokio,json_crlf_tcp,step1,22,1,2409586,2409586,20000
bytes_tokio,json_crlf_tcp,baseline,22,1,2565946,2565946,20000
bytes_tokio,json_crlf_tcp,core,23,1,2505503,2505503,20000
bytes_tokio,json_crlf_tcp,baseline,23,1,2462550,2462550,20000
bytes_tokio,json_crlf_tcp,step1,23,1,2371456,2371456,20000
bytes_tokio,json_crlf_tcp,core,24,1,2467299,2467299,20000
bytes_tokio,json_crlf_tcp,baseline,24,1,2231350,2231350,20000
bytes_tokio,json_crlf_tcp,step1,24,1,2383741,2383741,20000
bytes_tokio,json_crlf_tcp,step1,25,1,2349803,2349803,20000
bytes_tokio,json_crlf_tcp,baseline,25,1,2313078,2313078,20000
bytes_tokio,json_crlf_tcp,core,25,1,2504062,2504062,20000
bytes_tokio,json_crlf_tcp,core,26,1,2579427,2579427,20000
bytes_tokio,json_crlf_tcp,baseline,26,1,2335423,2335423,20000
bytes_tokio,json_crlf_tcp,step1,26,1,2299863,2299863,20000
bytes_tokio,json_crlf_tcp,step1,27,1,2295290,2295290,20000
bytes_tokio,json_crlf_tcp,core,27,1,2467033,2467033,20000
bytes_tokio,json_crlf_tcp,baseline,27,1,2237054,2237054,20000
bytes_tokio,json_crlf_tcp,core,28,1,2532054,2532054,20000
bytes_tokio,json_crlf_tcp,step1,28,1,2361037,2361037,20000
bytes_tokio,json_crlf_tcp,baseline,28,1,2137434,2137434,20000
bytes_tokio,json_crlf_tcp,step1,29,1,2619047,2619047,20000
bytes_tokio,json_crlf_tcp,baseline,29,1,2123106,2123106,20000
bytes_tokio,json_crlf_tcp,core,29,1,2224593,2224593,20000
bytes_tokio,json_crlf_tcp,core,30,1,2082877,2082877,20000
bytes_tokio,json_crlf_tcp,step1,30,1,1937275,1937275,20000
bytes_tokio,json_crlf_tcp,baseline,30,1,1926334,1926334,20000
bytes_tokio,large_utf8_tcp,step1,0,12,2826130,235510.83333333334,64
bytes_tokio,large_utf8_tcp,core,0,2,1822772,911386,64
bytes_tokio,large_utf8_tcp,baseline,0,3,2850811,950270.3333333334,64
bytes_tokio,large_utf8_tcp,baseline,1,3,2853626,951208.6666666666,64
bytes_tokio,large_utf8_tcp,core,1,2,1865138,932569,64
bytes_tokio,large_utf8_tcp,step1,1,12,2970915,247576.25,64
bytes_tokio,large_utf8_tcp,core,2,2,1844845,922422.5,64
bytes_tokio,large_utf8_tcp,baseline,2,3,3178491,1059497,64
bytes_tokio,large_utf8_tcp,step1,2,12,2842316,236859.66666666666,64
bytes_tokio,large_utf8_tcp,core,3,2,1914815,957407.5,64
bytes_tokio,large_utf8_tcp,step1,3,12,2828575,235714.58333333334,64
bytes_tokio,large_utf8_tcp,baseline,3,3,2832191,944063.6666666666,64
bytes_tokio,large_utf8_tcp,step1,4,12,2831100,235925,64
bytes_tokio,large_utf8_tcp,baseline,4,3,2820462,940154,64
bytes_tokio,large_utf8_tcp,core,4,2,1836283,918141.5,64
bytes_tokio,large_utf8_tcp,core,5,2,1867084,933542,64
bytes_tokio,large_utf8_tcp,baseline,5,3,2964964,988321.3333333334,64
bytes_tokio,large_utf8_tcp,step1,5,12,2857117,238093.08333333334,64
bytes_tokio,large_utf8_tcp,baseline,6,3,3025710,1008570,64
bytes_tokio,large_utf8_tcp,step1,6,12,2871971,239330.91666666666,64
bytes_tokio,large_utf8_tcp,core,6,2,1865456,932728,64
bytes_tokio,large_utf8_tcp,baseline,7,3,2826752,942250.6666666666,64
bytes_tokio,large_utf8_tcp,core,7,2,1825040,912520,64
bytes_tokio,large_utf8_tcp,step1,7,12,2857809,238150.75,64
bytes_tokio,large_utf8_tcp,step1,8,12,2829290,235774.16666666666,64
bytes_tokio,large_utf8_tcp,baseline,8,3,2939682,979894,64
bytes_tokio,large_utf8_tcp,core,8,2,1882576,941288,64
bytes_tokio,large_utf8_tcp,step1,9,12,2949657,245804.75,64
bytes_tokio,large_utf8_tcp,core,9,2,4648417,2324208.5,64
bytes_tokio,large_utf8_tcp,baseline,9,3,3674410,1224803.3333333333,64
bytes_tokio,large_utf8_tcp,step1,10,12,2929453,244121.08333333334,64
bytes_tokio,large_utf8_tcp,baseline,10,3,2849516,949838.6666666666,64
bytes_tokio,large_utf8_tcp,core,10,2,1825907,912953.5,64
bytes_tokio,large_utf8_tcp,baseline,11,3,2817820,939273.3333333334,64
bytes_tokio,large_utf8_tcp,core,11,2,1867916,933958,64
bytes_tokio,large_utf8_tcp,step1,11,12,2999016,249918,64
bytes_tokio,large_utf8_tcp,core,12,2,1840389,920194.5,64
bytes_tokio,large_utf8_tcp,step1,12,12,2882027,240168.91666666666,64
bytes_tokio,large_utf8_tcp,baseline,12,3,2830383,943461,64
bytes_tokio,large_utf8_tcp,step1,13,12,2866747,238895.58333333334,64
bytes_tokio,large_utf8_tcp,baseline,13,3,2866507,955502.3333333334,64
bytes_tokio,large_utf8_tcp,core,13,2,1828165,914082.5,64
bytes_tokio,large_utf8_tcp,core,14,2,1822074,911037,64
bytes_tokio,large_utf8_tcp,step1,14,12,2905699,242141.58333333334,64
bytes_tokio,large_utf8_tcp,baseline,14,3,2936862,978954,64
bytes_tokio,large_utf8_tcp,core,15,2,1861013,930506.5,64
bytes_tokio,large_utf8_tcp,baseline,15,3,2817650,939216.6666666666,64
bytes_tokio,large_utf8_tcp,step1,15,12,2875494,239624.5,64
bytes_tokio,large_utf8_tcp,core,16,2,1877639,938819.5,64
bytes_tokio,large_utf8_tcp,step1,16,12,2833733,236144.41666666666,64
bytes_tokio,large_utf8_tcp,baseline,16,3,2890992,963664,64
bytes_tokio,large_utf8_tcp,core,17,2,1822133,911066.5,64
bytes_tokio,large_utf8_tcp,step1,17,12,2890359,240863.25,64
bytes_tokio,large_utf8_tcp,baseline,17,3,2831011,943670.3333333334,64
bytes_tokio,large_utf8_tcp,baseline,18,3,2810399,936799.6666666666,64
bytes_tokio,large_utf8_tcp,step1,18,12,2934006,244500.5,64
bytes_tokio,large_utf8_tcp,core,18,2,1905296,952648,64
bytes_tokio,large_utf8_tcp,core,19,2,1826769,913384.5,64
bytes_tokio,large_utf8_tcp,baseline,19,3,2834304,944768,64
bytes_tokio,large_utf8_tcp,step1,19,12,2815023,234585.25,64
bytes_tokio,large_utf8_tcp,core,20,2,1820496,910248,64
bytes_tokio,large_utf8_tcp,baseline,20,3,2845131,948377,64
bytes_tokio,large_utf8_tcp,step1,20,12,2859378,238281.5,64
bytes_tokio,large_utf8_tcp,step1,21,12,2899757,241646.41666666666,64
bytes_tokio,large_utf8_tcp,core,21,2,1822229,911114.5,64
bytes_tokio,large_utf8_tcp,baseline,21,3,2881959,960653,64
bytes_tokio,large_utf8_tcp,core,22,2,1853081,926540.5,64
bytes_tokio,large_utf8_tcp,step1,22,12,2843056,236921.33333333334,64
bytes_tokio,large_utf8_tcp,baseline,22,3,2844557,948185.6666666666,64
bytes_tokio,large_utf8_tcp,core,23,2,2031945,1015972.5,64
bytes_tokio,large_utf8_tcp,baseline,23,3,2893893,964631,64
bytes_tokio,large_utf8_tcp,step1,23,12,2878483,239873.58333333334,64
bytes_tokio,large_utf8_tcp,core,24,2,1835973,917986.5,64
bytes_tokio,large_utf8_tcp,baseline,24,3,2855905,951968.3333333334,64
bytes_tokio,large_utf8_tcp,step1,24,12,2847028,237252.33333333334,64
bytes_tokio,large_utf8_tcp,step1,25,12,2846380,237198.33333333334,64
bytes_tokio,large_utf8_tcp,baseline,25,3,2912606,970868.6666666666,64
bytes_tokio,large_utf8_tcp,core,25,2,1847388,923694,64
bytes_tokio,large_utf8_tcp,core,26,2,1874299,937149.5,64
bytes_tokio,large_utf8_tcp,baseline,26,3,2840173,946724.3333333334,64
bytes_tokio,large_utf8_tcp,step1,26,12,2877526,239793.83333333334,64
bytes_tokio,large_utf8_tcp,step1,27,12,2877195,239766.25,64
bytes_tokio,large_utf8_tcp,core,27,2,1850569,925284.5,64
bytes_tokio,large_utf8_tcp,baseline,27,3,2848241,949413.6666666666,64
bytes_tokio,large_utf8_tcp,core,28,2,1824538,912269,64
bytes_tokio,large_utf8_tcp,step1,28,12,2860310,238359.16666666666,64
bytes_tokio,large_utf8_tcp,baseline,28,3,2862650,954216.6666666666,64
bytes_tokio,large_utf8_tcp,step1,29,12,2803929,233660.75,64
bytes_tokio,large_utf8_tcp,baseline,29,3,2813094,937698,64
bytes_tokio,large_utf8_tcp,core,29,2,1860389,930194.5,64
bytes_tokio,large_utf8_tcp,core,30,2,1885002,942501,64
bytes_tokio,large_utf8_tcp,step1,30,12,2867911,238992.58333333334,64
bytes_tokio,large_utf8_tcp,baseline,30,3,2836934,945644.6666666666,64
bytes_tokio,large_utf8_event,step1,0,16,2798823,174926.4375,64
bytes_tokio,large_utf8_event,core,0,3,2639735,879911.6666666666,64
bytes_tokio,large_utf8_event,baseline,0,3,2642262,880754,64
bytes_tokio,large_utf8_event,baseline,1,3,2630001,876667,64
bytes_tokio,large_utf8_event,core,1,3,2655309,885103,64
bytes_tokio,large_utf8_event,step1,1,16,2804433,175277.0625,64
bytes_tokio,large_utf8_event,core,2,3,2619660,873220,64
bytes_tokio,large_utf8_event,baseline,2,3,2629555,876518.3333333334,64
bytes_tokio,large_utf8_event,step1,2,16,2813406,175837.875,64
bytes_tokio,large_utf8_event,core,3,3,2744219,914739.6666666666,64
bytes_tokio,large_utf8_event,step1,3,16,2800953,175059.5625,64
bytes_tokio,large_utf8_event,baseline,3,3,2637946,879315.3333333334,64
bytes_tokio,large_utf8_event,step1,4,16,2803442,175215.125,64
bytes_tokio,large_utf8_event,baseline,4,3,2629690,876563.3333333334,64
bytes_tokio,large_utf8_event,core,4,3,2620499,873499.6666666666,64
bytes_tokio,large_utf8_event,core,5,3,2649323,883107.6666666666,64
bytes_tokio,large_utf8_event,baseline,5,3,2670136,890045.3333333334,64
bytes_tokio,large_utf8_event,step1,5,16,2796757,174797.3125,64
bytes_tokio,large_utf8_event,baseline,6,3,2630174,876724.6666666666,64
bytes_tokio,large_utf8_event,step1,6,16,2793153,174572.0625,64
bytes_tokio,large_utf8_event,core,6,3,2637336,879112,64
bytes_tokio,large_utf8_event,baseline,7,3,2654507,884835.6666666666,64
bytes_tokio,large_utf8_event,core,7,3,2700391,900130.3333333334,64
bytes_tokio,large_utf8_event,step1,7,16,2817207,176075.4375,64
bytes_tokio,large_utf8_event,step1,8,16,2804584,175286.5,64
bytes_tokio,large_utf8_event,baseline,8,3,2639980,879993.3333333334,64
bytes_tokio,large_utf8_event,core,8,3,2619741,873247,64
bytes_tokio,large_utf8_event,step1,9,16,2849947,178121.6875,64
bytes_tokio,large_utf8_event,core,9,3,2640390,880130,64
bytes_tokio,large_utf8_event,baseline,9,3,2654912,884970.6666666666,64
bytes_tokio,large_utf8_event,step1,10,16,2796978,174811.125,64
bytes_tokio,large_utf8_event,baseline,10,3,2632408,877469.3333333334,64
bytes_tokio,large_utf8_event,core,10,3,2686948,895649.3333333334,64
bytes_tokio,large_utf8_event,baseline,11,3,2627982,875994,64
bytes_tokio,large_utf8_event,core,11,3,2732218,910739.3333333334,64
bytes_tokio,large_utf8_event,step1,11,16,2802082,175130.125,64
bytes_tokio,large_utf8_event,core,12,3,2637809,879269.6666666666,64
bytes_tokio,large_utf8_event,step1,12,16,2795249,174703.0625,64
bytes_tokio,large_utf8_event,baseline,12,3,2665715,888571.6666666666,64
bytes_tokio,large_utf8_event,step1,13,16,2795803,174737.6875,64
bytes_tokio,large_utf8_event,baseline,13,3,2644676,881558.6666666666,64
bytes_tokio,large_utf8_event,core,13,3,2662955,887651.6666666666,64
bytes_tokio,large_utf8_event,core,14,3,2625244,875081.3333333334,64
bytes_tokio,large_utf8_event,step1,14,16,2795876,174742.25,64
bytes_tokio,large_utf8_event,baseline,14,3,2650037,883345.6666666666,64
bytes_tokio,large_utf8_event,core,15,3,2651848,883949.3333333334,64
bytes_tokio,large_utf8_event,baseline,15,3,2755011,918337,64
bytes_tokio,large_utf8_event,step1,15,16,2805148,175321.75,64
bytes_tokio,large_utf8_event,core,16,3,2634680,878226.6666666666,64
bytes_tokio,large_utf8_event,step1,16,16,2797709,174856.8125,64
bytes_tokio,large_utf8_event,baseline,16,3,2628976,876325.3333333334,64
bytes_tokio,large_utf8_event,core,17,3,2620747,873582.3333333334,64
bytes_tokio,large_utf8_event,step1,17,16,2802245,175140.3125,64
bytes_tokio,large_utf8_event,baseline,17,3,2681153,893717.6666666666,64
bytes_tokio,large_utf8_event,baseline,18,3,2627850,875950,64
bytes_tokio,large_utf8_event,step1,18,16,2795134,174695.875,64
bytes_tokio,large_utf8_event,core,18,3,2636946,878982,64
bytes_tokio,large_utf8_event,core,19,3,2619530,873176.6666666666,64
bytes_tokio,large_utf8_event,baseline,19,3,2736934,912311.3333333334,64
bytes_tokio,large_utf8_event,step1,19,16,2796127,174757.9375,64
bytes_tokio,large_utf8_event,core,20,3,2650063,883354.3333333334,64
bytes_tokio,large_utf8_event,baseline,20,3,2662941,887647,64
bytes_tokio,large_utf8_event,step1,20,16,2797106,174819.125,64
bytes_tokio,large_utf8_event,step1,21,16,2793396,174587.25,64
bytes_tokio,large_utf8_event,core,21,3,2634610,878203.3333333334,64
bytes_tokio,large_utf8_event,baseline,21,3,2629067,876355.6666666666,64
bytes_tokio,large_utf8_event,core,22,3,3275712,1091904,64
bytes_tokio,large_utf8_event,step1,22,16,2956662,184791.375,64
bytes_tokio,large_utf8_event,baseline,22,3,2664897,888299,64
bytes_tokio,large_utf8_event,core,23,3,2646537,882179,64
bytes_tokio,large_utf8_event,baseline,23,3,2756878,918959.3333333334,64
bytes_tokio,large_utf8_event,step1,23,16,2810840,175677.5,64
bytes_tokio,large_utf8_event,core,24,3,2657330,885776.6666666666,64
bytes_tokio,large_utf8_event,baseline,24,3,2665820,888606.6666666666,64
bytes_tokio,large_utf8_event,step1,24,16,2793078,174567.375,64
bytes_tokio,large_utf8_event,step1,25,16,2799952,174997,64
bytes_tokio,large_utf8_event,baseline,25,3,2633576,877858.6666666666,64
bytes_tokio,large_utf8_event,core,25,3,2632000,877333.3333333334,64
bytes_tokio,large_utf8_event,core,26,3,2654574,884858,64
bytes_tokio,large_utf8_event,baseline,26,3,2661405,887135,64
bytes_tokio,large_utf8_event,step1,26,16,2810314,175644.625,64
bytes_tokio,large_utf8_event,step1,27,16,2822151,176384.4375,64
bytes_tokio,large_utf8_event,core,27,3,2728536,909512,64
bytes_tokio,large_utf8_event,baseline,27,3,2681052,893684,64
bytes_tokio,large_utf8_event,core,28,3,2691944,897314.6666666666,64
bytes_tokio,large_utf8_event,step1,28,16,2806355,175397.1875,64
bytes_tokio,large_utf8_event,baseline,28,3,2637369,879123,64
bytes_tokio,large_utf8_event,step1,29,16,2808197,175512.3125,64
bytes_tokio,large_utf8_event,baseline,29,3,2627426,875808.6666666666,64
bytes_tokio,large_utf8_event,core,29,3,2621115,873705,64
bytes_tokio,large_utf8_event,core,30,3,2667312,889104,64
bytes_tokio,large_utf8_event,step1,30,16,2797714,174857.125,64
bytes_tokio,large_utf8_event,baseline,30,3,2628919,876306.3333333334,64
bytes_tokio,large_json_utf8_tcp,step1,0,11,2611548,237413.45454545456,64
bytes_tokio,large_json_utf8_tcp,core,0,2,2047953,1023976.5,64
bytes_tokio,large_json_utf8_tcp,baseline,0,2,2129199,1064599.5,64
bytes_tokio,large_json_utf8_tcp,baseline,1,2,2089014,1044507,64
bytes_tokio,large_json_utf8_tcp,core,1,2,2030923,1015461.5,64
bytes_tokio,large_json_utf8_tcp,step1,1,11,2594592,235872,64
bytes_tokio,large_json_utf8_tcp,core,2,2,2036346,1018173,64
bytes_tokio,large_json_utf8_tcp,baseline,2,2,2114039,1057019.5,64
bytes_tokio,large_json_utf8_tcp,step1,2,11,2596003,236000.27272727274,64
bytes_tokio,large_json_utf8_tcp,core,3,2,2063595,1031797.5,64
bytes_tokio,large_json_utf8_tcp,step1,3,11,2591570,235597.27272727274,64
bytes_tokio,large_json_utf8_tcp,baseline,3,2,2164636,1082318,64
bytes_tokio,large_json_utf8_tcp,step1,4,11,2599338,236303.45454545456,64
bytes_tokio,large_json_utf8_tcp,baseline,4,2,2116720,1058360,64
bytes_tokio,large_json_utf8_tcp,core,4,2,2035054,1017527,64
bytes_tokio,large_json_utf8_tcp,core,5,2,2077083,1038541.5,64
bytes_tokio,large_json_utf8_tcp,baseline,5,2,2104551,1052275.5,64
bytes_tokio,large_json_utf8_tcp,step1,5,11,2622702,238427.45454545456,64
bytes_tokio,large_json_utf8_tcp,baseline,6,2,2113077,1056538.5,64
bytes_tokio,large_json_utf8_tcp,step1,6,11,2629922,239083.81818181818,64
bytes_tokio,large_json_utf8_tcp,core,6,2,2046506,1023253,64
bytes_tokio,large_json_utf8_tcp,baseline,7,2,2163971,1081985.5,64
bytes_tokio,large_json_utf8_tcp,core,7,2,2043366,1021683,64
bytes_tokio,large_json_utf8_tcp,step1,7,11,2627757,238887,64
bytes_tokio,large_json_utf8_tcp,step1,8,11,2581736,234703.27272727274,64
bytes_tokio,large_json_utf8_tcp,baseline,8,2,2184249,1092124.5,64
bytes_tokio,large_json_utf8_tcp,core,8,2,2063288,1031644,64
bytes_tokio,large_json_utf8_tcp,step1,9,11,2626541,238776.45454545456,64
bytes_tokio,large_json_utf8_tcp,core,9,2,2053476,1026738,64
bytes_tokio,large_json_utf8_tcp,baseline,9,2,2098083,1049041.5,64
bytes_tokio,large_json_utf8_tcp,step1,10,11,2670238,242748.9090909091,64
bytes_tokio,large_json_utf8_tcp,baseline,10,2,2089451,1044725.5,64
bytes_tokio,large_json_utf8_tcp,core,10,2,2030881,1015440.5,64
bytes_tokio,large_json_utf8_tcp,baseline,11,2,2089720,1044860,64
bytes_tokio,large_json_utf8_tcp,core,11,2,2030726,1015363,64
bytes_tokio,large_json_utf8_tcp,step1,11,11,2653503,241227.54545454544,64
bytes_tokio,large_json_utf8_tcp,core,12,2,2042604,1021302,64
bytes_tokio,large_json_utf8_tcp,step1,12,11,2587302,235209.27272727274,64
bytes_tokio,large_json_utf8_tcp,baseline,12,2,2115405,1057702.5,64
bytes_tokio,large_json_utf8_tcp,step1,13,11,2614988,237726.18181818182,64
bytes_tokio,large_json_utf8_tcp,baseline,13,2,2184584,1092292,64
bytes_tokio,large_json_utf8_tcp,core,13,2,2052722,1026361,64
bytes_tokio,large_json_utf8_tcp,core,14,2,2052027,1026013.5,64
bytes_tokio,large_json_utf8_tcp,step1,14,11,2611188,237380.72727272726,64
bytes_tokio,large_json_utf8_tcp,baseline,14,2,2116796,1058398,64
bytes_tokio,large_json_utf8_tcp,core,15,2,2035403,1017701.5,64
bytes_tokio,large_json_utf8_tcp,baseline,15,2,2098398,1049199,64
bytes_tokio,large_json_utf8_tcp,step1,15,11,2599151,236286.45454545456,64
bytes_tokio,large_json_utf8_tcp,core,16,2,2034617,1017308.5,64
bytes_tokio,large_json_utf8_tcp,step1,16,11,2588171,235288.27272727274,64
bytes_tokio,large_json_utf8_tcp,baseline,16,2,2110467,1055233.5,64
bytes_tokio,large_json_utf8_tcp,core,17,2,2054768,1027384,64
bytes_tokio,large_json_utf8_tcp,step1,17,11,2631681,239243.72727272726,64
bytes_tokio,large_json_utf8_tcp,baseline,17,2,2095997,1047998.5,64
bytes_tokio,large_json_utf8_tcp,baseline,18,2,2111889,1055944.5,64
bytes_tokio,large_json_utf8_tcp,step1,18,11,2640595,240054.0909090909,64
bytes_tokio,large_json_utf8_tcp,core,18,2,2038730,1019365,64
bytes_tokio,large_json_utf8_tcp,core,19,2,2040450,1020225,64
bytes_tokio,large_json_utf8_tcp,baseline,19,2,2142918,1071459,64
bytes_tokio,large_json_utf8_tcp,step1,19,11,2642351,240213.72727272726,64
bytes_tokio,large_json_utf8_tcp,core,20,2,2052198,1026099,64
bytes_tokio,large_json_utf8_tcp,baseline,20,2,2107920,1053960,64
bytes_tokio,large_json_utf8_tcp,step1,20,11,2590288,235480.72727272726,64
bytes_tokio,large_json_utf8_tcp,step1,21,11,2588710,235337.27272727274,64
bytes_tokio,large_json_utf8_tcp,core,21,2,2045284,1022642,64
bytes_tokio,large_json_utf8_tcp,baseline,21,2,2139398,1069699,64
bytes_tokio,large_json_utf8_tcp,core,22,2,2045482,1022741,64
bytes_tokio,large_json_utf8_tcp,step1,22,11,2610514,237319.45454545456,64
bytes_tokio,large_json_utf8_tcp,baseline,22,2,2141223,1070611.5,64
bytes_tokio,large_json_utf8_tcp,core,23,2,2102982,1051491,64
bytes_tokio,large_json_utf8_tcp,baseline,23,2,2104671,1052335.5,64
bytes_tokio,large_json_utf8_tcp,step1,23,11,2592127,235647.9090909091,64
bytes_tokio,large_json_utf8_tcp,core,24,2,2069630,1034815,64
bytes_tokio,large_json_utf8_tcp,baseline,24,2,2103124,1051562,64
bytes_tokio,large_json_utf8_tcp,step1,24,11,2604212,236746.54545454544,64
bytes_tokio,large_json_utf8_tcp,step1,25,11,2601933,236539.36363636365,64
bytes_tokio,large_json_utf8_tcp,baseline,25,2,2118112,1059056,64
bytes_tokio,large_json_utf8_tcp,core,25,2,2050077,1025038.5,64
bytes_tokio,large_json_utf8_tcp,core,26,2,2040964,1020482,64
bytes_tokio,large_json_utf8_tcp,baseline,26,2,2126894,1063447,64
bytes_tokio,large_json_utf8_tcp,step1,26,11,2583602,234872.9090909091,64
bytes_tokio,large_json_utf8_tcp,step1,27,11,2578800,234436.36363636365,64
bytes_tokio,large_json_utf8_tcp,core,27,2,2039513,1019756.5,64
bytes_tokio,large_json_utf8_tcp,baseline,27,2,2124511,1062255.5,64
bytes_tokio,large_json_utf8_tcp,core,28,2,2130363,1065181.5,64
bytes_tokio,large_json_utf8_tcp,step1,28,11,2589758,235432.54545454544,64
bytes_tokio,large_json_utf8_tcp,baseline,28,2,2132498,1066249,64
bytes_tokio,large_json_utf8_tcp,step1,29,11,2609788,237253.45454545456,64
bytes_tokio,large_json_utf8_tcp,baseline,29,2,2107904,1053952,64
bytes_tokio,large_json_utf8_tcp,core,29,2,2050515,1025257.5,64
bytes_tokio,large_json_utf8_tcp,core,30,2,2085411,1042705.5,64
bytes_tokio,large_json_utf8_tcp,step1,30,11,2685511,244137.36363636365,64
bytes_tokio,large_json_utf8_tcp,baseline,30,2,2098255,1049127.5,64
bytes_tokio,large_json_escaped_tcp,step1,0,21,2880476,137165.52380952382,64
bytes_tokio,large_json_escaped_tcp,core,0,23,3042216,132270.26086956522,64
bytes_tokio,large_json_escaped_tcp,baseline,0,16,2494940,155933.75,64
bytes_tokio,large_json_escaped_tcp,baseline,1,16,2513047,157065.4375,64
bytes_tokio,large_json_escaped_tcp,core,1,23,3006290,130708.26086956522,64
bytes_tokio,large_json_escaped_tcp,step1,1,21,2917952,138950.09523809524,64
bytes_tokio,large_json_escaped_tcp,core,2,23,2975183,129355.78260869565,64
bytes_tokio,large_json_escaped_tcp,baseline,2,16,2510012,156875.75,64
bytes_tokio,large_json_escaped_tcp,step1,2,21,2937400,139876.19047619047,64
bytes_tokio,large_json_escaped_tcp,core,3,23,3037880,132081.73913043478,64
bytes_tokio,large_json_escaped_tcp,step1,3,21,2903514,138262.57142857142,64
bytes_tokio,large_json_escaped_tcp,baseline,3,16,2483812,155238.25,64
bytes_tokio,large_json_escaped_tcp,step1,4,21,2833891,134947.19047619047,64
bytes_tokio,large_json_escaped_tcp,baseline,4,16,2571606,160725.375,64
bytes_tokio,large_json_escaped_tcp,core,4,23,2922925,127083.69565217392,64
bytes_tokio,large_json_escaped_tcp,core,5,23,2899147,126049.86956521739,64
bytes_tokio,large_json_escaped_tcp,baseline,5,16,2470171,154385.6875,64
bytes_tokio,large_json_escaped_tcp,step1,5,21,2854835,135944.52380952382,64
bytes_tokio,large_json_escaped_tcp,baseline,6,16,2494296,155893.5,64
bytes_tokio,large_json_escaped_tcp,step1,6,21,2872850,136802.38095238095,64
bytes_tokio,large_json_escaped_tcp,core,6,23,3122330,135753.47826086957,64
bytes_tokio,large_json_escaped_tcp,baseline,7,16,2508287,156767.9375,64
bytes_tokio,large_json_escaped_tcp,core,7,23,2977564,129459.30434782608,64
bytes_tokio,large_json_escaped_tcp,step1,7,21,2890406,137638.38095238095,64
bytes_tokio,large_json_escaped_tcp,step1,8,21,2984671,142127.19047619047,64
bytes_tokio,large_json_escaped_tcp,baseline,8,16,2500201,156262.5625,64
bytes_tokio,large_json_escaped_tcp,core,8,23,2957340,128580,64
bytes_tokio,large_json_escaped_tcp,step1,9,21,2921386,139113.61904761905,64
bytes_tokio,large_json_escaped_tcp,core,9,23,2920619,126983.43478260869,64
bytes_tokio,large_json_escaped_tcp,baseline,9,16,2498264,156141.5,64
bytes_tokio,large_json_escaped_tcp,step1,10,21,2834138,134958.95238095237,64
bytes_tokio,large_json_escaped_tcp,baseline,10,16,2567031,160439.4375,64
bytes_tokio,large_json_escaped_tcp,core,10,23,2906286,126360.26086956522,64
bytes_tokio,large_json_escaped_tcp,baseline,11,16,2520385,157524.0625,64
bytes_tokio,large_json_escaped_tcp,core,11,23,2874832,124992.69565217392,64
bytes_tokio,large_json_escaped_tcp,step1,11,21,2838705,135176.42857142858,64
bytes_tokio,large_json_escaped_tcp,core,12,23,2962802,128817.47826086957,64
bytes_tokio,large_json_escaped_tcp,step1,12,21,2888383,137542.04761904763,64
bytes_tokio,large_json_escaped_tcp,baseline,12,16,2450298,153143.625,64
bytes_tokio,large_json_escaped_tcp,step1,13,21,2852016,135810.2857142857,64
bytes_tokio,large_json_escaped_tcp,baseline,13,16,2456430,153526.875,64
bytes_tokio,large_json_escaped_tcp,core,13,23,2953416,128409.39130434782,64
bytes_tokio,large_json_escaped_tcp,core,14,23,2906624,126374.95652173914,64
bytes_tokio,large_json_escaped_tcp,step1,14,21,2826484,134594.47619047618,64
bytes_tokio,large_json_escaped_tcp,baseline,14,16,2664297,166518.5625,64
bytes_tokio,large_json_escaped_tcp,core,15,23,3015770,131120.4347826087,64
bytes_tokio,large_json_escaped_tcp,baseline,15,16,2687200,167950,64
bytes_tokio,large_json_escaped_tcp,step1,15,21,2921085,139099.2857142857,64
bytes_tokio,large_json_escaped_tcp,core,16,23,3352271,145750.91304347827,64
bytes_tokio,large_json_escaped_tcp,step1,16,21,2941728,140082.2857142857,64
bytes_tokio,large_json_escaped_tcp,baseline,16,16,2973231,185826.9375,64
bytes_tokio,large_json_escaped_tcp,core,17,23,3596949,156389.08695652173,64
bytes_tokio,large_json_escaped_tcp,step1,17,21,3431564,163407.80952380953,64
bytes_tokio,large_json_escaped_tcp,baseline,17,16,3272463,204528.9375,64
bytes_tokio,large_json_escaped_tcp,baseline,18,16,3633045,227065.3125,64
bytes_tokio,large_json_escaped_tcp,step1,18,21,3799746,180940.2857142857,64
bytes_tokio,large_json_escaped_tcp,core,18,23,3848950,167345.65217391305,64
bytes_tokio,large_json_escaped_tcp,core,19,23,3750865,163081.08695652173,64
bytes_tokio,large_json_escaped_tcp,baseline,19,16,2837698,177356.125,64
bytes_tokio,large_json_escaped_tcp,step1,19,21,3431555,163407.38095238095,64
bytes_tokio,large_json_escaped_tcp,core,20,23,3961008,172217.73913043478,64
bytes_tokio,large_json_escaped_tcp,baseline,20,16,3224719,201544.9375,64
bytes_tokio,large_json_escaped_tcp,step1,20,21,3494231,166391.95238095237,64
bytes_tokio,large_json_escaped_tcp,step1,21,21,3226786,153656.47619047618,64
bytes_tokio,large_json_escaped_tcp,core,21,23,3755221,163270.47826086957,64
bytes_tokio,large_json_escaped_tcp,baseline,21,16,3170489,198155.5625,64
bytes_tokio,large_json_escaped_tcp,core,22,23,3722514,161848.4347826087,64
bytes_tokio,large_json_escaped_tcp,step1,22,21,3483064,165860.19047619047,64
bytes_tokio,large_json_escaped_tcp,baseline,22,16,2878298,179893.625,64
bytes_tokio,large_json_escaped_tcp,core,23,23,3679358,159972.08695652173,64
bytes_tokio,large_json_escaped_tcp,baseline,23,16,3055373,190960.8125,64
bytes_tokio,large_json_escaped_tcp,step1,23,21,3400692,161937.7142857143,64
bytes_tokio,large_json_escaped_tcp,core,24,23,3752130,163136.08695652173,64
bytes_tokio,large_json_escaped_tcp,baseline,24,16,2797351,174834.4375,64
bytes_tokio,large_json_escaped_tcp,step1,24,21,3391582,161503.90476190476,64
bytes_tokio,large_json_escaped_tcp,step1,25,21,3615598,172171.33333333334,64
bytes_tokio,large_json_escaped_tcp,baseline,25,16,2876927,179807.9375,64
bytes_tokio,large_json_escaped_tcp,core,25,23,3820802,166121.8260869565,64
bytes_tokio,large_json_escaped_tcp,core,26,23,3299658,143463.39130434784,64
bytes_tokio,large_json_escaped_tcp,baseline,26,16,2754131,172133.1875,64
bytes_tokio,large_json_escaped_tcp,step1,26,21,3133523,149215.38095238095,64
bytes_tokio,large_json_escaped_tcp,step1,27,21,3138404,149447.80952380953,64
bytes_tokio,large_json_escaped_tcp,core,27,23,2965743,128945.34782608696,64
bytes_tokio,large_json_escaped_tcp,baseline,27,16,2514589,157161.8125,64
bytes_tokio,large_json_escaped_tcp,core,28,23,2986031,129827.43478260869,64
bytes_tokio,large_json_escaped_tcp,step1,28,21,3015066,143574.57142857142,64
bytes_tokio,large_json_escaped_tcp,baseline,28,16,2553144,159571.5,64
bytes_tokio,large_json_escaped_tcp,step1,29,21,2896378,137922.7619047619,64
bytes_tokio,large_json_escaped_tcp,baseline,29,16,2600205,162512.8125,64
bytes_tokio,large_json_escaped_tcp,core,29,23,2964426,128888.08695652174,64
bytes_tokio,large_json_escaped_tcp,core,30,23,3019920,131300.86956521738,64
bytes_tokio,large_json_escaped_tcp,step1,30,21,3212352,152969.14285714287,64
bytes_tokio,large_json_escaped_tcp,baseline,30,16,2561040,160065,64
bytes_tokio,large_json_base64_tcp,step1,0,20,2930516,146525.8,64
bytes_tokio,large_json_base64_tcp,core,0,22,2959911,134541.4090909091,64
bytes_tokio,large_json_base64_tcp,baseline,0,14,2256926,161209,64
bytes_tokio,large_json_base64_tcp,baseline,1,14,2242723,160194.5,64
bytes_tokio,large_json_base64_tcp,core,1,22,2917101,132595.5,64
bytes_tokio,large_json_base64_tcp,step1,1,20,2818617,140930.85,64
bytes_tokio,large_json_base64_tcp,core,2,22,2922671,132848.68181818182,64
bytes_tokio,large_json_base64_tcp,baseline,2,14,2191659,156547.07142857142,64
bytes_tokio,large_json_base64_tcp,step1,2,20,2796870,139843.5,64
bytes_tokio,large_json_base64_tcp,core,3,22,2779518,126341.72727272728,64
bytes_tokio,large_json_base64_tcp,step1,3,20,2786102,139305.1,64
bytes_tokio,large_json_base64_tcp,baseline,3,14,2158287,154163.35714285713,64
bytes_tokio,large_json_base64_tcp,step1,4,20,2759214,137960.7,64
bytes_tokio,large_json_base64_tcp,baseline,4,14,2163838,154559.85714285713,64
bytes_tokio,large_json_base64_tcp,core,4,22,2804965,127498.40909090909,64
bytes_tokio,large_json_base64_tcp,core,5,22,2792866,126948.45454545454,64
bytes_tokio,large_json_base64_tcp,baseline,5,14,2310305,165021.7857142857,64
bytes_tokio,large_json_base64_tcp,step1,5,20,7340418,367020.9,64
bytes_tokio,large_json_base64_tcp,baseline,6,14,2531899,180849.92857142858,64
bytes_tokio,large_json_base64_tcp,step1,6,20,2856348,142817.4,64
bytes_tokio,large_json_base64_tcp,core,6,22,2860108,130004.90909090909,64
bytes_tokio,large_json_base64_tcp,baseline,7,14,2208089,157720.64285714287,64
bytes_tokio,large_json_base64_tcp,core,7,22,2876900,130768.18181818182,64
bytes_tokio,large_json_base64_tcp,step1,7,20,2873036,143651.8,64
bytes_tokio,large_json_base64_tcp,step1,8,20,2874822,143741.1,64
bytes_tokio,large_json_base64_tcp,baseline,8,14,2197525,156966.07142857142,64
bytes_tokio,large_json_base64_tcp,core,8,22,2843808,129264,64
bytes_tokio,large_json_base64_tcp,step1,9,20,2863269,143163.45,64
bytes_tokio,large_json_base64_tcp,core,9,22,2788433,126746.95454545454,64
bytes_tokio,large_json_base64_tcp,baseline,9,14,2168598,154899.85714285713,64
bytes_tokio,large_json_base64_tcp,step1,10,20,2783085,139154.25,64
bytes_tokio,large_json_base64_tcp,baseline,10,14,2253296,160949.7142857143,64
bytes_tokio,large_json_base64_tcp,core,10,22,2782128,126460.36363636363,64
bytes_tokio,large_json_base64_tcp,baseline,11,14,2200090,157149.2857142857,64
bytes_tokio,large_json_base64_tcp,core,11,22,2907911,132177.77272727274,64
bytes_tokio,large_json_base64_tcp,step1,11,20,3018724,150936.2,64
bytes_tokio,large_json_base64_tcp,core,12,22,3280403,149109.22727272726,64
bytes_tokio,large_json_base64_tcp,step1,12,20,2918611,145930.55,64
bytes_tokio,large_json_base64_tcp,baseline,12,14,2201194,157228.14285714287,64
bytes_tokio,large_json_base64_tcp,step1,13,20,2920948,146047.4,64
bytes_tokio,large_json_base64_tcp,baseline,13,14,2188946,156353.2857142857,64
bytes_tokio,large_json_base64_tcp,core,13,22,2812193,127826.95454545454,64
bytes_tokio,large_json_base64_tcp,core,14,22,2819670,128166.81818181818,64
bytes_tokio,large_json_base64_tcp,step1,14,20,2802263,140113.15,64
bytes_tokio,large_json_base64_tcp,baseline,14,14,2172513,155179.5,64
bytes_tokio,large_json_base64_tcp,core,15,22,2778330,126287.72727272728,64
bytes_tokio,large_json_base64_tcp,baseline,15,14,2153865,153847.5,64
bytes_tokio,large_json_base64_tcp,step1,15,20,2764022,138201.1,64
bytes_tokio,large_json_base64_tcp,core,16,22,2793100,126959.09090909091,64
bytes_tokio,large_json_base64_tcp,step1,16,20,2778926,138946.3,64
bytes_tokio,large_json_base64_tcp,baseline,16,14,2169658,154975.57142857142,64
bytes_tokio,large_json_base64_tcp,core,17,22,2779695,126349.77272727272,64
bytes_tokio,large_json_base64_tcp,step1,17,20,2832977,141648.85,64
bytes_tokio,large_json_base64_tcp,baseline,17,14,2191473,156533.7857142857,64
bytes_tokio,large_json_base64_tcp,baseline,18,14,2194612,156758,64
bytes_tokio,large_json_base64_tcp,step1,18,20,2812567,140628.35,64
bytes_tokio,large_json_base64_tcp,core,18,22,2833353,128788.77272727272,64
bytes_tokio,large_json_base64_tcp,core,19,22,2827972,128544.18181818182,64
bytes_tokio,large_json_base64_tcp,baseline,19,14,2186927,156209.07142857142,64
bytes_tokio,large_json_base64_tcp,step1,19,20,2766586,138329.3,64
bytes_tokio,large_json_base64_tcp,core,20,22,2772408,126018.54545454546,64
bytes_tokio,large_json_base64_tcp,baseline,20,14,2174405,155314.64285714287,64
bytes_tokio,large_json_base64_tcp,step1,20,20,2769714,138485.7,64
bytes_tokio,large_json_base64_tcp,step1,21,20,2791635,139581.75,64
bytes_tokio,large_json_base64_tcp,core,21,22,2830055,128638.86363636363,64
bytes_tokio,large_json_base64_tcp,baseline,21,14,2164182,154584.42857142858,64
bytes_tokio,large_json_base64_tcp,core,22,22,2761923,125541.95454545454,64
bytes_tokio,large_json_base64_tcp,step1,22,20,2761307,138065.35,64
bytes_tokio,large_json_base64_tcp,baseline,22,14,2151581,153684.35714285713,64
bytes_tokio,large_json_base64_tcp,core,23,22,2800530,127296.81818181818,64
bytes_tokio,large_json_base64_tcp,baseline,23,14,2153233,153802.35714285713,64
bytes_tokio,large_json_base64_tcp,step1,23,20,2768771,138438.55,64
bytes_tokio,large_json_base64_tcp,core,24,22,2761632,125528.72727272728,64
bytes_tokio,large_json_base64_tcp,baseline,24,14,2162649,154474.92857142858,64
bytes_tokio,large_json_base64_tcp,step1,24,20,2767876,138393.8,64
bytes_tokio,large_json_base64_tcp,step1,25,20,2785815,139290.75,64
bytes_tokio,large_json_base64_tcp,baseline,25,14,2233173,159512.35714285713,64
bytes_tokio,large_json_base64_tcp,core,25,22,2892885,131494.77272727274,64
bytes_tokio,large_json_base64_tcp,core,26,22,2790384,126835.63636363637,64
bytes_tokio,large_json_base64_tcp,baseline,26,14,2174959,155354.2142857143,64
bytes_tokio,large_json_base64_tcp,step1,26,20,2762340,138117,64
bytes_tokio,large_json_base64_tcp,step1,27,20,2782659,139132.95,64
bytes_tokio,large_json_base64_tcp,core,27,22,2785293,126604.22727272728,64
bytes_tokio,large_json_base64_tcp,baseline,27,14,2178812,155629.42857142858,64
bytes_tokio,large_json_base64_tcp,core,28,22,2790010,126818.63636363637,64
bytes_tokio,large_json_base64_tcp,step1,28,20,2784440,139222,64
bytes_tokio,large_json_base64_tcp,baseline,28,14,2163260,154518.57142857142,64
bytes_tokio,large_json_base64_tcp,step1,29,20,2767707,138385.35,64
bytes_tokio,large_json_base64_tcp,baseline,29,14,2163305,154521.7857142857,64
bytes_tokio,large_json_base64_tcp,core,29,22,2762747,125579.40909090909,64
bytes_tokio,large_json_base64_tcp,core,30,22,2840595,129117.95454545454,64
bytes_tokio,large_json_base64_tcp,step1,30,20,2761845,138092.25,64
bytes_tokio,large_json_base64_tcp,baseline,30,14,2184723,156051.64285714287,64
bytes_tokio,mixed_json_tcp,step1,0,4,2476961,619240.25,10010
bytes_tokio,mixed_json_tcp,core,0,5,2601953,520390.6,10010
bytes_tokio,mixed_json_tcp,baseline,0,4,2486415,621603.75,10010
bytes_tokio,mixed_json_tcp,baseline,1,4,2494408,623602,10010
bytes_tokio,mixed_json_tcp,core,1,5,2607187,521437.4,10010
bytes_tokio,mixed_json_tcp,step1,1,4,2501110,625277.5,10010
bytes_tokio,mixed_json_tcp,core,2,5,2663205,532641,10010
bytes_tokio,mixed_json_tcp,baseline,2,4,2475508,618877,10010
bytes_tokio,mixed_json_tcp,step1,2,4,2491132,622783,10010
bytes_tokio,mixed_json_tcp,core,3,5,2590572,518114.4,10010
bytes_tokio,mixed_json_tcp,step1,3,4,2510758,627689.5,10010
bytes_tokio,mixed_json_tcp,baseline,3,4,2449198,612299.5,10010
bytes_tokio,mixed_json_tcp,step1,4,4,2479504,619876,10010
bytes_tokio,mixed_json_tcp,baseline,4,4,2538013,634503.25,10010
bytes_tokio,mixed_json_tcp,core,4,5,2596772,519354.4,10010
bytes_tokio,mixed_json_tcp,core,5,5,2606983,521396.6,10010
bytes_tokio,mixed_json_tcp,baseline,5,4,2527858,631964.5,10010
bytes_tokio,mixed_json_tcp,step1,5,4,2587470,646867.5,10010
bytes_tokio,mixed_json_tcp,baseline,6,4,2559602,639900.5,10010
bytes_tokio,mixed_json_tcp,step1,6,4,2580765,645191.25,10010
bytes_tokio,mixed_json_tcp,core,6,5,2599135,519827,10010
bytes_tokio,mixed_json_tcp,baseline,7,4,2546591,636647.75,10010
bytes_tokio,mixed_json_tcp,core,7,5,2596916,519383.2,10010
bytes_tokio,mixed_json_tcp,step1,7,4,2438290,609572.5,10010
bytes_tokio,mixed_json_tcp,step1,8,4,2480111,620027.75,10010
bytes_tokio,mixed_json_tcp,baseline,8,4,2575266,643816.5,10010
bytes_tokio,mixed_json_tcp,core,8,5,2607701,521540.2,10010
bytes_tokio,mixed_json_tcp,step1,9,4,2483068,620767,10010
bytes_tokio,mixed_json_tcp,core,9,5,2597073,519414.6,10010
bytes_tokio,mixed_json_tcp,baseline,9,4,2575488,643872,10010
bytes_tokio,mixed_json_tcp,step1,10,4,2517327,629331.75,10010
bytes_tokio,mixed_json_tcp,baseline,10,4,2559078,639769.5,10010
bytes_tokio,mixed_json_tcp,core,10,5,2591828,518365.6,10010
bytes_tokio,mixed_json_tcp,baseline,11,4,2560959,640239.75,10010
bytes_tokio,mixed_json_tcp,core,11,5,2588725,517745,10010
bytes_tokio,mixed_json_tcp,step1,11,4,2494534,623633.5,10010
bytes_tokio,mixed_json_tcp,core,12,5,2580176,516035.2,10010
bytes_tokio,mixed_json_tcp,step1,12,4,2545301,636325.25,10010
bytes_tokio,mixed_json_tcp,baseline,12,4,2505957,626489.25,10010
bytes_tokio,mixed_json_tcp,step1,13,4,2470275,617568.75,10010
bytes_tokio,mixed_json_tcp,baseline,13,4,2526690,631672.5,10010
bytes_tokio,mixed_json_tcp,core,13,5,2580252,516050.4,10010
bytes_tokio,mixed_json_tcp,core,14,5,2588028,517605.6,10010
bytes_tokio,mixed_json_tcp,step1,14,4,2518038,629509.5,10010
bytes_tokio,mixed_json_tcp,baseline,14,4,2609489,652372.25,10010
bytes_tokio,mixed_json_tcp,core,15,5,2578889,515777.8,10010
bytes_tokio,mixed_json_tcp,baseline,15,4,2569704,642426,10010
bytes_tokio,mixed_json_tcp,step1,15,4,2509771,627442.75,10010
bytes_tokio,mixed_json_tcp,core,16,5,2607510,521502,10010
bytes_tokio,mixed_json_tcp,step1,16,4,2430693,607673.25,10010
bytes_tokio,mixed_json_tcp,baseline,16,4,2537477,634369.25,10010
bytes_tokio,mixed_json_tcp,core,17,5,2611282,522256.4,10010
bytes_tokio,mixed_json_tcp,step1,17,4,2543036,635759,10010
bytes_tokio,mixed_json_tcp,baseline,17,4,2495508,623877,10010
bytes_tokio,mixed_json_tcp,baseline,18,4,2481073,620268.25,10010
bytes_tokio,mixed_json_tcp,step1,18,4,2493363,623340.75,10010
bytes_tokio,mixed_json_tcp,core,18,5,2601453,520290.6,10010
bytes_tokio,mixed_json_tcp,core,19,5,2687696,537539.2,10010
bytes_tokio,mixed_json_tcp,baseline,19,4,2459426,614856.5,10010
bytes_tokio,mixed_json_tcp,step1,19,4,2523339,630834.75,10010
bytes_tokio,mixed_json_tcp,core,20,5,2602611,520522.2,10010
bytes_tokio,mixed_json_tcp,baseline,20,4,2570960,642740,10010
bytes_tokio,mixed_json_tcp,step1,20,4,2448829,612207.25,10010
bytes_tokio,mixed_json_tcp,step1,21,4,2471003,617750.75,10010
bytes_tokio,mixed_json_tcp,core,21,5,2585130,517026,10010
bytes_tokio,mixed_json_tcp,baseline,21,4,2539958,634989.5,10010
bytes_tokio,mixed_json_tcp,core,22,5,2578022,515604.4,10010
bytes_tokio,mixed_json_tcp,step1,22,4,2440579,610144.75,10010
bytes_tokio,mixed_json_tcp,baseline,22,4,2516597,629149.25,10010
bytes_tokio,mixed_json_tcp,core,23,5,2605583,521116.6,10010
bytes_tokio,mixed_json_tcp,baseline,23,4,2585852,646463,10010
bytes_tokio,mixed_json_tcp,step1,23,4,2495014,623753.5,10010
bytes_tokio,mixed_json_tcp,core,24,5,2600160,520032,10010
bytes_tokio,mixed_json_tcp,baseline,24,4,2533488,633372,10010
bytes_tokio,mixed_json_tcp,step1,24,4,2425550,606387.5,10010
bytes_tokio,mixed_json_tcp,step1,25,4,2457000,614250,10010
bytes_tokio,mixed_json_tcp,baseline,25,4,2491187,622796.75,10010
bytes_tokio,mixed_json_tcp,core,25,5,2577399,515479.8,10010
bytes_tokio,mixed_json_tcp,core,26,5,2593155,518631,10010
bytes_tokio,mixed_json_tcp,baseline,26,4,2466632,616658,10010
bytes_tokio,mixed_json_tcp,step1,26,4,2458625,614656.25,10010
bytes_tokio,mixed_json_tcp,step1,27,4,2428422,607105.5,10010
bytes_tokio,mixed_json_tcp,core,27,5,2607536,521507.2,10010
bytes_tokio,mixed_json_tcp,baseline,27,4,2533621,633405.25,10010
bytes_tokio,mixed_json_tcp,core,28,5,2680594,536118.8,10010
bytes_tokio,mixed_json_tcp,step1,28,4,2500328,625082,10010
bytes_tokio,mixed_json_tcp,baseline,28,4,2573444,643361,10010
bytes_tokio,mixed_json_tcp,step1,29,4,2460605,615151.25,10010
bytes_tokio,mixed_json_tcp,baseline,29,4,2443538,610884.5,10010
bytes_tokio,mixed_json_tcp,core,29,5,2620579,524115.8,10010
bytes_tokio,mixed_json_tcp,core,30,5,2566309,513261.8,10010
bytes_tokio,mixed_json_tcp,step1,30,4,2505388,626347,10010
bytes_tokio,mixed_json_tcp,baseline,30,4,2567288,641822,10010
bytes_tokio,mixed_json_whole,step1,0,4,2483742,620935.5,10010
bytes_tokio,mixed_json_whole,core,0,5,2755607,551121.4,10010
bytes_tokio,mixed_json_whole,baseline,0,4,2504568,626142,10010
bytes_tokio,mixed_json_whole,baseline,1,4,2541430,635357.5,10010
bytes_tokio,mixed_json_whole,core,1,5,2783054,556610.8,10010
bytes_tokio,mixed_json_whole,step1,1,4,2532601,633150.25,10010
bytes_tokio,mixed_json_whole,core,2,5,2772741,554548.2,10010
bytes_tokio,mixed_json_whole,baseline,2,4,2512623,628155.75,10010
bytes_tokio,mixed_json_whole,step1,2,4,2531184,632796,10010
bytes_tokio,mixed_json_whole,core,3,5,2778411,555682.2,10010
bytes_tokio,mixed_json_whole,step1,3,4,2508363,627090.75,10010
bytes_tokio,mixed_json_whole,baseline,3,4,2508338,627084.5,10010
bytes_tokio,mixed_json_whole,step1,4,4,2588224,647056,10010
bytes_tokio,mixed_json_whole,baseline,4,4,2465727,616431.75,10010
bytes_tokio,mixed_json_whole,core,4,5,2757052,551410.4,10010
bytes_tokio,mixed_json_whole,core,5,5,2732223,546444.6,10010
bytes_tokio,mixed_json_whole,baseline,5,4,2508771,627192.75,10010
bytes_tokio,mixed_json_whole,step1,5,4,2458847,614711.75,10010
bytes_tokio,mixed_json_whole,baseline,6,4,2539227,634806.75,10010
bytes_tokio,mixed_json_whole,step1,6,4,2459378,614844.5,10010
bytes_tokio,mixed_json_whole,core,6,5,2741016,548203.2,10010
bytes_tokio,mixed_json_whole,baseline,7,4,2507970,626992.5,10010
bytes_tokio,mixed_json_whole,core,7,5,2765272,553054.4,10010
bytes_tokio,mixed_json_whole,step1,7,4,2496121,624030.25,10010
bytes_tokio,mixed_json_whole,step1,8,4,2574335,643583.75,10010
bytes_tokio,mixed_json_whole,baseline,8,4,2450372,612593,10010
bytes_tokio,mixed_json_whole,core,8,5,2737101,547420.2,10010
bytes_tokio,mixed_json_whole,step1,9,4,2486037,621509.25,10010
bytes_tokio,mixed_json_whole,core,9,5,2759275,551855,10010
bytes_tokio,mixed_json_whole,baseline,9,4,2435332,608833,10010
bytes_tokio,mixed_json_whole,step1,10,4,2437386,609346.5,10010
bytes_tokio,mixed_json_whole,baseline,10,4,2506028,626507,10010
bytes_tokio,mixed_json_whole,core,10,5,2713122,542624.4,10010
bytes_tokio,mixed_json_whole,baseline,11,4,2539758,634939.5,10010
bytes_tokio,mixed_json_whole,core,11,5,2750909,550181.8,10010
bytes_tokio,mixed_json_whole,step1,11,4,2511822,627955.5,10010
bytes_tokio,mixed_json_whole,core,12,5,2726769,545353.8,10010
bytes_tokio,mixed_json_whole,step1,12,4,2601898,650474.5,10010
bytes_tokio,mixed_json_whole,baseline,12,4,2467472,616868,10010
bytes_tokio,mixed_json_whole,step1,13,4,2490539,622634.75,10010
bytes_tokio,mixed_json_whole,baseline,13,4,2563493,640873.25,10010
bytes_tokio,mixed_json_whole,core,13,5,2753598,550719.6,10010
bytes_tokio,mixed_json_whole,core,14,5,2793356,558671.2,10010
bytes_tokio,mixed_json_whole,step1,14,4,2483336,620834,10010
bytes_tokio,mixed_json_whole,baseline,14,4,2458238,614559.5,10010
bytes_tokio,mixed_json_whole,core,15,5,2742604,548520.8,10010
bytes_tokio,mixed_json_whole,baseline,15,4,2469498,617374.5,10010
bytes_tokio,mixed_json_whole,step1,15,4,2534465,633616.25,10010
bytes_tokio,mixed_json_whole,core,16,5,2811283,562256.6,10010
bytes_tokio,mixed_json_whole,step1,16,4,2472176,618044,10010
bytes_tokio,mixed_json_whole,baseline,16,4,2628912,657228,10010
bytes_tokio,mixed_json_whole,core,17,5,2746521,549304.2,10010
bytes_tokio,mixed_json_whole,step1,17,4,2494047,623511.75,10010
bytes_tokio,mixed_json_whole,baseline,17,4,2485407,621351.75,10010
bytes_tokio,mixed_json_whole,baseline,18,4,2500940,625235,10010
bytes_tokio,mixed_json_whole,step1,18,4,2465407,616351.75,10010
bytes_tokio,mixed_json_whole,core,18,5,2770256,554051.2,10010
bytes_tokio,mixed_json_whole,core,19,5,2738330,547666,10010
bytes_tokio,mixed_json_whole,baseline,19,4,2526555,631638.75,10010
bytes_tokio,mixed_json_whole,step1,19,4,2520856,630214,10010
bytes_tokio,mixed_json_whole,core,20,5,2732025,546405,10010
bytes_tokio,mixed_json_whole,baseline,20,4,2498897,624724.25,10010
bytes_tokio,mixed_json_whole,step1,20,4,2494788,623697,10010
bytes_tokio,mixed_json_whole,step1,21,4,2583829,645957.25,10010
bytes_tokio,mixed_json_whole,core,21,5,2735902,547180.4,10010
bytes_tokio,mixed_json_whole,baseline,21,4,2549690,637422.5,10010
bytes_tokio,mixed_json_whole,core,22,5,2759937,551987.4,10010
bytes_tokio,mixed_json_whole,step1,22,4,2475582,618895.5,10010
bytes_tokio,mixed_json_whole,baseline,22,4,2454498,613624.5,10010
bytes_tokio,mixed_json_whole,core,23,5,2780741,556148.2,10010
bytes_tokio,mixed_json_whole,baseline,23,4,2486707,621676.75,10010
bytes_tokio,mixed_json_whole,step1,23,4,2471483,617870.75,10010
bytes_tokio,mixed_json_whole,core,24,5,2755130,551026,10010
bytes_tokio,mixed_json_whole,baseline,24,4,2526686,631671.5,10010
bytes_tokio,mixed_json_whole,step1,24,4,2523651,630912.75,10010
bytes_tokio,mixed_json_whole,step1,25,4,2545516,636379,10010
bytes_tokio,mixed_json_whole,baseline,25,4,2460070,615017.5,10010
bytes_tokio,mixed_json_whole,core,25,5,2761902,552380.4,10010
bytes_tokio,mixed_json_whole,core,26,5,2719016,543803.2,10010
bytes_tokio,mixed_json_whole,baseline,26,4,2508237,627059.25,10010
bytes_tokio,mixed_json_whole,step1,26,4,2458853,614713.25,10010
bytes_tokio,mixed_json_whole,step1,27,4,2492116,623029,10010
bytes_tokio,mixed_json_whole,core,27,5,2785743,557148.6,10010
bytes_tokio,mixed_json_whole,baseline,27,4,2463640,615910,10010
bytes_tokio,mixed_json_whole,core,28,5,2767115,553423,10010
bytes_tokio,mixed_json_whole,step1,28,4,2528299,632074.75,10010
bytes_tokio,mixed_json_whole,baseline,28,4,2540953,635238.25,10010
bytes_tokio,mixed_json_whole,step1,29,4,2456085,614021.25,10010
bytes_tokio,mixed_json_whole,baseline,29,4,2560417,640104.25,10010
bytes_tokio,mixed_json_whole,core,29,5,2747949,549589.8,10010
bytes_tokio,mixed_json_whole,core,30,5,2736124,547224.8,10010
bytes_tokio,mixed_json_whole,step1,30,4,2461122,615280.5,10010
bytes_tokio,mixed_json_whole,baseline,30,4,2457402,614350.5,10010
bytes_tokio,mixed_multiline_tcp,step1,0,5,2554541,510908.2,10010
bytes_tokio,mixed_multiline_tcp,core,0,5,2799181,559836.2,10010
bytes_tokio,mixed_multiline_tcp,baseline,0,5,2564171,512834.2,10010
bytes_tokio,mixed_multiline_tcp,baseline,1,5,2621576,524315.2,10010
bytes_tokio,mixed_multiline_tcp,core,1,5,2877067,575413.4,10010
bytes_tokio,mixed_multiline_tcp,step1,1,5,2541927,508385.4,10010
bytes_tokio,mixed_multiline_tcp,core,2,5,2784138,556827.6,10010
bytes_tokio,mixed_multiline_tcp,baseline,2,5,2647770,529554,10010
bytes_tokio,mixed_multiline_tcp,step1,2,5,2556196,511239.2,10010
bytes_tokio,mixed_multiline_tcp,core,3,5,2780789,556157.8,10010
bytes_tokio,mixed_multiline_tcp,step1,3,5,2568620,513724,10010
bytes_tokio,mixed_multiline_tcp,baseline,3,5,2606836,521367.2,10010
bytes_tokio,mixed_multiline_tcp,step1,4,5,2525136,505027.2,10010
bytes_tokio,mixed_multiline_tcp,baseline,4,5,2574343,514868.6,10010
bytes_tokio,mixed_multiline_tcp,core,4,5,2786629,557325.8,10010
bytes_tokio,mixed_multiline_tcp,core,5,5,2782404,556480.8,10010
bytes_tokio,mixed_multiline_tcp,baseline,5,5,2665765,533153,10010
bytes_tokio,mixed_multiline_tcp,step1,5,5,2580612,516122.4,10010
bytes_tokio,mixed_multiline_tcp,baseline,6,5,2582353,516470.6,10010
bytes_tokio,mixed_multiline_tcp,step1,6,5,2509389,501877.8,10010
bytes_tokio,mixed_multiline_tcp,core,6,5,2803011,560602.2,10010
bytes_tokio,mixed_multiline_tcp,baseline,7,5,2563570,512714,10010
bytes_tokio,mixed_multiline_tcp,core,7,5,2800795,560159,10010
bytes_tokio,mixed_multiline_tcp,step1,7,5,2603199,520639.8,10010
bytes_tokio,mixed_multiline_tcp,step1,8,5,2573089,514617.8,10010
bytes_tokio,mixed_multiline_tcp,baseline,8,5,2542574,508514.8,10010
bytes_tokio,mixed_multiline_tcp,core,8,5,2830763,566152.6,10010
bytes_tokio,mixed_multiline_tcp,step1,9,5,2526042,505208.4,10010
bytes_tokio,mixed_multiline_tcp,core,9,5,2802839,560567.8,10010
bytes_tokio,mixed_multiline_tcp,baseline,9,5,2706184,541236.8,10010
bytes_tokio,mixed_multiline_tcp,step1,10,5,2541379,508275.8,10010
bytes_tokio,mixed_multiline_tcp,baseline,10,5,2607645,521529,10010
bytes_tokio,mixed_multiline_tcp,core,10,5,2916604,583320.8,10010
bytes_tokio,mixed_multiline_tcp,baseline,11,5,3054522,610904.4,10010
bytes_tokio,mixed_multiline_tcp,core,11,5,3509218,701843.6,10010
bytes_tokio,mixed_multiline_tcp,step1,11,5,3353362,670672.4,10010
bytes_tokio,mixed_multiline_tcp,core,12,5,3752039,750407.8,10010
bytes_tokio,mixed_multiline_tcp,step1,12,5,3127801,625560.2,10010
bytes_tokio,mixed_multiline_tcp,baseline,12,5,3423243,684648.6,10010
bytes_tokio,mixed_multiline_tcp,step1,13,5,3244203,648840.6,10010
bytes_tokio,mixed_multiline_tcp,baseline,13,5,3475323,695064.6,10010
bytes_tokio,mixed_multiline_tcp,core,13,5,3723847,744769.4,10010
bytes_tokio,mixed_multiline_tcp,core,14,5,3601837,720367.4,10010
bytes_tokio,mixed_multiline_tcp,step1,14,5,3189089,637817.8,10010
bytes_tokio,mixed_multiline_tcp,baseline,14,5,3345223,669044.6,10010
bytes_tokio,mixed_multiline_tcp,core,15,5,3623207,724641.4,10010
bytes_tokio,mixed_multiline_tcp,baseline,15,5,3286741,657348.2,10010
bytes_tokio,mixed_multiline_tcp,step1,15,5,3142121,628424.2,10010
bytes_tokio,mixed_multiline_tcp,core,16,5,3590716,718143.2,10010
bytes_tokio,mixed_multiline_tcp,step1,16,5,3681384,736276.8,10010
bytes_tokio,mixed_multiline_tcp,baseline,16,5,3302033,660406.6,10010
bytes_tokio,mixed_multiline_tcp,core,17,5,3765196,753039.2,10010
bytes_tokio,mixed_multiline_tcp,step1,17,5,3567578,713515.6,10010
bytes_tokio,mixed_multiline_tcp,baseline,17,5,3038449,607689.8,10010
bytes_tokio,mixed_multiline_tcp,baseline,18,5,3276582,655316.4,10010
bytes_tokio,mixed_multiline_tcp,step1,18,5,3254945,650989,10010
bytes_tokio,mixed_multiline_tcp,core,18,5,3585441,717088.2,10010
bytes_tokio,mixed_multiline_tcp,core,19,5,3594982,718996.4,10010
bytes_tokio,mixed_multiline_tcp,baseline,19,5,3319952,663990.4,10010
bytes_tokio,mixed_multiline_tcp,step1,19,5,3608104,721620.8,10010
bytes_tokio,mixed_multiline_tcp,core,20,5,3652777,730555.4,10010
bytes_tokio,mixed_multiline_tcp,baseline,20,5,3194953,638990.6,10010
bytes_tokio,mixed_multiline_tcp,step1,20,5,3295026,659005.2,10010
bytes_tokio,mixed_multiline_tcp,step1,21,5,2764734,552946.8,10010
bytes_tokio,mixed_multiline_tcp,core,21,5,2808953,561790.6,10010
bytes_tokio,mixed_multiline_tcp,baseline,21,5,2558980,511796,10010
bytes_tokio,mixed_multiline_tcp,core,22,5,2797477,559495.4,10010
bytes_tokio,mixed_multiline_tcp,step1,22,5,2769107,553821.4,10010
bytes_tokio,mixed_multiline_tcp,baseline,22,5,2602647,520529.4,10010
bytes_tokio,mixed_multiline_tcp,core,23,5,2770399,554079.8,10010
bytes_tokio,mixed_multiline_tcp,baseline,23,5,2643604,528720.8,10010
bytes_tokio,mixed_multiline_tcp,step1,23,5,2561664,512332.8,10010
bytes_tokio,mixed_multiline_tcp,core,24,5,2968956,593791.2,10010
bytes_tokio,mixed_multiline_tcp,baseline,24,5,2697660,539532,10010
bytes_tokio,mixed_multiline_tcp,step1,24,5,2527861,505572.2,10010
bytes_tokio,mixed_multiline_tcp,step1,25,5,2565071,513014.2,10010
bytes_tokio,mixed_multiline_tcp,baseline,25,5,2546961,509392.2,10010
bytes_tokio,mixed_multiline_tcp,core,25,5,2769830,553966,10010
bytes_tokio,mixed_multiline_tcp,core,26,5,2788314,557662.8,10010
bytes_tokio,mixed_multiline_tcp,baseline,26,5,2549174,509834.8,10010
bytes_tokio,mixed_multiline_tcp,step1,26,5,2835068,567013.6,10010
bytes_tokio,mixed_multiline_tcp,step1,27,5,2540242,508048.4,10010
bytes_tokio,mixed_multiline_tcp,core,27,5,2885045,577009,10010
bytes_tokio,mixed_multiline_tcp,baseline,27,5,2517576,503515.2,10010
bytes_tokio,mixed_multiline_tcp,core,28,5,2857862,571572.4,10010
bytes_tokio,mixed_multiline_tcp,step1,28,5,2530041,506008.2,10010
bytes_tokio,mixed_multiline_tcp,baseline,28,5,2499186,499837.2,10010
bytes_tokio,mixed_multiline_tcp,step1,29,5,2531033,506206.6,10010
bytes_tokio,mixed_multiline_tcp,baseline,29,5,2554109,510821.8,10010
bytes_tokio,mixed_multiline_tcp,core,29,5,2778861,555772.2,10010
bytes_tokio,mixed_multiline_tcp,core,30,5,2785046,557009.2,10010
bytes_tokio,mixed_multiline_tcp,step1,30,5,2530806,506161.2,10010
bytes_tokio,mixed_multiline_tcp,baseline,30,5,2608678,521735.6,10010
bytes_tokio,mixed_multiline_whole,step1,0,5,3854312,770862.4,10010
bytes_tokio,mixed_multiline_whole,core,0,5,5012873,1002574.6,10010
bytes_tokio,mixed_multiline_whole,baseline,0,5,2827933,565586.6,10010
bytes_tokio,mixed_multiline_whole,baseline,1,5,2821929,564385.8,10010
bytes_tokio,mixed_multiline_whole,core,1,5,2982114,596422.8,10010
bytes_tokio,mixed_multiline_whole,step1,1,5,2818903,563780.6,10010
bytes_tokio,mixed_multiline_whole,core,2,5,3002710,600542,10010
bytes_tokio,mixed_multiline_whole,baseline,2,5,2927520,585504,10010
bytes_tokio,mixed_multiline_whole,step1,2,5,2730854,546170.8,10010
bytes_tokio,mixed_multiline_whole,core,3,5,3025777,605155.4,10010
bytes_tokio,mixed_multiline_whole,step1,3,5,2694248,538849.6,10010
bytes_tokio,mixed_multiline_whole,baseline,3,5,2906536,581307.2,10010
bytes_tokio,mixed_multiline_whole,step1,4,5,2703125,540625,10010
bytes_tokio,mixed_multiline_whole,baseline,4,5,2779961,555992.2,10010
bytes_tokio,mixed_multiline_whole,core,4,5,3025166,605033.2,10010
bytes_tokio,mixed_multiline_whole,core,5,5,3011551,602310.2,10010
bytes_tokio,mixed_multiline_whole,baseline,5,5,2809141,561828.2,10010
bytes_tokio,mixed_multiline_whole,step1,5,5,2778998,555799.6,10010
bytes_tokio,mixed_multiline_whole,baseline,6,5,2815666,563133.2,10010
bytes_tokio,mixed_multiline_whole,step1,6,5,2821470,564294,10010
bytes_tokio,mixed_multiline_whole,core,6,5,3052855,610571,10010
bytes_tokio,mixed_multiline_whole,baseline,7,5,2782110,556422,10010
bytes_tokio,mixed_multiline_whole,core,7,5,3019127,603825.4,10010
bytes_tokio,mixed_multiline_whole,step1,7,5,2705149,541029.8,10010
bytes_tokio,mixed_multiline_whole,step1,8,5,2802110,560422,10010
bytes_tokio,mixed_multiline_whole,baseline,8,5,2843951,568790.2,10010
bytes_tokio,mixed_multiline_whole,core,8,5,3002881,600576.2,10010
bytes_tokio,mixed_multiline_whole,step1,9,5,2784923,556984.6,10010
bytes_tokio,mixed_multiline_whole,core,9,5,2999235,599847,10010
bytes_tokio,mixed_multiline_whole,baseline,9,5,2771578,554315.6,10010
bytes_tokio,mixed_multiline_whole,step1,10,5,2788619,557723.8,10010
bytes_tokio,mixed_multiline_whole,baseline,10,5,2832784,566556.8,10010
bytes_tokio,mixed_multiline_whole,core,10,5,3007648,601529.6,10010
bytes_tokio,mixed_multiline_whole,baseline,11,5,2841996,568399.2,10010
bytes_tokio,mixed_multiline_whole,core,11,5,3048886,609777.2,10010
bytes_tokio,mixed_multiline_whole,step1,11,5,2723621,544724.2,10010
bytes_tokio,mixed_multiline_whole,core,12,5,2994612,598922.4,10010
bytes_tokio,mixed_multiline_whole,step1,12,5,2777274,555454.8,10010
bytes_tokio,mixed_multiline_whole,baseline,12,5,2804869,560973.8,10010
bytes_tokio,mixed_multiline_whole,step1,13,5,2807978,561595.6,10010
bytes_tokio,mixed_multiline_whole,baseline,13,5,2785734,557146.8,10010
bytes_tokio,mixed_multiline_whole,core,13,5,3012127,602425.4,10010
bytes_tokio,mixed_multiline_whole,core,14,5,3079312,615862.4,10010
bytes_tokio,mixed_multiline_whole,step1,14,5,2736484,547296.8,10010
bytes_tokio,mixed_multiline_whole,baseline,14,5,2848871,569774.2,10010
bytes_tokio,mixed_multiline_whole,core,15,5,3068090,613618,10010
bytes_tokio,mixed_multiline_whole,baseline,15,5,2799851,559970.2,10010
bytes_tokio,mixed_multiline_whole,step1,15,5,2775794,555158.8,10010
bytes_tokio,mixed_multiline_whole,core,16,5,2973940,594788,10010
bytes_tokio,mixed_multiline_whole,step1,16,5,2758478,551695.6,10010
bytes_tokio,mixed_multiline_whole,baseline,16,5,2788060,557612,10010
bytes_tokio,mixed_multiline_whole,core,17,5,3008168,601633.6,10010
bytes_tokio,mixed_multiline_whole,step1,17,5,2756429,551285.8,10010
bytes_tokio,mixed_multiline_whole,baseline,17,5,2953597,590719.4,10010
bytes_tokio,mixed_multiline_whole,baseline,18,5,2830520,566104,10010
bytes_tokio,mixed_multiline_whole,step1,18,5,2761176,552235.2,10010
bytes_tokio,mixed_multiline_whole,core,18,5,3033339,606667.8,10010
bytes_tokio,mixed_multiline_whole,core,19,5,3026485,605297,10010
bytes_tokio,mixed_multiline_whole,baseline,19,5,2874515,574903,10010
bytes_tokio,mixed_multiline_whole,step1,19,5,2776667,555333.4,10010
bytes_tokio,mixed_multiline_whole,core,20,5,3002530,600506,10010
bytes_tokio,mixed_multiline_whole,baseline,20,5,2852950,570590,10010
bytes_tokio,mixed_multiline_whole,step1,20,5,2735680,547136,10010
bytes_tokio,mixed_multiline_whole,step1,21,5,2786725,557345,10010
bytes_tokio,mixed_multiline_whole,core,21,5,3017351,603470.2,10010
bytes_tokio,mixed_multiline_whole,baseline,21,5,2868198,573639.6,10010
bytes_tokio,mixed_multiline_whole,core,22,5,3014842,602968.4,10010
bytes_tokio,mixed_multiline_whole,step1,22,5,2791388,558277.6,10010
bytes_tokio,mixed_multiline_whole,baseline,22,5,2922249,584449.8,10010
bytes_tokio,mixed_multiline_whole,core,23,5,3005317,601063.4,10010
bytes_tokio,mixed_multiline_whole,baseline,23,5,2813008,562601.6,10010
bytes_tokio,mixed_multiline_whole,step1,23,5,2691773,538354.6,10010
bytes_tokio,mixed_multiline_whole,core,24,5,3061605,612321,10010
bytes_tokio,mixed_multiline_whole,baseline,24,5,2807166,561433.2,10010
bytes_tokio,mixed_multiline_whole,step1,24,5,2709917,541983.4,10010
bytes_tokio,mixed_multiline_whole,step1,25,5,2761149,552229.8,10010
bytes_tokio,mixed_multiline_whole,baseline,25,5,2905795,581159,10010
bytes_tokio,mixed_multiline_whole,core,25,5,3117924,623584.8,10010
bytes_tokio,mixed_multiline_whole,core,26,5,3036698,607339.6,10010
bytes_tokio,mixed_multiline_whole,baseline,26,5,2818515,563703,10010
bytes_tokio,mixed_multiline_whole,step1,26,5,2789166,557833.2,10010
bytes_tokio,mixed_multiline_whole,step1,27,5,2764336,552867.2,10010
bytes_tokio,mixed_multiline_whole,core,27,5,3007619,601523.8,10010
bytes_tokio,mixed_multiline_whole,baseline,27,5,2852207,570441.4,10010
bytes_tokio,mixed_multiline_whole,core,28,5,3003839,600767.8,10010
bytes_tokio,mixed_multiline_whole,step1,28,5,2729833,545966.6,10010
bytes_tokio,mixed_multiline_whole,baseline,28,5,2814562,562912.4,10010
bytes_tokio,mixed_multiline_whole,step1,29,5,2787224,557444.8,10010
bytes_tokio,mixed_multiline_whole,baseline,29,5,2868260,573652,10010
bytes_tokio,mixed_multiline_whole,core,29,5,3047290,609458,10010
bytes_tokio,mixed_multiline_whole,core,30,5,3022462,604492.4,10010
bytes_tokio,mixed_multiline_whole,step1,30,5,2770653,554130.6,10010
bytes_tokio,mixed_multiline_whole,baseline,30,5,2817267,563453.4,10010
bytes_tokio,alternating_sizes_tcp,step1,0,20,2923700,146185,128
bytes_tokio,alternating_sizes_tcp,core,0,22,2939808,133627.63636363635,128
bytes_tokio,alternating_sizes_tcp,baseline,0,15,2425572,161704.8,128
bytes_tokio,alternating_sizes_tcp,baseline,1,15,2503078,166871.86666666667,128
bytes_tokio,alternating_sizes_tcp,core,1,22,3018899,137222.68181818182,128
bytes_tokio,alternating_sizes_tcp,step1,1,20,2973547,148677.35,128
bytes_tokio,alternating_sizes_tcp,core,2,22,2924092,132913.27272727274,128
bytes_tokio,alternating_sizes_tcp,baseline,2,15,2404238,160282.53333333333,128
bytes_tokio,alternating_sizes_tcp,step1,2,20,2900792,145039.6,128
bytes_tokio,alternating_sizes_tcp,core,3,22,2900301,131831.86363636365,128
bytes_tokio,alternating_sizes_tcp,step1,3,20,2913152,145657.6,128
bytes_tokio,alternating_sizes_tcp,baseline,3,15,2411840,160789.33333333334,128
bytes_tokio,alternating_sizes_tcp,step1,4,20,2907018,145350.9,128
bytes_tokio,alternating_sizes_tcp,baseline,4,15,2403416,160227.73333333334,128
bytes_tokio,alternating_sizes_tcp,core,4,22,2907899,132177.22727272726,128
bytes_tokio,alternating_sizes_tcp,core,5,22,2978233,135374.22727272726,128
bytes_tokio,alternating_sizes_tcp,baseline,5,15,2394476,159631.73333333334,128
bytes_tokio,alternating_sizes_tcp,step1,5,20,2933810,146690.5,128
bytes_tokio,alternating_sizes_tcp,baseline,6,15,2387642,159176.13333333333,128
bytes_tokio,alternating_sizes_tcp,step1,6,20,2896568,144828.4,128
bytes_tokio,alternating_sizes_tcp,core,6,22,2875773,130716.95454545454,128
bytes_tokio,alternating_sizes_tcp,baseline,7,15,2400364,160024.26666666666,128
bytes_tokio,alternating_sizes_tcp,core,7,22,2873004,130591.09090909091,128
bytes_tokio,alternating_sizes_tcp,step1,7,20,2897746,144887.3,128
bytes_tokio,alternating_sizes_tcp,step1,8,20,2894893,144744.65,128
bytes_tokio,alternating_sizes_tcp,baseline,8,15,2390768,159384.53333333333,128
bytes_tokio,alternating_sizes_tcp,core,8,22,2869988,130454,128
bytes_tokio,alternating_sizes_tcp,step1,9,20,2914814,145740.7,128
bytes_tokio,alternating_sizes_tcp,core,9,22,2942930,133769.54545454544,128
bytes_tokio,alternating_sizes_tcp,baseline,9,15,2392751,159516.73333333334,128
bytes_tokio,alternating_sizes_tcp,step1,10,20,2953113,147655.65,128
bytes_tokio,alternating_sizes_tcp,baseline,10,15,2421449,161429.93333333332,128
bytes_tokio,alternating_sizes_tcp,core,10,22,2944783,133853.77272727274,128
bytes_tokio,alternating_sizes_tcp,baseline,11,15,2458705,163913.66666666666,128
bytes_tokio,alternating_sizes_tcp,core,11,22,2932156,133279.81818181818,128
bytes_tokio,alternating_sizes_tcp,step1,11,20,2935520,146776,128
bytes_tokio,alternating_sizes_tcp,core,12,22,2921226,132783,128
bytes_tokio,alternating_sizes_tcp,step1,12,20,2932681,146634.05,128
bytes_tokio,alternating_sizes_tcp,baseline,12,15,2397930,159862,128
bytes_tokio,alternating_sizes_tcp,step1,13,20,2924440,146222,128
bytes_tokio,alternating_sizes_tcp,baseline,13,15,2471246,164749.73333333334,128
bytes_tokio,alternating_sizes_tcp,core,13,22,2885927,131178.5,128
bytes_tokio,alternating_sizes_tcp,core,14,22,2885362,131152.81818181818,128
bytes_tokio,alternating_sizes_tcp,step1,14,20,2942883,147144.15,128
bytes_tokio,alternating_sizes_tcp,baseline,14,15,2427928,161861.86666666667,128
bytes_tokio,alternating_sizes_tcp,core,15,22,2908550,132206.81818181818,128
bytes_tokio,alternating_sizes_tcp,baseline,15,15,2451387,163425.8,128
bytes_tokio,alternating_sizes_tcp,step1,15,20,2907166,145358.3,128
bytes_tokio,alternating_sizes_tcp,core,16,22,2896903,131677.4090909091,128
bytes_tokio,alternating_sizes_tcp,step1,16,20,2941533,147076.65,128
bytes_tokio,alternating_sizes_tcp,baseline,16,15,2403917,160261.13333333333,128
bytes_tokio,alternating_sizes_tcp,core,17,22,2930904,133222.9090909091,128
bytes_tokio,alternating_sizes_tcp,step1,17,20,2990941,149547.05,128
bytes_tokio,alternating_sizes_tcp,baseline,17,15,2432254,162150.26666666666,128
bytes_tokio,alternating_sizes_tcp,baseline,18,15,2403387,160225.8,128
bytes_tokio,alternating_sizes_tcp,step1,18,20,2911116,145555.8,128
bytes_tokio,alternating_sizes_tcp,core,18,22,2930822,133219.18181818182,128
bytes_tokio,alternating_sizes_tcp,core,19,22,2924709,132941.31818181818,128
bytes_tokio,alternating_sizes_tcp,baseline,19,15,2429874,161991.6,128
bytes_tokio,alternating_sizes_tcp,step1,19,20,2998590,149929.5,128
bytes_tokio,alternating_sizes_tcp,core,20,22,2923180,132871.81818181818,128
bytes_tokio,alternating_sizes_tcp,baseline,20,15,2398305,159887,128
bytes_tokio,alternating_sizes_tcp,step1,20,20,2914867,145743.35,128
bytes_tokio,alternating_sizes_tcp,step1,21,20,2952225,147611.25,128
bytes_tokio,alternating_sizes_tcp,core,21,22,2966814,134855.18181818182,128
bytes_tokio,alternating_sizes_tcp,baseline,21,15,2409718,160647.86666666667,128
bytes_tokio,alternating_sizes_tcp,core,22,22,2889336,131333.45454545456,128
bytes_tokio,alternating_sizes_tcp,step1,22,20,3000230,150011.5,128
bytes_tokio,alternating_sizes_tcp,baseline,22,15,2459176,163945.06666666668,128
bytes_tokio,alternating_sizes_tcp,core,23,22,2976792,135308.72727272726,128
bytes_tokio,alternating_sizes_tcp,baseline,23,15,2473017,164867.8,128
bytes_tokio,alternating_sizes_tcp,step1,23,20,2985836,149291.8,128
bytes_tokio,alternating_sizes_tcp,core,24,22,2989966,135907.54545454544,128
bytes_tokio,alternating_sizes_tcp,baseline,24,15,2481682,165445.46666666667,128
bytes_tokio,alternating_sizes_tcp,step1,24,20,2919241,145962.05,128
bytes_tokio,alternating_sizes_tcp,step1,25,20,2971983,148599.15,128
bytes_tokio,alternating_sizes_tcp,baseline,25,15,2459364,163957.6,128
bytes_tokio,alternating_sizes_tcp,core,25,22,2888444,131292.9090909091,128
bytes_tokio,alternating_sizes_tcp,core,26,22,2872145,130552.04545454546,128
bytes_tokio,alternating_sizes_tcp,baseline,26,15,2413667,160911.13333333333,128
bytes_tokio,alternating_sizes_tcp,step1,26,20,2898818,144940.9,128
bytes_tokio,alternating_sizes_tcp,step1,27,20,2899012,144950.6,128
bytes_tokio,alternating_sizes_tcp,core,27,22,2878077,130821.68181818182,128
bytes_tokio,alternating_sizes_tcp,baseline,27,15,2397006,159800.4,128
bytes_tokio,alternating_sizes_tcp,core,28,22,2874420,130655.45454545454,128
bytes_tokio,alternating_sizes_tcp,step1,28,20,2901409,145070.45,128
bytes_tokio,alternating_sizes_tcp,baseline,28,15,2383265,158884.33333333334,128
bytes_tokio,alternating_sizes_tcp,step1,29,20,2895352,144767.6,128
bytes_tokio,alternating_sizes_tcp,baseline,29,15,2451193,163412.86666666667,128
bytes_tokio,alternating_sizes_tcp,core,29,22,2916748,132579.45454545456,128
bytes_tokio,alternating_sizes_tcp,core,30,22,2951867,134175.77272727274,128
bytes_tokio,alternating_sizes_tcp,step1,30,20,2928540,146427,128
bytes_tokio,alternating_sizes_tcp,baseline,30,15,2437338,162489.2,128
bytes_tokio,varied_sizes_tcp,step1,0,87,2929125,33668.10344827586,64
bytes_tokio,varied_sizes_tcp,core,0,96,2955386,30785.270833333332,64
bytes_tokio,varied_sizes_tcp,baseline,0,70,2631386,37591.22857142857,64
bytes_tokio,varied_sizes_tcp,baseline,1,70,2684727,38353.24285714285,64
bytes_tokio,varied_sizes_tcp,core,1,96,2941328,30638.833333333332,64
bytes_tokio,varied_sizes_tcp,step1,1,87,2942525,33822.12643678161,64
bytes_tokio,varied_sizes_tcp,core,2,96,2953921,30770.010416666668,64
bytes_tokio,varied_sizes_tcp,baseline,2,70,2623534,37479.05714285714,64
bytes_tokio,varied_sizes_tcp,step1,2,87,2940114,33794.41379310345,64
bytes_tokio,varied_sizes_tcp,core,3,96,2969787,30935.28125,64
bytes_tokio,varied_sizes_tcp,step1,3,87,2938082,33771.057471264365,64
bytes_tokio,varied_sizes_tcp,baseline,3,70,2663181,38045.44285714286,64
bytes_tokio,varied_sizes_tcp,step1,4,87,3077027,35368.12643678161,64
bytes_tokio,varied_sizes_tcp,baseline,4,70,2695160,38502.28571428572,64
bytes_tokio,varied_sizes_tcp,core,4,96,2963808,30873,64
bytes_tokio,varied_sizes_tcp,core,5,96,3129130,32595.104166666668,64
bytes_tokio,varied_sizes_tcp,baseline,5,70,2655155,37930.78571428572,64
bytes_tokio,varied_sizes_tcp,step1,5,87,2969687,34134.333333333336,64
bytes_tokio,varied_sizes_tcp,baseline,6,70,2615353,37362.18571428571,64
bytes_tokio,varied_sizes_tcp,step1,6,87,2930160,33680,64
bytes_tokio,varied_sizes_tcp,core,6,96,2981765,31060.052083333332,64
bytes_tokio,varied_sizes_tcp,baseline,7,70,2634292,37632.74285714285,64
bytes_tokio,varied_sizes_tcp,core,7,96,3057868,31852.791666666668,64
bytes_tokio,varied_sizes_tcp,step1,7,87,2949207,33898.93103448276,64
bytes_tokio,varied_sizes_tcp,step1,8,87,2974880,34194.02298850575,64
bytes_tokio,varied_sizes_tcp,baseline,8,70,2639774,37711.05714285714,64
bytes_tokio,varied_sizes_tcp,core,8,96,3095702,32246.895833333332,64
bytes_tokio,varied_sizes_tcp,step1,9,87,2957628,33995.724137931036,64
bytes_tokio,varied_sizes_tcp,core,9,96,3020465,31463.177083333332,64
bytes_tokio,varied_sizes_tcp,baseline,9,70,2624989,37499.84285714286,64
bytes_tokio,varied_sizes_tcp,step1,10,87,2926764,33640.96551724138,64
bytes_tokio,varied_sizes_tcp,baseline,10,70,2626727,37524.671428571426,64
bytes_tokio,varied_sizes_tcp,core,10,96,2959646,30829.645833333332,64
bytes_tokio,varied_sizes_tcp,baseline,11,70,2614322,37347.45714285714,64
bytes_tokio,varied_sizes_tcp,core,11,96,2963027,30864.864583333332,64
bytes_tokio,varied_sizes_tcp,step1,11,87,2935946,33746.50574712644,64
bytes_tokio,varied_sizes_tcp,core,12,96,2962392,30858.25,64
bytes_tokio,varied_sizes_tcp,step1,12,87,2940999,33804.58620689655,64
bytes_tokio,varied_sizes_tcp,baseline,12,70,2683696,38338.514285714286,64
bytes_tokio,varied_sizes_tcp,step1,13,87,2944546,33845.35632183908,64
bytes_tokio,varied_sizes_tcp,baseline,13,70,2616982,37385.45714285714,64
bytes_tokio,varied_sizes_tcp,core,13,96,2956529,30797.177083333332,64
bytes_tokio,varied_sizes_tcp,core,14,96,2954623,30777.322916666668,64
bytes_tokio,varied_sizes_tcp,step1,14,87,2945716,33858.80459770115,64
bytes_tokio,varied_sizes_tcp,baseline,14,70,2630107,37572.95714285714,64
bytes_tokio,varied_sizes_tcp,core,15,96,2972606,30964.645833333332,64
bytes_tokio,varied_sizes_tcp,baseline,15,70,2629526,37564.65714285714,64
bytes_tokio,varied_sizes_tcp,step1,15,87,2946203,33864.402298850575,64
bytes_tokio,varied_sizes_tcp,core,16,96,2979571,31037.197916666668,64
bytes_tokio,varied_sizes_tcp,step1,16,87,2984297,34302.26436781609,64
bytes_tokio,varied_sizes_tcp,baseline,16,70,2640652,37723.6,64
bytes_tokio,varied_sizes_tcp,core,17,96,2983612,31079.291666666668,64
bytes_tokio,varied_sizes_tcp,step1,17,87,2944166,33840.988505747126,64
bytes_tokio,varied_sizes_tcp,baseline,17,70,2621582,37451.171428571426,64
bytes_tokio,varied_sizes_tcp,baseline,18,70,2623717,37481.671428571426,64
bytes_tokio,varied_sizes_tcp,step1,18,87,2944276,33842.252873563215,64
bytes_tokio,varied_sizes_tcp,core,18,96,2964368,30878.833333333332,64
bytes_tokio,varied_sizes_tcp,core,19,96,2987014,31114.729166666668,64
bytes_tokio,varied_sizes_tcp,baseline,19,70,2627477,37535.385714285716,64
bytes_tokio,varied_sizes_tcp,step1,19,87,2928683,33663.02298850575,64
bytes_tokio,varied_sizes_tcp,core,20,96,2964057,30875.59375,64
bytes_tokio,varied_sizes_tcp,baseline,20,70,2709115,38701.642857142855,64
bytes_tokio,varied_sizes_tcp,step1,20,87,2944640,33846.4367816092,64
bytes_tokio,varied_sizes_tcp,step1,21,87,2990992,34379.2183908046,64
bytes_tokio,varied_sizes_tcp,core,21,96,2978491,31025.947916666668,64
bytes_tokio,varied_sizes_tcp,baseline,21,70,2633526,37621.8,64
bytes_tokio,varied_sizes_tcp,core,22,96,2971788,30956.125,64
bytes_tokio,varied_sizes_tcp,step1,22,87,3013847,34641.91954022989,64
bytes_tokio,varied_sizes_tcp,baseline,22,70,2626590,37522.71428571428,64
bytes_tokio,varied_sizes_tcp,core,23,96,2997743,31226.489583333332,64
bytes_tokio,varied_sizes_tcp,baseline,23,70,2618558,37407.97142857143,64
bytes_tokio,varied_sizes_tcp,step1,23,87,2942993,33827.50574712644,64
bytes_tokio,varied_sizes_tcp,core,24,96,2975063,30990.239583333332,64
bytes_tokio,varied_sizes_tcp,baseline,24,70,2687045,38386.357142857145,64
bytes_tokio,varied_sizes_tcp,step1,24,87,2944838,33848.71264367816,64
bytes_tokio,varied_sizes_tcp,step1,25,87,2929590,33673.44827586207,64
bytes_tokio,varied_sizes_tcp,baseline,25,70,2640330,37719,64
bytes_tokio,varied_sizes_tcp,core,25,96,2960529,30838.84375,64
bytes_tokio,varied_sizes_tcp,core,26,96,2951732,30747.208333333332,64
bytes_tokio,varied_sizes_tcp,baseline,26,70,2643710,37767.28571428572,64
bytes_tokio,varied_sizes_tcp,step1,26,87,2956365,33981.206896551725,64
bytes_tokio,varied_sizes_tcp,step1,27,87,2933980,33723.90804597701,64
bytes_tokio,varied_sizes_tcp,core,27,96,2961102,30844.8125,64
bytes_tokio,varied_sizes_tcp,baseline,27,70,2627008,37528.68571428571,64
bytes_tokio,varied_sizes_tcp,core,28,96,3078460,32067.291666666668,64
bytes_tokio,varied_sizes_tcp,step1,28,87,2939047,33782.14942528736,64
bytes_tokio,varied_sizes_tcp,baseline,28,70,2638708,37695.828571428574,64
bytes_tokio,varied_sizes_tcp,step1,29,87,2947904,33883.9540229885,64
bytes_tokio,varied_sizes_tcp,baseline,29,70,2619546,37422.08571428571,64
bytes_tokio,varied_sizes_tcp,core,29,96,3280217,34168.927083333336,64
bytes_tokio,varied_sizes_tcp,core,30,96,3040395,31670.78125,64
bytes_tokio,varied_sizes_tcp,step1,30,87,3667465,42154.77011494253,64
bytes_tokio,varied_sizes_tcp,baseline,30,70,3212264,45889.485714285714,64
bytes_tokio,comment_crlf_tcp,step1,0,6,3114718,519119.6666666667,0
bytes_tokio,comment_crlf_tcp,core,0,2,2437629,1218814.5,0
bytes_tokio,comment_crlf_tcp,baseline,0,5,2379906,475981.2,0
bytes_tokio,comment_crlf_tcp,baseline,1,5,2520550,504110,0
bytes_tokio,comment_crlf_tcp,core,1,2,2410987,1205493.5,0
bytes_tokio,comment_crlf_tcp,step1,1,6,3157428,526238,0
bytes_tokio,comment_crlf_tcp,core,2,2,2884286,1442143,0
bytes_tokio,comment_crlf_tcp,baseline,2,5,2415547,483109.4,0
bytes_tokio,comment_crlf_tcp,step1,2,6,2978584,496430.6666666667,0
bytes_tokio,comment_crlf_tcp,core,3,2,2717201,1358600.5,0
bytes_tokio,comment_crlf_tcp,step1,3,6,2959662,493277,0
bytes_tokio,comment_crlf_tcp,baseline,3,5,2389544,477908.8,0
bytes_tokio,comment_crlf_tcp,step1,4,6,3202111,533685.1666666666,0
bytes_tokio,comment_crlf_tcp,baseline,4,5,2466953,493390.6,0
bytes_tokio,comment_crlf_tcp,core,4,2,2448972,1224486,0
bytes_tokio,comment_crlf_tcp,core,5,2,2751278,1375639,0
bytes_tokio,comment_crlf_tcp,baseline,5,5,2474756,494951.2,0
bytes_tokio,comment_crlf_tcp,step1,5,6,3070525,511754.1666666667,0
bytes_tokio,comment_crlf_tcp,baseline,6,5,2311047,462209.4,0
bytes_tokio,comment_crlf_tcp,step1,6,6,2878671,479778.5,0
bytes_tokio,comment_crlf_tcp,core,6,2,2385399,1192699.5,0
bytes_tokio,comment_crlf_tcp,baseline,7,5,2750832,550166.4,0
bytes_tokio,comment_crlf_tcp,core,7,2,2335575,1167787.5,0
bytes_tokio,comment_crlf_tcp,step1,7,6,3197890,532981.6666666666,0
bytes_tokio,comment_crlf_tcp,step1,8,6,3068385,511397.5,0
bytes_tokio,comment_crlf_tcp,baseline,8,5,2510452,502090.4,0
bytes_tokio,comment_crlf_tcp,core,8,2,2267856,1133928,0
bytes_tokio,comment_crlf_tcp,step1,9,6,3079960,513326.6666666667,0
bytes_tokio,comment_crlf_tcp,core,9,2,2320463,1160231.5,0
bytes_tokio,comment_crlf_tcp,baseline,9,5,2579757,515951.4,0
bytes_tokio,comment_crlf_tcp,step1,10,6,2642114,440352.3333333333,0
bytes_tokio,comment_crlf_tcp,baseline,10,5,2115372,423074.4,0
bytes_tokio,comment_crlf_tcp,core,10,2,2011930,1005965,0
bytes_tokio,comment_crlf_tcp,baseline,11,5,2122725,424545,0
bytes_tokio,comment_crlf_tcp,core,11,2,2086569,1043284.5,0
bytes_tokio,comment_crlf_tcp,step1,11,6,2553417,425569.5,0
bytes_tokio,comment_crlf_tcp,core,12,2,2004594,1002297,0
bytes_tokio,comment_crlf_tcp,step1,12,6,2541413,423568.8333333333,0
bytes_tokio,comment_crlf_tcp,baseline,12,5,2118553,423710.6,0
bytes_tokio,comment_crlf_tcp,step1,13,6,2769010,461501.6666666667,0
bytes_tokio,comment_crlf_tcp,baseline,13,5,2110851,422170.2,0
bytes_tokio,comment_crlf_tcp,core,13,2,2001748,1000874,0
bytes_tokio,comment_crlf_tcp,core,14,2,2014680,1007340,0
bytes_tokio,comment_crlf_tcp,step1,14,6,2530285,421714.1666666667,0
bytes_tokio,comment_crlf_tcp,baseline,14,5,2117916,423583.2,0
bytes_tokio,comment_crlf_tcp,core,15,2,1997270,998635,0
bytes_tokio,comment_crlf_tcp,baseline,15,5,2116303,423260.6,0
bytes_tokio,comment_crlf_tcp,step1,15,6,2607820,434636.6666666667,0
bytes_tokio,comment_crlf_tcp,core,16,2,2096136,1048068,0
bytes_tokio,comment_crlf_tcp,step1,16,6,2561357,426892.8333333333,0
bytes_tokio,comment_crlf_tcp,baseline,16,5,2127590,425518,0
bytes_tokio,comment_crlf_tcp,core,17,2,2181923,1090961.5,0
bytes_tokio,comment_crlf_tcp,step1,17,6,2571594,428599,0
bytes_tokio,comment_crlf_tcp,baseline,17,5,2115318,423063.6,0
bytes_tokio,comment_crlf_tcp,baseline,18,5,2108465,421693,0
bytes_tokio,comment_crlf_tcp,step1,18,6,2530758,421793,0
bytes_tokio,comment_crlf_tcp,core,18,2,2011596,1005798,0
bytes_tokio,comment_crlf_tcp,core,19,2,2017660,1008830,0
bytes_tokio,comment_crlf_tcp,baseline,19,5,2117632,423526.4,0
bytes_tokio,comment_crlf_tcp,step1,19,6,2530404,421734,0
bytes_tokio,comment_crlf_tcp,core,20,2,2008674,1004337,0
bytes_tokio,comment_crlf_tcp,baseline,20,5,2117096,423419.2,0
bytes_tokio,comment_crlf_tcp,step1,20,6,2534082,422347,0
bytes_tokio,comment_crlf_tcp,step1,21,6,2532501,422083.5,0
bytes_tokio,comment_crlf_tcp,core,21,2,1999197,999598.5,0
bytes_tokio,comment_crlf_tcp,baseline,21,5,2126446,425289.2,0
bytes_tokio,comment_crlf_tcp,core,22,2,2009618,1004809,0
bytes_tokio,comment_crlf_tcp,step1,22,6,2529585,421597.5,0
bytes_tokio,comment_crlf_tcp,baseline,22,5,2122854,424570.8,0
bytes_tokio,comment_crlf_tcp,core,23,2,1995649,997824.5,0
bytes_tokio,comment_crlf_tcp,baseline,23,5,2109779,421955.8,0
bytes_tokio,comment_crlf_tcp,step1,23,6,2736289,456048.1666666667,0
bytes_tokio,comment_crlf_tcp,core,24,2,4651894,2325947,0
bytes_tokio,comment_crlf_tcp,baseline,24,5,2595586,519117.2,0
bytes_tokio,comment_crlf_tcp,step1,24,6,2569120,428186.6666666667,0
bytes_tokio,comment_crlf_tcp,step1,25,6,2537364,422894,0
bytes_tokio,comment_crlf_tcp,baseline,25,5,2112815,422563,0
bytes_tokio,comment_crlf_tcp,core,25,2,2008394,1004197,0
bytes_tokio,comment_crlf_tcp,core,26,2,2035128,1017564,0
bytes_tokio,comment_crlf_tcp,baseline,26,5,2119785,423957,0
bytes_tokio,comment_crlf_tcp,step1,26,6,2531248,421874.6666666667,0
bytes_tokio,comment_crlf_tcp,step1,27,6,2534315,422385.8333333333,0
bytes_tokio,comment_crlf_tcp,core,27,2,1998968,999484,0
bytes_tokio,comment_crlf_tcp,baseline,27,5,2114565,422913,0
bytes_tokio,comment_crlf_tcp,core,28,2,2010697,1005348.5,0
bytes_tokio,comment_crlf_tcp,step1,28,6,2531416,421902.6666666667,0
bytes_tokio,comment_crlf_tcp,baseline,28,5,2110723,422144.6,0
bytes_tokio,comment_crlf_tcp,step1,29,6,2531156,421859.3333333333,0
bytes_tokio,comment_crlf_tcp,baseline,29,5,2118463,423692.6,0
bytes_tokio,comment_crlf_tcp,core,29,2,2011554,1005777,0
bytes_tokio,comment_crlf_tcp,core,30,2,1996494,998247,0
bytes_tokio,comment_crlf_tcp,step1,30,6,2533744,422290.6666666667,0
bytes_tokio,comment_crlf_tcp,baseline,30,5,2109698,421939.6,0
encode_owned,small_json,baseline,0,14285,1057383,74.02051102555127,1
encode_owned,small_json,step1,0,46153,987890,21.404675752388794,1
encode_owned,small_json,step1,1,46153,1023741,22.181461660130434,1
encode_owned,small_json,baseline,1,14285,1083896,75.87651382569129,1
encode_owned,small_json,baseline,2,14285,1100822,77.06139306965348,1
encode_owned,small_json,step1,2,46153,1053723,22.83108356986545,1
encode_owned,small_json,baseline,3,14285,1057012,73.99453972698635,1
encode_owned,small_json,step1,3,46153,1054423,22.846250514592768,1
encode_owned,small_json,baseline,4,14285,1068901,74.82681134056703,1
encode_owned,small_json,step1,4,46153,1014649,21.984464715186444,1
encode_owned,small_json,step1,5,46153,987059,21.386670422291076,1
encode_owned,small_json,baseline,5,14285,1117444,78.22499124956248,1
encode_owned,small_json,step1,6,46153,1071486,23.21595562585314,1
encode_owned,small_json,baseline,6,14285,1089644,76.27889394469723,1
encode_owned,small_json,baseline,7,14285,1067215,74.70878543927196,1
encode_owned,small_json,step1,7,46153,1043730,22.614564600351006,1
encode_owned,small_json,step1,8,46153,1042121,22.579702294542066,1
encode_owned,small_json,baseline,8,14285,1110003,77.70409520476024,1
encode_owned,small_json,step1,9,46153,1042656,22.591294173726517,1
encode_owned,small_json,baseline,9,14285,1072769,75.09758487924397,1
encode_owned,small_json,step1,10,46153,991350,21.479643793469545,1
encode_owned,small_json,baseline,10,14285,1060340,74.22751137556878,1
encode_owned,small_json,step1,11,46153,1003943,21.752497129114033,1
encode_owned,small_json,baseline,11,14285,1070642,74.94868743437172,1
encode_owned,small_json,step1,12,46153,999684,21.66021710398024,1
encode_owned,small_json,baseline,12,14285,1074431,75.21393069653483,1
encode_owned,small_json,baseline,13,14285,1061748,74.32607630381519,1
encode_owned,small_json,step1,13,46153,1066606,23.110220354039825,1
encode_owned,small_json,baseline,14,14285,1097303,76.81505075253763,1
encode_owned,small_json,step1,14,46153,1033897,22.401512361059954,1
encode_owned,small_json,baseline,15,14285,1077921,75.45824291214561,1
encode_owned,small_json,step1,15,46153,1017314,22.042207440469742,1
encode_owned,small_json,baseline,16,14285,1072569,75.08358417920896,1
encode_owned,small_json,step1,16,46153,1034954,22.424414447598206,1
encode_owned,small_json,step1,17,46153,1010128,21.886507919311853,1
encode_owned,small_json,baseline,17,14285,1071718,75.02401120056003,1
encode_owned,small_json,baseline,18,14285,1061792,74.32915645782289,1
encode_owned,small_json,step1,18,46153,1011185,21.909410005850106,1
encode_owned,small_json,step1,19,46153,1015142,21.995146577687258,1
encode_owned,small_json,baseline,19,14285,1091414,76.402800140007,1
encode_owned,small_json,step1,20,46153,1005707,21.79071782982688,1
encode_owned,small_json,baseline,20,14285,1083827,75.87168358417921,1
encode_owned,small_json,step1,21,46153,1071909,23.22512079388122,1
encode_owned,small_json,baseline,21,14285,1082906,75.80721036051803,1
encode_owned,small_json,step1,22,46153,1016970,22.034753970489458,1
encode_owned,small_json,baseline,22,14285,1078433,75.4940847042352,1
encode_owned,small_json,baseline,23,14285,1071571,75.0137206860343,1
encode_owned,small_json,step1,23,46153,1062876,23.029402205707104,1
encode_owned,small_json,baseline,24,14285,1072641,75.08862443122156,1
encode_owned,small_json,step1,24,46153,1051520,22.78335102810218,1
encode_owned,small_json,baseline,25,14285,1072899,75.10668533426671,1
encode_owned,small_json,step1,25,46153,1049960,22.749550408424156,1
encode_owned,small_json,baseline,26,14285,1081224,75.68946447322367,1
encode_owned,small_json,step1,26,46153,1016474,22.024007106796958,1
encode_owned,small_json,step1,27,46153,994769,21.553723484930558,1
encode_owned,small_json,baseline,27,14285,1078714,75.5137556877844,1
encode_owned,small_json,step1,28,46153,1002015,21.710723029922214,1
encode_owned,small_json,baseline,28,14285,1083879,75.87532376618832,1
encode_owned,small_json,baseline,29,14285,1040635,72.84809240462023,1
encode_owned,small_json,step1,29,46153,1004741,21.76978744610318,1
encode_owned,small_json,step1,30,46153,986814,21.381361991636513,1
encode_owned,small_json,baseline,30,14285,1081943,75.7397969898495,1
encode_owned,metadata_json,baseline,0,8571,1219234,142.2510792206277,1
encode_owned,metadata_json,step1,0,18292,1018856,55.69954078285589,1
encode_owned,metadata_json,step1,1,18292,1018432,55.67636125082003,1
encode_owned,metadata_json,baseline,1,8571,1215712,141.8401586746004,1
encode_owned,metadata_json,baseline,2,8571,1225316,142.9606813674017,1
encode_owned,metadata_json,step1,2,18292,1036328,56.654712442597855,1
encode_owned,metadata_json,baseline,3,8571,1224880,142.90981215727453,1
encode_owned,metadata_json,step1,3,18292,1027212,56.15635250382681,1
encode_owned,metadata_json,baseline,4,8571,1224400,142.85380935713454,1
encode_owned,metadata_json,step1,4,18292,1018752,55.69385523726219,1
encode_owned,metadata_json,step1,5,18292,1007761,55.09299147168161,1
encode_owned,metadata_json,baseline,5,8571,1209218,141.0824874577062,1
encode_owned,metadata_json,step1,6,18292,1011025,55.27143013339165,1
encode_owned,metadata_json,baseline,6,8571,1219501,142.2822307782056,1
encode_owned,metadata_json,baseline,7,8571,1210691,141.25434605063586,1
encode_owned,metadata_json,step1,7,18292,1035981,56.63574240104964,1
encode_owned,metadata_json,step1,8,18292,1008407,55.12830745681172,1
encode_owned,metadata_json,baseline,8,8571,1228479,143.3297164858243,1
encode_owned,metadata_json,step1,9,18292,1027518,56.17308112836213,1
encode_owned,metadata_json,baseline,9,8571,1218521,142.16789172791974,1
encode_owned,metadata_json,step1,10,18292,1033871,56.52039142794664,1
encode_owned,metadata_json,baseline,10,8571,1218232,142.13417337533542,1
encode_owned,metadata_json,step1,11,18292,1039961,56.85332385742401,1
encode_owned,metadata_json,baseline,11,8571,1218487,142.16392486290982,1
encode_owned,metadata_json,step1,12,18292,1041875,56.957959763831184,1
encode_owned,metadata_json,baseline,12,8571,1217907,142.09625481274063,1
encode_owned,metadata_json,baseline,13,8571,1226962,143.1527243028818,1
encode_owned,metadata_json,step1,13,18292,1026868,56.13754646840149,1
encode_owned,metadata_json,baseline,14,8571,1211370,141.3335666783339,1
encode_owned,metadata_json,step1,14,18292,1022272,55.886289088125956,1
encode_owned,metadata_json,baseline,15,8571,1213515,141.58382919145959,1
encode_owned,metadata_json,step1,15,18292,1016565,55.574294773671554,1
encode_owned,metadata_json,baseline,16,8571,1209149,141.07443705518608,1
encode_owned,metadata_json,step1,16,18292,1022258,55.88552372621911,1
encode_owned,metadata_json,step1,17,18292,1041115,56.91641154603105,1
encode_owned,metadata_json,baseline,17,8571,1231862,143.72441955431105,1
encode_owned,metadata_json,baseline,18,8571,1234873,144.0757204526893,1
encode_owned,metadata_json,step1,18,18292,1029772,56.296304395364096,1
encode_owned,metadata_json,step1,19,18292,1030004,56.30898753553466,1
encode_owned,metadata_json,baseline,19,8571,1230218,143.53260996383153,1
encode_owned,metadata_json,step1,20,18292,1029643,56.289252132079596,1
encode_owned,metadata_json,baseline,20,8571,1220439,142.39166958347917,1
encode_owned,metadata_json,step1,21,18292,1017850,55.64454406297835,1
encode_owned,metadata_json,baseline,21,8571,1225714,143.0071170225178,1
encode_owned,metadata_json,step1,22,18292,1040911,56.90525912967417,1
encode_owned,metadata_json,baseline,22,8571,1223057,142.6971181892428,1
encode_owned,metadata_json,baseline,23,8571,1202604,140.31081554077704,1
encode_owned,metadata_json,step1,23,18292,1029802,56.297944456593044,1
encode_owned,metadata_json,baseline,24,8571,1213345,141.56399486640998,1
encode_owned,metadata_json,step1,24,18292,1022991,55.925595888913186,1
encode_owned,metadata_json,baseline,25,8571,1217788,142.08237078520594,1
encode_owned,metadata_json,step1,25,18292,1021983,55.87048983162038,1
encode_owned,metadata_json,baseline,26,8571,1223170,142.71030218177575,1
encode_owned,metadata_json,step1,26,18292,1028504,56.22698447408703,1
encode_owned,metadata_json,step1,27,18292,1015445,55.51306582112399,1
encode_owned,metadata_json,baseline,27,8571,1232019,143.74273713685685,1
encode_owned,metadata_json,step1,28,18292,1047437,57.26202711567898,1
encode_owned,metadata_json,baseline,28,8571,1233789,143.9492474623731,1
encode_owned,metadata_json,baseline,29,8571,1204398,140.5201260063003,1
encode_owned,metadata_json,step1,29,18292,1032414,56.440739120927184,1
encode_owned,metadata_json,step1,30,18292,1029929,56.304887382462276,1
encode_owned,metadata_json,baseline,30,8571,1211107,141.3028818107572,1
encode_owned,large_ascii,baseline,0,2138,2772718,1296.8746492048645,1
encode_owned,large_ascii,step1,0,2309,2903478,1257.4612386314423,1
encode_owned,large_ascii,step1,1,2309,2923661,1266.2022520571677,1
encode_owned,large_ascii,baseline,1,2138,2808830,1313.7652011225443,1
encode_owned,large_ascii,baseline,2,2138,2787471,1303.7750233863424,1
encode_owned,large_ascii,step1,2,2309,2906040,1258.5708098744044,1
encode_owned,large_ascii,baseline,3,2138,2778407,1299.5355472404117,1
encode_owned,large_ascii,step1,3,2309,2909898,1260.2416630576006,1
encode_owned,large_ascii,baseline,4,2138,2777588,1299.1524789522919,1
encode_owned,large_ascii,step1,4,2309,2902702,1257.125162407969,1
encode_owned,large_ascii,step1,5,2309,2913983,1262.0108271979211,1
encode_owned,large_ascii,baseline,5,2138,2782115,1301.2698783910196,1
encode_owned,large_ascii,step1,6,2309,2898836,1255.4508445214378,1
encode_owned,large_ascii,baseline,6,2138,2789507,1304.7273152478951,1
encode_owned,large_ascii,baseline,7,2138,2781109,1300.7993451824134,1
encode_owned,large_ascii,step1,7,2309,2900609,1256.2187093980078,1
encode_owned,large_ascii,step1,8,2309,2907180,1259.0645300996102,1
encode_owned,large_ascii,baseline,8,2138,2812685,1315.568288119738,1
encode_owned,large_ascii,step1,9,2309,2915930,1262.8540493720225,1
encode_owned,large_ascii,baseline,9,2138,2785861,1303.0219831618335,1
encode_owned,large_ascii,step1,10,2309,2913909,1261.9787786920745,1
encode_owned,large_ascii,baseline,10,2138,2780551,1300.5383536014967,1
encode_owned,large_ascii,step1,11,2309,2911034,1260.733650931139,1
encode_owned,large_ascii,baseline,11,2138,2779064,1299.842843779233,1
encode_owned,large_ascii,step1,12,2309,2907365,1259.144651364227,1
encode_owned,large_ascii,baseline,12,2138,2777262,1299,1
encode_owned,large_ascii,baseline,13,2138,2780249,1300.3971000935453,1
encode_owned,large_ascii,step1,13,2309,2899513,1255.7440450411434,1
encode_owned,large_ascii,baseline,14,2138,2791680,1305.7436856875584,1
encode_owned,large_ascii,step1,14,2309,2898873,1255.4668687743613,1
encode_owned,large_ascii,baseline,15,2138,2782725,1301.5551917680075,1
encode_owned,large_ascii,step1,15,2309,2912197,1261.2373321784323,1
encode_owned,large_ascii,baseline,16,2138,2777729,1299.2184284377922,1
encode_owned,large_ascii,step1,16,2309,2901938,1256.7942832394976,1
encode_owned,large_ascii,step1,17,2309,2904936,1258.0926808142053,1
encode_owned,large_ascii,baseline,17,2138,2781838,1301.1403180542563,1
encode_owned,large_ascii,baseline,18,2138,2778800,1299.7193638914873,1
encode_owned,large_ascii,step1,18,2309,2900524,1256.1818969250758,1
encode_owned,large_ascii,step1,19,2309,2900309,1256.0887830229537,1
encode_owned,large_ascii,baseline,19,2138,2793741,1306.7076707202993,1
encode_owned,large_ascii,step1,20,2309,2899143,1255.5838025119099,1
encode_owned,large_ascii,baseline,20,2138,2782993,1301.680542563143,1
encode_owned,large_ascii,step1,21,2309,2936604,1271.8077089649198,1
encode_owned,large_ascii,baseline,21,2138,2783846,1302.0795135640785,1
encode_owned,large_ascii,step1,22,2309,2900856,1256.325682113469,1
encode_owned,large_ascii,baseline,22,2138,2787675,1303.8704396632368,1
encode_owned,large_ascii,baseline,23,2138,2783898,1302.1038353601496,1
encode_owned,large_ascii,step1,23,2309,2899194,1255.605889995669,1
encode_owned,large_ascii,baseline,24,2138,2776780,1298.7745556594948,1
encode_owned,large_ascii,step1,24,2309,2900843,1256.32005197055,1
encode_owned,large_ascii,baseline,25,2138,2785709,1302.9508886810104,1
encode_owned,large_ascii,step1,25,2309,2909869,1260.229103508012,1
encode_owned,large_ascii,baseline,26,2138,2773582,1297.2787652011225,1
encode_owned,large_ascii,step1,26,2309,2898975,1255.5110437418796,1
encode_owned,large_ascii,step1,27,2309,2908405,1259.595062797748,1
encode_owned,large_ascii,baseline,27,2138,2782334,1301.3723105706267,1
encode_owned,large_ascii,step1,28,2309,2897849,1255.0233867475097,1
encode_owned,large_ascii,baseline,28,2138,2787202,1303.6492048643593,1
encode_owned,large_ascii,baseline,29,2138,2787085,1303.5944808231993,1
encode_owned,large_ascii,step1,29,2309,2899061,1255.5482893027286,1
encode_owned,large_ascii,step1,30,2309,2901173,1256.4629709831095,1
encode_owned,large_ascii,baseline,30,2138,2784752,1302.5032740879326,1
encode_owned,large_utf8,baseline,0,1447,2773739,1916.889426399447,1
encode_owned,large_utf8,step1,0,2377,2905947,1222.5271350441733,1
encode_owned,large_utf8,step1,1,2377,2906924,1222.9381573411863,1
encode_owned,large_utf8,baseline,1,1447,2741064,1894.308223911541,1
encode_owned,large_utf8,baseline,2,1447,2743229,1895.804422944022,1
encode_owned,large_utf8,step1,2,2377,2918535,1227.8228859907447,1
encode_owned,large_utf8,baseline,3,1447,2739631,1893.3178991015895,1
encode_owned,large_utf8,step1,3,2377,2901760,1220.765671013883,1
encode_owned,large_utf8,baseline,4,1447,2738672,1892.6551485832758,1
encode_owned,large_utf8,step1,4,2377,2905584,1222.374421539756,1
encode_owned,large_utf8,step1,5,2377,2906719,1222.8519141775348,1
encode_owned,large_utf8,baseline,5,1447,2745823,1897.5970974429854,1
encode_owned,large_utf8,step1,6,2377,2905820,1222.4737063525452,1
encode_owned,large_utf8,baseline,6,1447,2783916,1923.922598479613,1
encode_owned,large_utf8,baseline,7,1447,2739895,1893.5003455425017,1
encode_owned,large_utf8,step1,7,2377,2898608,1219.439629785444,1
encode_owned,large_utf8,step1,8,2377,2920428,1228.6192679848548,1
encode_owned,large_utf8,baseline,8,1447,2739192,1893.0145127850726,1
encode_owned,large_utf8,step1,9,2377,2933028,1233.9200673117375,1
encode_owned,large_utf8,baseline,9,1447,2740595,1893.9841050449206,1
encode_owned,large_utf8,step1,10,2377,2904490,1221.9141775347075,1
encode_owned,large_utf8,baseline,10,1447,2746786,1898.262612301313,1
encode_owned,large_utf8,step1,11,2377,2919807,1228.3580143037443,1
encode_owned,large_utf8,baseline,11,1447,2742755,1895.4768486523842,1
encode_owned,large_utf8,step1,12,2377,2906260,1222.6588136306268,1
encode_owned,large_utf8,baseline,12,1447,2747365,1898.6627505183137,1
encode_owned,large_utf8,baseline,13,1447,2741539,1894.6364892881825,1
encode_owned,large_utf8,step1,13,2377,2904002,1221.7088767353807,1
encode_owned,large_utf8,baseline,14,1447,2752453,1902.178991015895,1
encode_owned,large_utf8,step1,14,2377,2899426,1219.7837610433319,1
encode_owned,large_utf8,baseline,15,1447,2742788,1895.4996544574983,1
encode_owned,large_utf8,step1,15,2377,2915529,1226.5582667227598,1
encode_owned,large_utf8,baseline,16,1447,2750279,1900.676572218383,1
encode_owned,large_utf8,step1,16,2377,2905062,1222.1548169962136,1
encode_owned,large_utf8,step1,17,2377,2904867,1222.0727808161548,1
encode_owned,large_utf8,baseline,17,1447,2750344,1900.7214927436075,1
encode_owned,large_utf8,baseline,18,1447,2739127,1892.969592259848,1
encode_owned,large_utf8,step1,18,2377,2907369,1223.1253681110643,1
encode_owned,large_utf8,step1,19,2377,2900552,1220.2574673958773,1
encode_owned,large_utf8,baseline,19,1447,2749406,1900.0732550103662,1
encode_owned,large_utf8,step1,20,2377,2913475,1225.6941522928062,1
encode_owned,large_utf8,baseline,20,1447,2750298,1900.6897028334486,1
encode_owned,large_utf8,step1,21,2377,2907085,1223.0058897770298,1
encode_owned,large_utf8,baseline,21,1447,2778362,1920.0843123704215,1
encode_owned,large_utf8,step1,22,2377,2915010,1226.3399242742953,1
encode_owned,large_utf8,baseline,22,1447,2740325,1893.7975120939875,1
encode_owned,large_utf8,baseline,23,1447,2757941,1905.9716655148584,1
encode_owned,large_utf8,step1,23,2377,2901845,1220.8014303744214,1
encode_owned,large_utf8,baseline,24,1447,2750061,1900.5259156876295,1
encode_owned,large_utf8,step1,24,2377,2897712,1219.0626840555321,1
encode_owned,large_utf8,baseline,25,1447,2745717,1897.5238424326192,1
encode_owned,large_utf8,step1,25,2377,2898583,1219.429112326462,1
encode_owned,large_utf8,baseline,26,1447,2755539,1904.3116793365584,1
encode_owned,large_utf8,step1,26,2377,2904378,1221.8670593184686,1
encode_owned,large_utf8,step1,27,2377,2905112,1222.1758519141774,1
encode_owned,large_utf8,baseline,27,1447,2739655,1893.3344851416725,1
encode_owned,large_utf8,step1,28,2377,2899027,1219.6159023979806,1
encode_owned,large_utf8,baseline,28,1447,2748755,1899.6233586731169,1
encode_owned,large_utf8,baseline,29,1447,2757232,1905.4816862474083,1
encode_owned,large_utf8,step1,29,2377,2898466,1219.3798906184265,1
encode_owned,large_utf8,step1,30,2377,2903193,1221.3685317627262,1
encode_owned,large_utf8,baseline,30,1447,2743629,1896.0808569454043,1
encode_owned,empty_with_retry,baseline,0,7352,795119,108.15002720348204,1
encode_owned,empty_with_retry,step1,0,19480,782207,40.15436344969199,1
encode_owned,empty_with_retry,step1,1,19480,801200,41.12936344969199,1
encode_owned,empty_with_retry,baseline,1,7352,817254,111.1607725788901,1
encode_owned,empty_with_retry,baseline,2,7352,817232,111.15778019586507,1
encode_owned,empty_with_retry,step1,2,19480,799227,41.028080082135524,1
encode_owned,empty_with_retry,baseline,3,7352,807993,109.90111534276387,1
encode_owned,empty_with_retry,step1,3,19480,791013,40.60641683778234,1
encode_owned,empty_with_retry,baseline,4,7352,814463,110.78114798694233,1
encode_owned,empty_with_retry,step1,4,19480,778568,39.96755646817248,1
encode_owned,empty_with_retry,step1,5,19480,799671,41.0508726899384,1
encode_owned,empty_with_retry,baseline,5,7352,818534,111.33487486398259,1
encode_owned,empty_with_retry,step1,6,19480,807688,41.46242299794661,1
encode_owned,empty_with_retry,baseline,6,7352,823205,111.97021218715996,1
encode_owned,empty_with_retry,baseline,7,7352,828474,112.68688792165398,1
encode_owned,empty_with_retry,step1,7,19480,812180,41.69301848049281,1
encode_owned,empty_with_retry,step1,8,19480,807738,41.46498973305955,1
encode_owned,empty_with_retry,baseline,8,7352,829977,112.89132208922742,1
encode_owned,empty_with_retry,step1,9,19480,819291,42.05805954825462,1
encode_owned,empty_with_retry,baseline,9,7352,825459,112.27679542981501,1
encode_owned,empty_with_retry,step1,10,19480,814439,41.80898357289528,1
encode_owned,empty_with_retry,baseline,10,7352,824018,112.08079434167574,1
encode_owned,empty_with_retry,step1,11,19480,821968,42.195482546201234,1
encode_owned,empty_with_retry,baseline,11,7352,834407,113.49387921653971,1
encode_owned,empty_with_retry,step1,12,19480,804573,41.30251540041068,1
encode_owned,empty_with_retry,baseline,12,7352,814951,110.84752448313384,1
encode_owned,empty_with_retry,baseline,13,7352,808534,109.97470076169749,1
encode_owned,empty_with_retry,step1,13,19480,808023,41.47962012320328,1
encode_owned,empty_with_retry,baseline,14,7352,815064,110.86289445048966,1
encode_owned,empty_with_retry,step1,14,19480,822575,42.22664271047228,1
encode_owned,empty_with_retry,baseline,15,7352,813231,110.6135745375408,1
encode_owned,empty_with_retry,step1,15,19480,802230,41.18223819301848,1
encode_owned,empty_with_retry,baseline,16,7352,835920,113.69967355821545,1
encode_owned,empty_with_retry,step1,16,19480,800404,41.08850102669405,1
encode_owned,empty_with_retry,step1,17,19480,802709,41.20682751540041,1
encode_owned,empty_with_retry,baseline,17,7352,999443,135.94164853101196,1
encode_owned,empty_with_retry,baseline,18,7352,817418,111.18307943416757,1
encode_owned,empty_with_retry,step1,18,19480,797311,40.929722792607805,1
encode_owned,empty_with_retry,step1,19,19480,779159,39.99789527720739,1
encode_owned,empty_with_retry,baseline,19,7352,816060,110.99836779107726,1
encode_owned,empty_with_retry,step1,20,19480,813807,41.77654004106776,1
encode_owned,empty_with_retry,baseline,20,7352,813214,110.61126224156692,1
encode_owned,empty_with_retry,step1,21,19480,811349,41.65035934291581,1
encode_owned,empty_with_retry,baseline,21,7352,808731,110.00149619151252,1
encode_owned,empty_with_retry,step1,22,19480,815881,41.88300821355236,1
encode_owned,empty_with_retry,baseline,22,7352,829821,112.87010337323177,1
encode_owned,empty_with_retry,baseline,23,7352,805445,109.55454298150163,1
encode_owned,empty_with_retry,step1,23,19480,792313,40.67315195071868,1
encode_owned,empty_with_retry,baseline,24,7352,820812,111.64472252448313,1
encode_owned,empty_with_retry,step1,24,19480,812138,41.690862422997945,1
encode_owned,empty_with_retry,baseline,25,7352,832977,113.29937431991294,1
encode_owned,empty_with_retry,step1,25,19480,811525,41.659394250513344,1
encode_owned,empty_with_retry,baseline,26,7352,813481,110.64757889009793,1
encode_owned,empty_with_retry,step1,26,19480,786143,40.35641683778234,1
encode_owned,empty_with_retry,step1,27,19480,785419,40.31925051334702,1
encode_owned,empty_with_retry,baseline,27,7352,815963,110.98517410228509,1
encode_owned,empty_with_retry,step1,28,19480,815527,41.86483572895277,1
encode_owned,empty_with_retry,baseline,28,7352,795954,108.26360174102285,1
encode_owned,empty_with_retry,baseline,29,7352,797881,108.52570729053319,1
encode_owned,empty_with_retry,step1,29,19480,798052,40.96776180698152,1
encode_owned,empty_with_retry,step1,30,19480,796320,40.878850102669404,1
encode_owned,empty_with_retry,baseline,30,7352,837301,113.88751360174102,1
