group,scenario,variant,round,iterations,total_ns,ns_per_iteration,events
decode,progress_data_event,core,0,19,2745516,144500.84210526315,3000
decode,progress_data_event,combined,0,19,2885690,151878.42105263157,3000
decode,progress_data_event,baseline,0,15,2712042,180802.8,3000
decode,progress_data_event,fused,0,18,2902961,161275.61111111112,3000
decode,progress_data_event,simd,0,16,2825071,176566.9375,3000
decode,progress_data_event,core,1,19,2759251,145223.73684210525,3000
decode,progress_data_event,baseline,1,15,2771409,184760.6,3000
decode,progress_data_event,simd,1,16,2834777,177173.5625,3000
decode,progress_data_event,fused,1,18,2929162,162731.22222222222,3000
decode,progress_data_event,combined,1,19,2902698,152773.57894736843,3000
decode,progress_data_event,core,2,19,2756431,145075.31578947368,3000
decode,progress_data_event,fused,2,18,2913429,161857.16666666666,3000
decode,progress_data_event,baseline,2,15,2673925,178261.66666666666,3000
decode,progress_data_event,simd,2,16,2821103,176318.9375,3000
decode,progress_data_event,combined,2,19,2911084,153214.94736842104,3000
decode,progress_data_event,baseline,3,15,2651718,176781.2,3000
decode,progress_data_event,fused,3,18,2909165,161620.27777777778,3000
decode,progress_data_event,combined,3,19,2877320,151437.8947368421,3000
decode,progress_data_event,core,3,19,2860576,150556.63157894736,3000
decode,progress_data_event,simd,3,16,2867510,179219.375,3000
decode,progress_data_event,baseline,4,15,2660671,177378.06666666668,3000
decode,progress_data_event,simd,4,16,2834382,177148.875,3000
decode,progress_data_event,combined,4,19,2932531,154343.73684210525,3000
decode,progress_data_event,fused,4,18,2954404,164133.55555555556,3000
decode,progress_data_event,core,4,19,2759491,145236.36842105264,3000
decode,progress_data_event,simd,5,16,2826922,176682.625,3000
decode,progress_data_event,fused,5,18,2906462,161470.11111111112,3000
decode,progress_data_event,baseline,5,15,2652082,176805.46666666667,3000
decode,progress_data_event,combined,5,19,2883849,151781.52631578947,3000
decode,progress_data_event,core,5,19,2759892,145257.47368421053,3000
decode,progress_data_event,simd,6,16,2930295,183143.4375,3000
decode,progress_data_event,fused,6,18,2937616,163200.88888888888,3000
decode,progress_data_event,baseline,6,15,2681645,178776.33333333334,3000
decode,progress_data_event,core,6,19,2804568,147608.84210526315,3000
decode,progress_data_event,combined,6,19,3116795,164041.84210526315,3000
decode,progress_data_event,simd,7,16,2835599,177224.9375,3000
decode,progress_data_event,core,7,19,2785628,146612,3000
decode,progress_data_event,combined,7,19,2915004,153421.26315789475,3000
decode,progress_data_event,baseline,7,15,2677800,178520,3000
decode,progress_data_event,fused,7,18,3149471,174970.61111111112,3000
decode,progress_data_event,combined,8,19,3121144,164270.73684210525,3000
decode,progress_data_event,baseline,8,15,2726884,181792.26666666666,3000
decode,progress_data_event,core,8,19,2772502,145921.15789473685,3000
decode,progress_data_event,simd,8,16,2851216,178201,3000
decode,progress_data_event,fused,8,18,2930901,162827.83333333334,3000
decode,progress_data_event,fused,9,18,2913446,161858.11111111112,3000
decode,progress_data_event,combined,9,19,2894743,152354.8947368421,3000
decode,progress_data_event,simd,9,16,2846302,177893.875,3000
decode,progress_data_event,core,9,19,2749617,144716.68421052632,3000
decode,progress_data_event,baseline,9,15,2659634,177308.93333333332,3000
decode,progress_data_event,combined,10,19,2876656,151402.94736842104,3000
decode,progress_data_event,fused,10,18,2905934,161440.77777777778,3000
decode,progress_data_event,baseline,10,15,2677613,178507.53333333333,3000
decode,progress_data_event,core,10,19,2841607,149558.26315789475,3000
decode,progress_data_event,simd,10,16,2831803,176987.6875,3000
decode,progress_data_event,core,11,19,2792728,146985.68421052632,3000
decode,progress_data_event,fused,11,18,2919314,162184.11111111112,3000
decode,progress_data_event,combined,11,19,2880291,151594.26315789475,3000
decode,progress_data_event,simd,11,16,2826827,176676.6875,3000
decode,progress_data_event,baseline,11,15,2666583,177772.2,3000
decode,progress_data_event,combined,12,19,2930536,154238.73684210525,3000
decode,progress_data_event,baseline,12,15,2677078,178471.86666666667,3000
decode,progress_data_event,core,12,19,2749613,144716.47368421053,3000
decode,progress_data_event,simd,12,16,2828172,176760.75,3000
decode,progress_data_event,fused,12,18,2989969,166109.38888888888,3000
decode,progress_data_event,core,13,19,2842700,149615.7894736842,3000
decode,progress_data_event,fused,13,18,2907045,161502.5,3000
decode,progress_data_event,baseline,13,15,2653693,176912.86666666667,3000
decode,progress_data_event,simd,13,16,2828968,176810.5,3000
decode,progress_data_event,combined,13,19,2886874,151940.73684210525,3000
decode,progress_data_event,combined,14,19,2881981,151683.2105263158,3000
decode,progress_data_event,fused,14,18,2924086,162449.22222222222,3000
decode,progress_data_event,core,14,19,2769023,145738.05263157896,3000
decode,progress_data_event,baseline,14,15,2646291,176419.4,3000
decode,progress_data_event,simd,14,16,2827472,176717,3000
decode,progress_data_event,combined,15,19,2907472,153024.84210526315,3000
decode,progress_data_event,core,15,19,2745423,144495.94736842104,3000
decode,progress_data_event,simd,15,16,2915555,182222.1875,3000
decode,progress_data_event,baseline,15,15,2661536,177435.73333333334,3000
decode,progress_data_event,fused,15,18,3145638,174757.66666666666,3000
decode,progress_data_event,baseline,16,15,2660600,177373.33333333334,3000
decode,progress_data_event,simd,16,16,2825178,176573.625,3000
decode,progress_data_event,fused,16,18,2919298,162183.22222222222,3000
decode,progress_data_event,combined,16,19,2882225,151696.05263157896,3000
decode,progress_data_event,core,16,19,2751966,144840.31578947368,3000
decode,progress_data_event,baseline,17,15,2657143,177142.86666666667,3000
decode,progress_data_event,combined,17,19,2874938,151312.52631578947,3000
decode,progress_data_event,simd,17,16,2817309,176081.8125,3000
decode,progress_data_event,fused,17,18,3204904,178050.22222222222,3000
decode,progress_data_event,core,17,19,2742041,144317.94736842104,3000
decode,progress_data_event,simd,18,16,2821368,176335.5,3000
decode,progress_data_event,fused,18,18,2908026,161557,3000
decode,progress_data_event,combined,18,19,2880802,151621.15789473685,3000
decode,progress_data_event,core,18,19,2768380,145704.2105263158,3000
decode,progress_data_event,baseline,18,15,2684817,178987.8,3000
decode,progress_data_event,core,19,19,2755409,145021.52631578947,3000
decode,progress_data_event,baseline,19,15,2701075,180071.66666666666,3000
decode,progress_data_event,fused,19,18,2928944,162719.11111111112,3000
decode,progress_data_event,simd,19,16,2824187,176511.6875,3000
decode,progress_data_event,combined,19,19,2897102,152479.05263157896,3000
decode,progress_data_event,core,20,19,2833791,149146.8947368421,3000
decode,progress_data_event,baseline,20,15,2675352,178356.8,3000
decode,progress_data_event,combined,20,19,3134592,164978.52631578947,3000
decode,progress_data_event,fused,20,18,3140682,174482.33333333334,3000
decode,progress_data_event,simd,20,16,2823019,176438.6875,3000
decode,progress_data_event,simd,21,16,2830287,176892.9375,3000
decode,progress_data_event,combined,21,19,3145895,165573.42105263157,3000
decode,progress_data_event,baseline,21,15,2663543,177569.53333333333,3000
decode,progress_data_event,fused,21,18,2947635,163757.5,3000
decode,progress_data_event,core,21,19,2823545,148607.63157894736,3000
decode,progress_data_event,simd,22,16,3230971,201935.6875,3000
decode,progress_data_event,combined,22,19,3463768,182303.57894736843,3000
decode,progress_data_event,core,22,19,3439386,181020.31578947368,3000
decode,progress_data_event,baseline,22,15,3161987,210799.13333333333,3000
decode,progress_data_event,fused,22,18,3583261,199070.05555555556,3000
decode,progress_data_event,combined,23,19,3316175,174535.52631578947,3000
decode,progress_data_event,core,23,19,3402694,179089.15789473685,3000
decode,progress_data_event,baseline,23,15,3195230,213015.33333333334,3000
decode,progress_data_event,simd,23,16,3343931,208995.6875,3000
decode,progress_data_event,fused,23,18,3543598,196866.55555555556,3000
decode,progress_data_event,fused,24,18,3653238,202957.66666666666,3000
decode,progress_data_event,core,24,19,3723708,195984.63157894736,3000
decode,progress_data_event,baseline,24,15,3454050,230270,3000
decode,progress_data_event,combined,24,19,3792475,199603.94736842104,3000
decode,progress_data_event,simd,24,16,3414116,213382.25,3000
decode,progress_data_event,fused,25,18,4047738,224874.33333333334,3000
decode,progress_data_event,combined,25,19,3809005,200473.94736842104,3000
decode,progress_data_event,core,25,19,3423081,180162.15789473685,3000
decode,progress_data_event,simd,25,16,3454207,215887.9375,3000
decode,progress_data_event,baseline,25,15,3220205,214680.33333333334,3000
decode,progress_data_event,baseline,26,15,3322289,221485.93333333332,3000
decode,progress_data_event,simd,26,16,3424346,214021.625,3000
decode,progress_data_event,fused,26,18,3941926,218995.88888888888,3000
decode,progress_data_event,core,26,19,3605277,189751.42105263157,3000
decode,progress_data_event,combined,26,19,3274346,172334,3000
decode,progress_data_event,core,27,19,3512219,184853.63157894736,3000
decode,progress_data_event,fused,27,18,3473458,192969.88888888888,3000
decode,progress_data_event,baseline,27,15,3217617,214507.8,3000
decode,progress_data_event,combined,27,19,3214484,169183.36842105264,3000
decode,progress_data_event,simd,27,16,3259746,203734.125,3000
decode,progress_data_event,fused,28,18,3382190,187899.44444444444,3000
decode,progress_data_event,combined,28,19,3128466,164656.1052631579,3000
decode,progress_data_event,simd,28,16,3231258,201953.625,3000
decode,progress_data_event,baseline,28,15,3329578,221971.86666666667,3000
decode,progress_data_event,core,28,19,2808622,147822.2105263158,3000
decode,progress_data_event,simd,29,16,2865148,179071.75,3000
decode,progress_data_event,core,29,19,2816279,148225.2105263158,3000
decode,progress_data_event,fused,29,18,2943059,163503.27777777778,3000
decode,progress_data_event,combined,29,19,2924300,153910.52631578947,3000
decode,progress_data_event,baseline,29,15,2704008,180267.2,3000
decode,progress_data_event,combined,30,19,3052336,160649.26315789475,3000
decode,progress_data_event,core,30,19,2844120,149690.52631578947,3000
decode,progress_data_event,simd,30,16,2874124,179632.75,3000
decode,progress_data_event,fused,30,18,2963988,164666,3000
decode,progress_data_event,baseline,30,15,2656931,177128.73333333334,3000
decode_json,progress_data_event,baseline,0,1,2894250,2894250,3000
decode_json,progress_data_event,core,0,1,2904721,2904721,3000
decode_json,progress_data_event,combined,0,1,2889708,2889708,3000
decode_json,progress_data_event,fused,0,1,2910572,2910572,3000
decode_json,progress_data_event,json_only,0,1,2717481,2717481,3000
decode_json,progress_data_event,simd,0,1,2931406,2931406,3000
decode_json,progress_data_event,combined,1,1,2884814,2884814,3000
decode_json,progress_data_event,simd,1,1,2907016,2907016,3000
decode_json,progress_data_event,baseline,1,1,2884913,2884913,3000
decode_json,progress_data_event,json_only,1,1,2727474,2727474,3000
decode_json,progress_data_event,core,1,1,2878850,2878850,3000
decode_json,progress_data_event,fused,1,1,2901397,2901397,3000
decode_json,progress_data_event,core,2,1,2944578,2944578,3000
decode_json,progress_data_event,simd,2,1,2893056,2893056,3000
decode_json,progress_data_event,combined,2,1,2870256,2870256,3000
decode_json,progress_data_event,json_only,2,1,2707112,2707112,3000
decode_json,progress_data_event,fused,2,1,2899124,2899124,3000
decode_json,progress_data_event,baseline,2,1,2903623,2903623,3000
decode_json,progress_data_event,baseline,3,1,2924532,2924532,3000
decode_json,progress_data_event,json_only,3,1,2715414,2715414,3000
decode_json,progress_data_event,combined,3,1,2874265,2874265,3000
decode_json,progress_data_event,fused,3,1,2864290,2864290,3000
decode_json,progress_data_event,core,3,1,2870746,2870746,3000
decode_json,progress_data_event,simd,3,1,2875676,2875676,3000
decode_json,progress_data_event,json_only,4,1,2743413,2743413,3000
decode_json,progress_data_event,simd,4,1,2878139,2878139,3000
decode_json,progress_data_event,fused,4,1,2866139,2866139,3000
decode_json,progress_data_event,combined,4,1,2842390,2842390,3000
decode_json,progress_data_event,core,4,1,2877703,2877703,3000
decode_json,progress_data_event,baseline,4,1,2910702,2910702,3000
decode_json,progress_data_event,simd,5,1,3804905,3804905,3000
decode_json,progress_data_event,baseline,5,1,5313769,5313769,3000
decode_json,progress_data_event,json_only,5,1,4996509,4996509,3000
decode_json,progress_data_event,core,5,1,5334742,5334742,3000
decode_json,progress_data_event,fused,5,1,5280067,5280067,3000
decode_json,progress_data_event,combined,5,1,3398934,3398934,3000
decode_json,progress_data_event,baseline,6,1,2936312,2936312,3000
decode_json,progress_data_event,json_only,6,1,2714525,2714525,3000
decode_json,progress_data_event,simd,6,1,2920396,2920396,3000
decode_json,progress_data_event,fused,6,1,2904433,2904433,3000
decode_json,progress_data_event,core,6,1,2908342,2908342,3000
decode_json,progress_data_event,combined,6,1,2866811,2866811,3000
decode_json,progress_data_event,fused,7,1,2901989,2901989,3000
decode_json,progress_data_event,combined,7,1,2908156,2908156,3000
decode_json,progress_data_event,simd,7,1,2894755,2894755,3000
decode_json,progress_data_event,json_only,7,1,2706407,2706407,3000
decode_json,progress_data_event,baseline,7,1,2892888,2892888,3000
decode_json,progress_data_event,core,7,1,2881538,2881538,3000
decode_json,progress_data_event,baseline,8,1,2903189,2903189,3000
decode_json,progress_data_event,core,8,1,2952113,2952113,3000
decode_json,progress_data_event,combined,8,1,2870361,2870361,3000
decode_json,progress_data_event,fused,8,1,2903725,2903725,3000
decode_json,progress_data_event,simd,8,1,2891402,2891402,3000
decode_json,progress_data_event,json_only,8,1,2708053,2708053,3000
decode_json,progress_data_event,core,9,1,2875666,2875666,3000
decode_json,progress_data_event,simd,9,1,2927464,2927464,3000
decode_json,progress_data_event,baseline,9,1,2890989,2890989,3000
decode_json,progress_data_event,combined,9,1,2839661,2839661,3000
decode_json,progress_data_event,fused,9,1,2853063,2853063,3000
decode_json,progress_data_event,json_only,9,1,2708475,2708475,3000
decode_json,progress_data_event,simd,10,1,2886832,2886832,3000
decode_json,progress_data_event,baseline,10,1,2907422,2907422,3000
decode_json,progress_data_event,combined,10,1,2840458,2840458,3000
decode_json,progress_data_event,json_only,10,1,2725915,2725915,3000
decode_json,progress_data_event,core,10,1,2874822,2874822,3000
decode_json,progress_data_event,fused,10,1,2924986,2924986,3000
decode_json,progress_data_event,combined,11,1,2847574,2847574,3000
decode_json,progress_data_event,fused,11,1,2891274,2891274,3000
decode_json,progress_data_event,json_only,11,1,2721668,2721668,3000
decode_json,progress_data_event,baseline,11,1,2982962,2982962,3000
decode_json,progress_data_event,simd,11,1,2885403,2885403,3000
decode_json,progress_data_event,core,11,1,2868046,2868046,3000
decode_json,progress_data_event,json_only,12,1,2715674,2715674,3000
decode_json,progress_data_event,combined,12,1,2897529,2897529,3000
decode_json,progress_data_event,simd,12,1,2878245,2878245,3000
decode_json,progress_data_event,core,12,1,2871226,2871226,3000
decode_json,progress_data_event,baseline,12,1,2885747,2885747,3000
decode_json,progress_data_event,fused,12,1,2911596,2911596,3000
decode_json,progress_data_event,fused,13,1,2997180,2997180,3000
decode_json,progress_data_event,baseline,13,1,2892720,2892720,3000
decode_json,progress_data_event,simd,13,1,2899103,2899103,3000
decode_json,progress_data_event,json_only,13,1,2735290,2735290,3000
decode_json,progress_data_event,core,13,1,2865551,2865551,3000
decode_json,progress_data_event,combined,13,1,2898619,2898619,3000
decode_json,progress_data_event,fused,14,1,2930195,2930195,3000
decode_json,progress_data_event,core,14,1,2926938,2926938,3000
decode_json,progress_data_event,combined,14,1,2849914,2849914,3000
decode_json,progress_data_event,json_only,14,1,2740342,2740342,3000
decode_json,progress_data_event,baseline,14,1,2883337,2883337,3000
decode_json,progress_data_event,simd,14,1,2895721,2895721,3000
decode_json,progress_data_event,core,15,1,2920478,2920478,3000
decode_json,progress_data_event,json_only,15,1,2719064,2719064,3000
decode_json,progress_data_event,fused,15,1,2857427,2857427,3000
decode_json,progress_data_event,simd,15,1,2875151,2875151,3000
decode_json,progress_data_event,combined,15,1,2843778,2843778,3000
decode_json,progress_data_event,baseline,15,1,2877908,2877908,3000
decode_json,progress_data_event,baseline,16,1,2913917,2913917,3000
decode_json,progress_data_event,combined,16,1,2841358,2841358,3000
decode_json,progress_data_event,core,16,1,2882614,2882614,3000
decode_json,progress_data_event,fused,16,1,2854630,2854630,3000
decode_json,progress_data_event,json_only,16,1,2716378,2716378,3000
decode_json,progress_data_event,simd,16,1,2882817,2882817,3000
decode_json,progress_data_event,combined,17,1,2867288,2867288,3000
decode_json,progress_data_event,baseline,17,1,2888996,2888996,3000
decode_json,progress_data_event,simd,17,1,2900061,2900061,3000
decode_json,progress_data_event,fused,17,1,2868276,2868276,3000
decode_json,progress_data_event,json_only,17,1,2760910,2760910,3000
decode_json,progress_data_event,core,17,1,2926954,2926954,3000
decode_json,progress_data_event,baseline,18,1,2893977,2893977,3000
decode_json,progress_data_event,combined,18,1,2836208,2836208,3000
decode_json,progress_data_event,fused,18,1,2856287,2856287,3000
decode_json,progress_data_event,simd,18,1,2885446,2885446,3000
decode_json,progress_data_event,core,18,1,2878647,2878647,3000
decode_json,progress_data_event,json_only,18,1,2740301,2740301,3000
decode_json,progress_data_event,json_only,19,1,2711047,2711047,3000
decode_json,progress_data_event,core,19,1,2870163,2870163,3000
decode_json,progress_data_event,baseline,19,1,2884104,2884104,3000
decode_json,progress_data_event,combined,19,1,2846328,2846328,3000
decode_json,progress_data_event,simd,19,1,2881922,2881922,3000
decode_json,progress_data_event,fused,19,1,2948642,2948642,3000
decode_json,progress_data_event,baseline,20,1,2902368,2902368,3000
decode_json,progress_data_event,core,20,1,2892955,2892955,3000
decode_json,progress_data_event,json_only,20,1,2719825,2719825,3000
decode_json,progress_data_event,combined,20,1,2880921,2880921,3000
decode_json,progress_data_event,simd,20,1,2919986,2919986,3000
decode_json,progress_data_event,fused,20,1,2906112,2906112,3000
decode_json,progress_data_event,fused,21,1,2864453,2864453,3000
decode_json,progress_data_event,combined,21,1,2847135,2847135,3000
decode_json,progress_data_event,core,21,1,2869501,2869501,3000
decode_json,progress_data_event,json_only,21,1,2720299,2720299,3000
decode_json,progress_data_event,baseline,21,1,2877914,2877914,3000
decode_json,progress_data_event,simd,21,1,2910369,2910369,3000
decode_json,progress_data_event,json_only,22,1,2702296,2702296,3000
decode_json,progress_data_event,core,22,1,2870440,2870440,3000
decode_json,progress_data_event,baseline,22,1,2888692,2888692,3000
decode_json,progress_data_event,simd,22,1,2898936,2898936,3000
decode_json,progress_data_event,fused,22,1,2926267,2926267,3000
decode_json,progress_data_event,combined,22,1,2856266,2856266,3000
decode_json,progress_data_event,simd,23,1,2888792,2888792,3000
decode_json,progress_data_event,core,23,1,2884737,2884737,3000
decode_json,progress_data_event,fused,23,1,2888976,2888976,3000
decode_json,progress_data_event,combined,23,1,2830449,2830449,3000
decode_json,progress_data_event,json_only,23,1,2786106,2786106,3000
decode_json,progress_data_event,baseline,23,1,2957590,2957590,3000
decode_json,progress_data_event,fused,24,1,2914758,2914758,3000
decode_json,progress_data_event,core,24,1,2875597,2875597,3000
decode_json,progress_data_event,simd,24,1,2907750,2907750,3000
decode_json,progress_data_event,json_only,24,1,2714288,2714288,3000
decode_json,progress_data_event,combined,24,1,2909777,2909777,3000
decode_json,progress_data_event,baseline,24,1,2876779,2876779,3000
decode_json,progress_data_event,fused,25,1,2910295,2910295,3000
decode_json,progress_data_event,core,25,1,2901157,2901157,3000
decode_json,progress_data_event,simd,25,1,2882548,2882548,3000
decode_json,progress_data_event,baseline,25,1,2893416,2893416,3000
decode_json,progress_data_event,json_only,25,1,2779742,2779742,3000
decode_json,progress_data_event,combined,25,1,2893282,2893282,3000
decode_json,progress_data_event,core,26,1,2929010,2929010,3000
decode_json,progress_data_event,combined,26,1,2846363,2846363,3000
decode_json,progress_data_event,baseline,26,1,3169589,3169589,3000
decode_json,progress_data_event,fused,26,1,2906070,2906070,3000
decode_json,progress_data_event,simd,26,1,2923071,2923071,3000
decode_json,progress_data_event,json_only,26,1,2714705,2714705,3000
decode_json,progress_data_event,json_only,27,1,2713178,2713178,3000
decode_json,progress_data_event,core,27,1,2867625,2867625,3000
decode_json,progress_data_event,combined,27,1,2837952,2837952,3000
decode_json,progress_data_event,baseline,27,1,2923880,2923880,3000
decode_json,progress_data_event,simd,27,1,2905414,2905414,3000
decode_json,progress_data_event,fused,27,1,2857742,2857742,3000
decode_json,progress_data_event,fused,28,1,2871673,2871673,3000
decode_json,progress_data_event,simd,28,1,2879829,2879829,3000
decode_json,progress_data_event,json_only,28,1,2714732,2714732,3000
decode_json,progress_data_event,core,28,1,2900354,2900354,3000
decode_json,progress_data_event,baseline,28,1,2881345,2881345,3000
decode_json,progress_data_event,combined,28,1,2849517,2849517,3000
decode_json,progress_data_event,simd,29,1,2873538,2873538,3000
decode_json,progress_data_event,json_only,29,1,2721921,2721921,3000
decode_json,progress_data_event,baseline,29,1,2901959,2901959,3000
decode_json,progress_data_event,core,29,1,2917094,2917094,3000
decode_json,progress_data_event,combined,29,1,2914567,2914567,3000
decode_json,progress_data_event,fused,29,1,2905936,2905936,3000
decode_json,progress_data_event,combined,30,1,2868903,2868903,3000
decode_json,progress_data_event,json_only,30,1,2700394,2700394,3000
decode_json,progress_data_event,baseline,30,1,2871716,2871716,3000
decode_json,progress_data_event,simd,30,1,2935688,2935688,3000
decode_json,progress_data_event,fused,30,1,2910637,2910637,3000
decode_json,progress_data_event,core,30,1,2877658,2877658,3000
encode,progress_data_event,direct,0,3,2986548,995516,3000
encode,progress_data_event,baseline,0,2,2487770,1243885,3000
encode,progress_data_event,reserved,0,2,2064970,1032485,3000
encode,progress_data_event,reserved,1,2,2047509,1023754.5,3000
encode,progress_data_event,direct,1,3,2967084,989028,3000
encode,progress_data_event,baseline,1,2,2464062,1232031,3000
encode,progress_data_event,reserved,2,2,2064947,1032473.5,3000
encode,progress_data_event,direct,2,3,2993810,997936.6666666666,3000
encode,progress_data_event,baseline,2,2,2485616,1242808,3000
encode,progress_data_event,direct,3,3,2955981,985327,3000
encode,progress_data_event,baseline,3,2,2500610,1250305,3000
encode,progress_data_event,reserved,3,2,2114049,1057024.5,3000
encode,progress_data_event,direct,4,3,2993881,997960.3333333334,3000
encode,progress_data_event,reserved,4,2,2130711,1065355.5,3000
encode,progress_data_event,baseline,4,2,2505479,1252739.5,3000
encode,progress_data_event,reserved,5,2,2073791,1036895.5,3000
encode,progress_data_event,direct,5,3,2962454,987484.6666666666,3000
encode,progress_data_event,baseline,5,2,2532557,1266278.5,3000
encode,progress_data_event,baseline,6,2,2512107,1256053.5,3000
encode,progress_data_event,reserved,6,2,2058143,1029071.5,3000
encode,progress_data_event,direct,6,3,2955516,985172,3000
encode,progress_data_event,baseline,7,2,2479408,1239704,3000
encode,progress_data_event,direct,7,3,3017729,1005909.6666666666,3000
encode,progress_data_event,reserved,7,2,2105279,1052639.5,3000
encode,progress_data_event,reserved,8,2,2157411,1078705.5,3000
encode,progress_data_event,baseline,8,2,2495083,1247541.5,3000
encode,progress_data_event,direct,8,3,3021424,1007141.3333333334,3000
encode,progress_data_event,baseline,9,2,2533262,1266631,3000
encode,progress_data_event,reserved,9,2,2064280,1032140,3000
encode,progress_data_event,direct,9,3,2957337,985779,3000
encode,progress_data_event,direct,10,3,3062630,1020876.6666666666,3000
encode,progress_data_event,reserved,10,2,2085909,1042954.5,3000
encode,progress_data_event,baseline,10,2,2493039,1246519.5,3000
encode,progress_data_event,reserved,11,2,2097087,1048543.5,3000
encode,progress_data_event,direct,11,3,2983241,994413.6666666666,3000
encode,progress_data_event,baseline,11,2,2469896,1234948,3000
encode,progress_data_event,baseline,12,2,2448275,1224137.5,3000
encode,progress_data_event,reserved,12,2,2169011,1084505.5,3000
encode,progress_data_event,direct,12,3,3049302,1016434,3000
encode,progress_data_event,reserved,13,2,2121492,1060746,3000
encode,progress_data_event,direct,13,3,3071443,1023814.3333333334,3000
encode,progress_data_event,baseline,13,2,2503657,1251828.5,3000
encode,progress_data_event,reserved,14,2,2178307,1089153.5,3000
encode,progress_data_event,baseline,14,2,2473055,1236527.5,3000
encode,progress_data_event,direct,14,3,2951667,983889,3000
encode,progress_data_event,reserved,15,2,2047360,1023680,3000
encode,progress_data_event,direct,15,3,2949174,983058,3000
encode,progress_data_event,baseline,15,2,2471124,1235562,3000
encode,progress_data_event,direct,16,3,3129434,1043144.6666666666,3000
encode,progress_data_event,reserved,16,2,2192153,1096076.5,3000
encode,progress_data_event,baseline,16,2,2518302,1259151,3000
encode,progress_data_event,reserved,17,2,2162210,1081105,3000
encode,progress_data_event,baseline,17,2,2546437,1273218.5,3000
encode,progress_data_event,direct,17,3,3044107,1014702.3333333334,3000
encode,progress_data_event,reserved,18,2,2110264,1055132,3000
encode,progress_data_event,direct,18,3,3017033,1005677.6666666666,3000
encode,progress_data_event,baseline,18,2,2474128,1237064,3000
encode,progress_data_event,direct,19,3,2976708,992236,3000
encode,progress_data_event,baseline,19,2,2484514,1242257,3000
encode,progress_data_event,reserved,19,2,2110535,1055267.5,3000
encode,progress_data_event,baseline,20,2,2480576,1240288,3000
encode,progress_data_event,reserved,20,2,2081313,1040656.5,3000
encode,progress_data_event,direct,20,3,3007860,1002620,3000
encode,progress_data_event,reserved,21,2,2089310,1044655,3000
encode,progress_data_event,direct,21,3,2995620,998540,3000
encode,progress_data_event,baseline,21,2,2484521,1242260.5,3000
encode,progress_data_event,direct,22,3,3100477,1033492.3333333334,3000
encode,progress_data_event,reserved,22,2,2161556,1080778,3000
encode,progress_data_event,baseline,22,2,2471352,1235676,3000
encode,progress_data_event,baseline,23,2,2493366,1246683,3000
encode,progress_data_event,direct,23,3,3352247,1117415.6666666667,3000
encode,progress_data_event,reserved,23,2,2415059,1207529.5,3000
encode,progress_data_event,direct,24,3,3444338,1148112.6666666667,3000
encode,progress_data_event,reserved,24,2,2056392,1028196,3000
encode,progress_data_event,baseline,24,2,2466187,1233093.5,3000
encode,progress_data_event,reserved,25,2,2070016,1035008,3000
encode,progress_data_event,baseline,25,2,2502188,1251094,3000
encode,progress_data_event,direct,25,3,3150138,1050046,3000
encode,progress_data_event,direct,26,3,3266923,1088974.3333333333,3000
encode,progress_data_event,reserved,26,2,2167653,1083826.5,3000
encode,progress_data_event,baseline,26,2,2517611,1258805.5,3000
encode,progress_data_event,reserved,27,2,2064835,1032417.5,3000
encode,progress_data_event,direct,27,3,2991282,997094,3000
encode,progress_data_event,baseline,27,2,2490501,1245250.5,3000
encode,progress_data_event,reserved,28,2,2070683,1035341.5,3000
encode,progress_data_event,baseline,28,2,2490204,1245102,3000
encode,progress_data_event,direct,28,3,2967781,989260.3333333334,3000
encode,progress_data_event,baseline,29,2,2470462,1235231,3000
encode,progress_data_event,direct,29,3,3125329,1041776.3333333334,3000
encode,progress_data_event,reserved,29,2,2215335,1107667.5,3000
encode,progress_data_event,reserved,30,2,2152236,1076118,3000
encode,progress_data_event,baseline,30,2,2944589,1472294.5,3000
encode,progress_data_event,direct,30,3,3464373,1154791,3000
decode,progress_data_1460,core,0,20,3026150,151307.5,3000
decode,progress_data_1460,combined,0,17,2662306,156606.23529411765,3000
decode,progress_data_1460,baseline,0,14,2906049,207574.92857142858,3000
decode,progress_data_1460,fused,0,20,3562261,178113.05,3000
decode,progress_data_1460,simd,0,14,2916823,208344.5,3000
decode,progress_data_1460,core,1,20,3038281,151914.05,3000
decode,progress_data_1460,baseline,1,14,2725411,194672.2142857143,3000
decode,progress_data_1460,simd,1,14,2798180,199870,3000
decode,progress_data_1460,fused,1,20,3882618,194130.9,3000
decode,progress_data_1460,combined,1,17,2680313,157665.4705882353,3000
decode,progress_data_1460,core,2,20,2827492,141374.6,3000
decode,progress_data_1460,fused,2,20,3915586,195779.3,3000
decode,progress_data_1460,baseline,2,14,2983937,213138.35714285713,3000
decode,progress_data_1460,simd,2,14,2430504,173607.42857142858,3000
decode,progress_data_1460,combined,2,17,2496568,146856.9411764706,3000
decode,progress_data_1460,baseline,3,14,2815289,201092.07142857142,3000
decode,progress_data_1460,fused,3,20,3633470,181673.5,3000
decode,progress_data_1460,combined,3,17,2710524,159442.58823529413,3000
decode,progress_data_1460,core,3,20,2909444,145472.2,3000
decode,progress_data_1460,simd,3,14,2892745,206624.64285714287,3000
decode,progress_data_1460,baseline,4,14,2688272,192019.42857142858,3000
decode,progress_data_1460,simd,4,14,2932397,209456.92857142858,3000
decode,progress_data_1460,combined,4,17,2614623,153801.35294117648,3000
decode,progress_data_1460,fused,4,20,3532591,176629.55,3000
decode,progress_data_1460,core,4,20,2582406,129120.3,3000
decode,progress_data_1460,simd,5,14,2791971,199426.5,3000
decode,progress_data_1460,fused,5,20,3701418,185070.9,3000
decode,progress_data_1460,baseline,5,14,2634939,188209.92857142858,3000
decode,progress_data_1460,combined,5,17,2501770,147162.9411764706,3000
decode,progress_data_1460,core,5,20,3209742,160487.1,3000
decode,progress_data_1460,simd,6,14,2540518,181465.57142857142,3000
decode,progress_data_1460,fused,6,20,2907604,145380.2,3000
decode,progress_data_1460,baseline,6,14,2497643,178403.07142857142,3000
decode,progress_data_1460,core,6,20,2486519,124325.95,3000
decode,progress_data_1460,combined,6,17,2099808,123518.11764705883,3000
decode,progress_data_1460,simd,7,14,2265258,161804.14285714287,3000
decode,progress_data_1460,core,7,20,2440299,122014.95,3000
decode,progress_data_1460,combined,7,17,2089591,122917.11764705883,3000
decode,progress_data_1460,baseline,7,14,2340382,167170.14285714287,3000
decode,progress_data_1460,fused,7,20,3473912,173695.6,3000
decode,progress_data_1460,combined,8,17,2269136,133478.58823529413,3000
decode,progress_data_1460,baseline,8,14,2328159,166297.07142857142,3000
decode,progress_data_1460,core,8,20,2420893,121044.65,3000
decode,progress_data_1460,simd,8,14,2325043,166074.5,3000
decode,progress_data_1460,fused,8,20,2996414,149820.7,3000
decode,progress_data_1460,fused,9,20,3087346,154367.3,3000
decode,progress_data_1460,combined,9,17,2082622,122507.17647058824,3000
decode,progress_data_1460,simd,9,14,2491675,177976.7857142857,3000
decode,progress_data_1460,core,9,20,2439144,121957.2,3000
decode,progress_data_1460,baseline,9,14,2438849,174203.5,3000
decode,progress_data_1460,combined,10,17,2432489,143087.58823529413,3000
decode,progress_data_1460,fused,10,20,3326443,166322.15,3000
decode,progress_data_1460,baseline,10,14,2290783,163627.35714285713,3000
decode,progress_data_1460,core,10,20,2440580,122029,3000
decode,progress_data_1460,simd,10,14,2311429,165102.07142857142,3000
decode,progress_data_1460,core,11,20,2454092,122704.6,3000
decode,progress_data_1460,fused,11,20,2980118,149005.9,3000
decode,progress_data_1460,combined,11,17,2060919,121230.5294117647,3000
decode,progress_data_1460,simd,11,14,2232396,159456.85714285713,3000
decode,progress_data_1460,baseline,11,14,2319578,165684.14285714287,3000
decode,progress_data_1460,combined,12,17,2392269,140721.70588235295,3000
decode,progress_data_1460,baseline,12,14,2325787,166127.64285714287,3000
decode,progress_data_1460,core,12,20,2397903,119895.15,3000
decode,progress_data_1460,simd,12,14,2258138,161295.57142857142,3000
decode,progress_data_1460,fused,12,20,2996221,149811.05,3000
decode,progress_data_1460,core,13,20,2405017,120250.85,3000
decode,progress_data_1460,fused,13,20,2916152,145807.6,3000
decode,progress_data_1460,baseline,13,14,2340592,167185.14285714287,3000
decode,progress_data_1460,simd,13,14,2238943,159924.5,3000
decode,progress_data_1460,combined,13,17,2253530,132560.58823529413,3000
decode,progress_data_1460,combined,14,17,2210748,130044,3000
decode,progress_data_1460,fused,14,20,3315285,165764.25,3000
decode,progress_data_1460,core,14,20,2386334,119316.7,3000
decode,progress_data_1460,baseline,14,14,2309082,164934.42857142858,3000
decode,progress_data_1460,simd,14,14,2219453,158532.35714285713,3000
decode,progress_data_1460,combined,15,17,2070008,121765.17647058824,3000
decode,progress_data_1460,core,15,20,2403472,120173.6,3000
decode,progress_data_1460,simd,15,14,2308802,164914.42857142858,3000
decode,progress_data_1460,baseline,15,14,2267354,161953.85714285713,3000
decode,progress_data_1460,fused,15,20,3149330,157466.5,3000
decode,progress_data_1460,baseline,16,14,2307660,164832.85714285713,3000
decode,progress_data_1460,simd,16,14,2228518,159179.85714285713,3000
decode,progress_data_1460,fused,16,20,2941230,147061.5,3000
decode,progress_data_1460,combined,16,17,2066761,121574.17647058824,3000
decode,progress_data_1460,core,16,20,2578820,128941,3000
decode,progress_data_1460,baseline,17,14,2346318,167594.14285714287,3000
decode,progress_data_1460,combined,17,17,2090564,122974.35294117648,3000
decode,progress_data_1460,simd,17,14,2230110,159293.57142857142,3000
decode,progress_data_1460,fused,17,20,2968412,148420.6,3000
decode,progress_data_1460,core,17,20,2366394,118319.7,3000
decode,progress_data_1460,simd,18,14,2266994,161928.14285714287,3000
decode,progress_data_1460,fused,18,20,2967903,148395.15,3000
decode,progress_data_1460,combined,18,17,2074809,122047.58823529411,3000
decode,progress_data_1460,core,18,20,2360836,118041.8,3000
decode,progress_data_1460,baseline,18,14,2337329,166952.07142857142,3000
decode,progress_data_1460,core,19,20,2397166,119858.3,3000
decode,progress_data_1460,baseline,19,14,2303253,164518.07142857142,3000
decode,progress_data_1460,fused,19,20,2956994,147849.7,3000
decode,progress_data_1460,simd,19,14,2429907,173564.7857142857,3000
decode,progress_data_1460,combined,19,17,2239989,131764.0588235294,3000
decode,progress_data_1460,core,20,20,2385401,119270.05,3000
decode,progress_data_1460,baseline,20,14,2307568,164826.2857142857,3000
decode,progress_data_1460,combined,20,17,2063239,121367,3000
decode,progress_data_1460,fused,20,20,2987476,149373.8,3000
decode,progress_data_1460,simd,20,14,2319950,165710.7142857143,3000
decode,progress_data_1460,simd,21,14,2189184,156370.2857142857,3000
decode,progress_data_1460,combined,21,17,2234189,131422.88235294117,3000
decode,progress_data_1460,baseline,21,14,2267830,161987.85714285713,3000
decode,progress_data_1460,fused,21,20,2917901,145895.05,3000
decode,progress_data_1460,core,21,20,2376968,118848.4,3000
decode,progress_data_1460,simd,22,14,2268285,162020.35714285713,3000
decode,progress_data_1460,combined,22,17,2263544,133149.64705882352,3000
decode,progress_data_1460,core,22,20,2451728,122586.4,3000
decode,progress_data_1460,baseline,22,14,2306411,164743.64285714287,3000
decode,progress_data_1460,fused,22,20,3114420,155721,3000
decode,progress_data_1460,combined,23,17,2256110,132712.35294117648,3000
decode,progress_data_1460,core,23,20,2368655,118432.75,3000
decode,progress_data_1460,baseline,23,14,2269414,162101,3000
decode,progress_data_1460,simd,23,14,2249857,160704.07142857142,3000
decode,progress_data_1460,fused,23,20,3003687,150184.35,3000
decode,progress_data_1460,fused,24,20,2947067,147353.35,3000
decode,progress_data_1460,core,24,20,2389296,119464.8,3000
decode,progress_data_1460,baseline,24,14,2329385,166384.64285714287,3000
decode,progress_data_1460,combined,24,17,2058780,121104.70588235294,3000
decode,progress_data_1460,simd,24,14,2242480,160177.14285714287,3000
decode,progress_data_1460,fused,25,20,2963521,148176.05,3000
decode,progress_data_1460,combined,25,17,2063530,121384.11764705883,3000
decode,progress_data_1460,core,25,20,2535253,126762.65,3000
decode,progress_data_1460,simd,25,14,2237530,159823.57142857142,3000
decode,progress_data_1460,baseline,25,14,2324041,166002.92857142858,3000
decode,progress_data_1460,baseline,26,14,2306008,164714.85714285713,3000
decode,progress_data_1460,simd,26,14,2285657,163261.2142857143,3000
decode,progress_data_1460,fused,26,20,2955271,147763.55,3000
decode,progress_data_1460,core,26,20,2380960,119048,3000
decode,progress_data_1460,combined,26,17,2068607,121682.76470588235,3000
decode,progress_data_1460,core,27,20,2395779,119788.95,3000
decode,progress_data_1460,fused,27,20,2913786,145689.3,3000
decode,progress_data_1460,baseline,27,14,2329447,166389.07142857142,3000
decode,progress_data_1460,combined,27,17,2025874,119169.05882352941,3000
decode,progress_data_1460,simd,27,14,2432290,173735,3000
decode,progress_data_1460,fused,28,20,3088387,154419.35,3000
decode,progress_data_1460,combined,28,17,2233633,131390.17647058822,3000
decode,progress_data_1460,simd,28,14,2199316,157094,3000
decode,progress_data_1460,baseline,28,14,2300261,164304.35714285713,3000
decode,progress_data_1460,core,28,20,2414453,120722.65,3000
decode,progress_data_1460,simd,29,14,2308198,164871.2857142857,3000
decode,progress_data_1460,core,29,20,2361638,118081.9,3000
decode,progress_data_1460,fused,29,20,2932426,146621.3,3000
decode,progress_data_1460,combined,29,17,2092485,123087.35294117648,3000
decode,progress_data_1460,baseline,29,14,2266281,161877.2142857143,3000
decode,progress_data_1460,combined,30,17,2053492,120793.64705882352,3000
decode,progress_data_1460,core,30,20,2343547,117177.35,3000
decode,progress_data_1460,simd,30,14,2198868,157062,3000
decode,progress_data_1460,fused,30,20,3042646,152132.3,3000
decode,progress_data_1460,baseline,30,14,2281077,162934.07142857142,3000
decode_json,progress_data_1460,baseline,0,1,2958673,2958673,3000
decode_json,progress_data_1460,core,0,1,2866523,2866523,3000
decode_json,progress_data_1460,combined,0,1,2859783,2859783,3000
decode_json,progress_data_1460,fused,0,1,2904238,2904238,3000
decode_json,progress_data_1460,json_only,0,1,2715802,2715802,3000
decode_json,progress_data_1460,simd,0,1,3117775,3117775,3000
decode_json,progress_data_1460,combined,1,1,2885171,2885171,3000
decode_json,progress_data_1460,simd,1,1,2923289,2923289,3000
decode_json,progress_data_1460,baseline,1,1,3038710,3038710,3000
decode_json,progress_data_1460,json_only,1,1,2753880,2753880,3000
decode_json,progress_data_1460,core,1,1,2892007,2892007,3000
decode_json,progress_data_1460,fused,1,1,2940083,2940083,3000
decode_json,progress_data_1460,core,2,1,2874059,2874059,3000
decode_json,progress_data_1460,simd,2,1,2921322,2921322,3000
decode_json,progress_data_1460,combined,2,1,3060144,3060144,3000
decode_json,progress_data_1460,json_only,2,1,2719573,2719573,3000
decode_json,progress_data_1460,fused,2,1,2916525,2916525,3000
decode_json,progress_data_1460,baseline,2,1,2930410,2930410,3000
decode_json,progress_data_1460,baseline,3,1,2954731,2954731,3000
decode_json,progress_data_1460,json_only,3,1,2719939,2719939,3000
decode_json,progress_data_1460,combined,3,1,2958282,2958282,3000
decode_json,progress_data_1460,fused,3,1,2969883,2969883,3000
decode_json,progress_data_1460,core,3,1,2852594,2852594,3000
decode_json,progress_data_1460,simd,3,1,2948616,2948616,3000
decode_json,progress_data_1460,json_only,4,1,2708524,2708524,3000
decode_json,progress_data_1460,simd,4,1,2925969,2925969,3000
decode_json,progress_data_1460,fused,4,1,2909677,2909677,3000
decode_json,progress_data_1460,combined,4,1,3020498,3020498,3000
decode_json,progress_data_1460,core,4,1,2880034,2880034,3000
decode_json,progress_data_1460,baseline,4,1,2953384,2953384,3000
decode_json,progress_data_1460,simd,5,1,2924847,2924847,3000
decode_json,progress_data_1460,baseline,5,1,2987046,2987046,3000
decode_json,progress_data_1460,json_only,5,1,2738222,2738222,3000
decode_json,progress_data_1460,core,5,1,2849887,2849887,3000
decode_json,progress_data_1460,fused,5,1,2955251,2955251,3000
decode_json,progress_data_1460,combined,5,1,2914829,2914829,3000
decode_json,progress_data_1460,baseline,6,1,2909632,2909632,3000
decode_json,progress_data_1460,json_only,6,1,2897692,2897692,3000
decode_json,progress_data_1460,simd,6,1,2942116,2942116,3000
decode_json,progress_data_1460,fused,6,1,2901556,2901556,3000
decode_json,progress_data_1460,core,6,1,2857951,2857951,3000
decode_json,progress_data_1460,combined,6,1,2895627,2895627,3000
decode_json,progress_data_1460,fused,7,1,2971057,2971057,3000
decode_json,progress_data_1460,combined,7,1,2867971,2867971,3000
decode_json,progress_data_1460,simd,7,1,2936014,2936014,3000
decode_json,progress_data_1460,json_only,7,1,2709733,2709733,3000
decode_json,progress_data_1460,baseline,7,1,2948542,2948542,3000
decode_json,progress_data_1460,core,7,1,2852095,2852095,3000
decode_json,progress_data_1460,baseline,8,1,3065794,3065794,3000
decode_json,progress_data_1460,core,8,1,3033536,3033536,3000
decode_json,progress_data_1460,combined,8,1,2882231,2882231,3000
decode_json,progress_data_1460,fused,8,1,2921192,2921192,3000
decode_json,progress_data_1460,simd,8,1,2964242,2964242,3000
decode_json,progress_data_1460,json_only,8,1,2736683,2736683,3000
decode_json,progress_data_1460,core,9,1,2922647,2922647,3000
decode_json,progress_data_1460,simd,9,1,2982142,2982142,3000
decode_json,progress_data_1460,baseline,9,1,2928751,2928751,3000
decode_json,progress_data_1460,combined,9,1,2899312,2899312,3000
decode_json,progress_data_1460,fused,9,1,2971901,2971901,3000
decode_json,progress_data_1460,json_only,9,1,2705463,2705463,3000
decode_json,progress_data_1460,simd,10,1,2924718,2924718,3000
decode_json,progress_data_1460,baseline,10,1,3114275,3114275,3000
decode_json,progress_data_1460,combined,10,1,2945150,2945150,3000
decode_json,progress_data_1460,json_only,10,1,2751569,2751569,3000
decode_json,progress_data_1460,core,10,1,2866619,2866619,3000
decode_json,progress_data_1460,fused,10,1,3039462,3039462,3000
decode_json,progress_data_1460,combined,11,1,2926486,2926486,3000
decode_json,progress_data_1460,fused,11,1,2959436,2959436,3000
decode_json,progress_data_1460,json_only,11,1,2728912,2728912,3000
decode_json,progress_data_1460,baseline,11,1,2964155,2964155,3000
decode_json,progress_data_1460,simd,11,1,2943900,2943900,3000
decode_json,progress_data_1460,core,11,1,3080450,3080450,3000
decode_json,progress_data_1460,json_only,12,1,2728155,2728155,3000
decode_json,progress_data_1460,combined,12,1,2890472,2890472,3000
decode_json,progress_data_1460,simd,12,1,2940787,2940787,3000
decode_json,progress_data_1460,core,12,1,2898550,2898550,3000
decode_json,progress_data_1460,baseline,12,1,2976862,2976862,3000
decode_json,progress_data_1460,fused,12,1,2971081,2971081,3000
decode_json,progress_data_1460,fused,13,1,2958723,2958723,3000
decode_json,progress_data_1460,baseline,13,1,2911119,2911119,3000
decode_json,progress_data_1460,simd,13,1,2931935,2931935,3000
decode_json,progress_data_1460,json_only,13,1,2743368,2743368,3000
decode_json,progress_data_1460,core,13,1,3028769,3028769,3000
decode_json,progress_data_1460,combined,13,1,2893998,2893998,3000
decode_json,progress_data_1460,fused,14,1,2903638,2903638,3000
decode_json,progress_data_1460,core,14,1,2853147,2853147,3000
decode_json,progress_data_1460,combined,14,1,2896610,2896610,3000
decode_json,progress_data_1460,json_only,14,1,2712672,2712672,3000
decode_json,progress_data_1460,baseline,14,1,2979119,2979119,3000
decode_json,progress_data_1460,simd,14,1,2925357,2925357,3000
decode_json,progress_data_1460,core,15,1,2854113,2854113,3000
decode_json,progress_data_1460,json_only,15,1,2709584,2709584,3000
decode_json,progress_data_1460,fused,15,1,2958298,2958298,3000
decode_json,progress_data_1460,simd,15,1,2933561,2933561,3000
decode_json,progress_data_1460,combined,15,1,3086533,3086533,3000
decode_json,progress_data_1460,baseline,15,1,2913815,2913815,3000
decode_json,progress_data_1460,baseline,16,1,2924999,2924999,3000
decode_json,progress_data_1460,combined,16,1,2926061,2926061,3000
decode_json,progress_data_1460,core,16,1,2882650,2882650,3000
decode_json,progress_data_1460,fused,16,1,2926468,2926468,3000
decode_json,progress_data_1460,json_only,16,1,2749780,2749780,3000
decode_json,progress_data_1460,simd,16,1,3078074,3078074,3000
decode_json,progress_data_1460,combined,17,1,2914237,2914237,3000
decode_json,progress_data_1460,baseline,17,1,3015833,3015833,3000
decode_json,progress_data_1460,simd,17,1,2957499,2957499,3000
decode_json,progress_data_1460,fused,17,1,2980668,2980668,3000
decode_json,progress_data_1460,json_only,17,1,3229030,3229030,3000
decode_json,progress_data_1460,core,17,1,2920277,2920277,3000
decode_json,progress_data_1460,baseline,18,1,3137338,3137338,3000
decode_json,progress_data_1460,combined,18,1,3035315,3035315,3000
decode_json,progress_data_1460,fused,18,1,2994630,2994630,3000
decode_json,progress_data_1460,simd,18,1,2970414,2970414,3000
decode_json,progress_data_1460,core,18,1,2877984,2877984,3000
decode_json,progress_data_1460,json_only,18,1,2723424,2723424,3000
decode_json,progress_data_1460,json_only,19,1,2706832,2706832,3000
decode_json,progress_data_1460,core,19,1,2877715,2877715,3000
decode_json,progress_data_1460,baseline,19,1,3069207,3069207,3000
decode_json,progress_data_1460,combined,19,1,2920159,2920159,3000
decode_json,progress_data_1460,simd,19,1,2982055,2982055,3000
decode_json,progress_data_1460,fused,19,1,2918675,2918675,3000
decode_json,progress_data_1460,baseline,20,1,3068089,3068089,3000
decode_json,progress_data_1460,core,20,1,2898131,2898131,3000
decode_json,progress_data_1460,json_only,20,1,2755276,2755276,3000
decode_json,progress_data_1460,combined,20,1,2877422,2877422,3000
decode_json,progress_data_1460,simd,20,1,3065375,3065375,3000
decode_json,progress_data_1460,fused,20,1,2960731,2960731,3000
decode_json,progress_data_1460,fused,21,1,3018592,3018592,3000
decode_json,progress_data_1460,combined,21,1,2881762,2881762,3000
decode_json,progress_data_1460,core,21,1,2883831,2883831,3000
decode_json,progress_data_1460,json_only,21,1,2708509,2708509,3000
decode_json,progress_data_1460,baseline,21,1,2926240,2926240,3000
decode_json,progress_data_1460,simd,21,1,2941248,2941248,3000
decode_json,progress_data_1460,json_only,22,1,2891654,2891654,3000
decode_json,progress_data_1460,core,22,1,2909462,2909462,3000
decode_json,progress_data_1460,baseline,22,1,2960665,2960665,3000
decode_json,progress_data_1460,simd,22,1,2934431,2934431,3000
decode_json,progress_data_1460,fused,22,1,2920483,2920483,3000
decode_json,progress_data_1460,combined,22,1,2894900,2894900,3000
decode_json,progress_data_1460,simd,23,1,2941532,2941532,3000
decode_json,progress_data_1460,core,23,1,2891626,2891626,3000
decode_json,progress_data_1460,fused,23,1,3052597,3052597,3000
decode_json,progress_data_1460,combined,23,1,2909030,2909030,3000
decode_json,progress_data_1460,json_only,23,1,2713822,2713822,3000
decode_json,progress_data_1460,baseline,23,1,2952293,2952293,3000
decode_json,progress_data_1460,fused,24,1,2953328,2953328,3000
decode_json,progress_data_1460,core,24,1,2887634,2887634,3000
decode_json,progress_data_1460,simd,24,1,2936901,2936901,3000
decode_json,progress_data_1460,json_only,24,1,2717797,2717797,3000
decode_json,progress_data_1460,combined,24,1,2856459,2856459,3000
decode_json,progress_data_1460,baseline,24,1,2943134,2943134,3000
decode_json,progress_data_1460,fused,25,1,3110387,3110387,3000
decode_json,progress_data_1460,core,25,1,2856284,2856284,3000
decode_json,progress_data_1460,simd,25,1,2921845,2921845,3000
decode_json,progress_data_1460,baseline,25,1,3052382,3052382,3000
decode_json,progress_data_1460,json_only,25,1,2714232,2714232,3000
decode_json,progress_data_1460,combined,25,1,2924739,2924739,3000
decode_json,progress_data_1460,core,26,1,2892547,2892547,3000
decode_json,progress_data_1460,combined,26,1,2933314,2933314,3000
decode_json,progress_data_1460,baseline,26,1,2927767,2927767,3000
decode_json,progress_data_1460,fused,26,1,2949250,2949250,3000
decode_json,progress_data_1460,simd,26,1,3004400,3004400,3000
decode_json,progress_data_1460,json_only,26,1,2720096,2720096,3000
decode_json,progress_data_1460,json_only,27,1,3215562,3215562,3000
decode_json,progress_data_1460,core,27,1,3324009,3324009,3000
decode_json,progress_data_1460,combined,27,1,2883702,2883702,3000
decode_json,progress_data_1460,baseline,27,1,2963491,2963491,3000
decode_json,progress_data_1460,simd,27,1,2972873,2972873,3000
decode_json,progress_data_1460,fused,27,1,3045020,3045020,3000
decode_json,progress_data_1460,fused,28,1,2971644,2971644,3000
decode_json,progress_data_1460,simd,28,1,2941494,2941494,3000
decode_json,progress_data_1460,json_only,28,1,2719034,2719034,3000
decode_json,progress_data_1460,core,28,1,3075045,3075045,3000
decode_json,progress_data_1460,baseline,28,1,2947389,2947389,3000
decode_json,progress_data_1460,combined,28,1,2935481,2935481,3000
decode_json,progress_data_1460,simd,29,1,2921232,2921232,3000
decode_json,progress_data_1460,json_only,29,1,2719400,2719400,3000
decode_json,progress_data_1460,baseline,29,1,2911555,2911555,3000
decode_json,progress_data_1460,core,29,1,2887057,2887057,3000
decode_json,progress_data_1460,combined,29,1,2894339,2894339,3000
decode_json,progress_data_1460,fused,29,1,3435551,3435551,3000
decode_json,progress_data_1460,combined,30,1,3180505,3180505,3000
decode_json,progress_data_1460,json_only,30,1,2894241,2894241,3000
decode_json,progress_data_1460,baseline,30,1,3776433,3776433,3000
decode_json,progress_data_1460,simd,30,1,3437231,3437231,3000
decode_json,progress_data_1460,fused,30,1,3506282,3506282,3000
decode_json,progress_data_1460,core,30,1,3750784,3750784,3000
decode,progress_id_after_event,core,0,10,3582390,358239,3000
decode,progress_id_after_event,combined,0,13,3426452,263573.23076923075,3000
decode,progress_id_after_event,baseline,0,9,2836960,315217.77777777775,3000
decode,progress_id_after_event,fused,0,8,2722896,340362,3000
decode,progress_id_after_event,simd,0,9,3042733,338081.44444444444,3000
decode,progress_id_after_event,core,1,10,3383909,338390.9,3000
decode,progress_id_after_event,baseline,1,9,2878243,319804.77777777775,3000
decode,progress_id_after_event,simd,1,9,2922216,324690.6666666667,3000
decode,progress_id_after_event,fused,1,8,2376286,297035.75,3000
decode,progress_id_after_event,combined,1,13,3464021,266463.1538461539,3000
decode,progress_id_after_event,core,2,10,3861245,386124.5,3000
decode,progress_id_after_event,fused,2,8,2492647,311580.875,3000
decode,progress_id_after_event,baseline,2,9,2756990,306332.22222222225,3000
decode,progress_id_after_event,simd,2,9,2886587,320731.8888888889,3000
decode,progress_id_after_event,combined,2,13,3567451,274419.3076923077,3000
decode,progress_id_after_event,baseline,3,9,2716740,301860,3000
decode,progress_id_after_event,fused,3,8,2533906,316738.25,3000
decode,progress_id_after_event,combined,3,13,3503184,269475.6923076923,3000
decode,progress_id_after_event,core,3,10,3929044,392904.4,3000
decode,progress_id_after_event,simd,3,9,2915839,323982.1111111111,3000
decode,progress_id_after_event,baseline,4,9,3031283,336809.22222222225,3000
decode,progress_id_after_event,simd,4,9,2634612,292734.6666666667,3000
decode,progress_id_after_event,combined,4,13,3411300,262407.6923076923,3000
decode,progress_id_after_event,fused,4,8,2565309,320663.625,3000
decode,progress_id_after_event,core,4,10,3305017,330501.7,3000
decode,progress_id_after_event,simd,5,9,2494419,277157.6666666667,3000
decode,progress_id_after_event,fused,5,8,2201398,275174.75,3000
decode,progress_id_after_event,baseline,5,9,2297963,255329.22222222222,3000
decode,progress_id_after_event,combined,5,13,2831650,217819.23076923078,3000
decode,progress_id_after_event,core,5,10,2737388,273738.8,3000
decode,progress_id_after_event,simd,6,9,2449476,272164,3000
decode,progress_id_after_event,fused,6,8,2135217,266902.125,3000
decode,progress_id_after_event,baseline,6,9,2331889,259098.77777777778,3000
decode,progress_id_after_event,core,6,10,2787206,278720.6,3000
decode,progress_id_after_event,combined,6,13,2833675,217975,3000
decode,progress_id_after_event,simd,7,9,2367255,263028.3333333333,3000
decode,progress_id_after_event,core,7,10,2716373,271637.3,3000
decode,progress_id_after_event,combined,7,13,2914118,224162.92307692306,3000
decode,progress_id_after_event,baseline,7,9,2312871,256985.66666666666,3000
decode,progress_id_after_event,fused,7,8,2057820,257227.5,3000
decode,progress_id_after_event,combined,8,13,3318995,255307.3076923077,3000
decode,progress_id_after_event,baseline,8,9,2475587,275065.22222222225,3000
decode,progress_id_after_event,core,8,10,2779154,277915.4,3000
decode,progress_id_after_event,simd,8,9,2354178,261575.33333333334,3000
decode,progress_id_after_event,fused,8,8,2128407,266050.875,3000
decode,progress_id_after_event,fused,9,8,2075930,259491.25,3000
decode,progress_id_after_event,combined,9,13,2831730,217825.38461538462,3000
decode,progress_id_after_event,simd,9,9,2362807,262534.1111111111,3000
decode,progress_id_after_event,core,9,10,3102348,310234.8,3000
decode,progress_id_after_event,baseline,9,9,2607436,289715.1111111111,3000
decode,progress_id_after_event,combined,10,13,2846338,218949.07692307694,3000
decode,progress_id_after_event,fused,10,8,2038440,254805,3000
decode,progress_id_after_event,baseline,10,9,2302153,255794.77777777778,3000
decode,progress_id_after_event,core,10,10,2702359,270235.9,3000
decode,progress_id_after_event,simd,10,9,2317980,257553.33333333334,3000
decode,progress_id_after_event,core,11,10,2679044,267904.4,3000
decode,progress_id_after_event,fused,11,8,2049444,256180.5,3000
decode,progress_id_after_event,combined,11,13,2824353,217257.92307692306,3000
decode,progress_id_after_event,simd,11,9,2346329,260703.22222222222,3000
decode,progress_id_after_event,baseline,11,9,2283231,253692.33333333334,3000
decode,progress_id_after_event,combined,12,13,2780452,213880.92307692306,3000
decode,progress_id_after_event,baseline,12,9,2273096,252566.22222222222,3000
decode,progress_id_after_event,core,12,10,2705608,270560.8,3000
decode,progress_id_after_event,simd,12,9,2346711,260745.66666666666,3000
decode,progress_id_after_event,fused,12,8,2030195,253774.375,3000
decode,progress_id_after_event,core,13,10,2772571,277257.1,3000
decode,progress_id_after_event,fused,13,8,2032234,254029.25,3000
decode,progress_id_after_event,baseline,13,9,2297358,255262,3000
decode,progress_id_after_event,simd,13,9,2359100,262122.22222222222,3000
decode,progress_id_after_event,combined,13,13,2785931,214302.38461538462,3000
decode,progress_id_after_event,combined,14,13,2805140,215780,3000
decode,progress_id_after_event,fused,14,8,2203100,275387.5,3000
decode,progress_id_after_event,core,14,10,2702316,270231.6,3000
decode,progress_id_after_event,baseline,14,9,2282200,253577.77777777778,3000
decode,progress_id_after_event,simd,14,9,2337190,259687.77777777778,3000
decode,progress_id_after_event,combined,15,13,2783613,214124.07692307694,3000
decode,progress_id_after_event,core,15,10,2684860,268486,3000
decode,progress_id_after_event,simd,15,9,2338913,259879.22222222222,3000
decode,progress_id_after_event,baseline,15,9,2307246,256360.66666666666,3000
decode,progress_id_after_event,fused,15,8,2061769,257721.125,3000
decode,progress_id_after_event,baseline,16,9,2286447,254049.66666666666,3000
decode,progress_id_after_event,simd,16,9,2338126,259791.77777777778,3000
decode,progress_id_after_event,fused,16,8,2028917,253614.625,3000
decode,progress_id_after_event,combined,16,13,2793403,214877.15384615384,3000
decode,progress_id_after_event,core,16,10,2692682,269268.2,3000
decode,progress_id_after_event,baseline,17,9,2300460,255606.66666666666,3000
decode,progress_id_after_event,combined,17,13,2789455,214573.46153846153,3000
decode,progress_id_after_event,simd,17,9,2323934,258214.88888888888,3000
decode,progress_id_after_event,fused,17,8,2023771,252971.375,3000
decode,progress_id_after_event,core,17,10,2683018,268301.8,3000
decode,progress_id_after_event,simd,18,9,2343156,260350.66666666666,3000
decode,progress_id_after_event,fused,18,8,2044440,255555,3000
decode,progress_id_after_event,combined,18,13,2820772,216982.46153846153,3000
decode,progress_id_after_event,core,18,10,2687178,268717.8,3000
decode,progress_id_after_event,baseline,18,9,2287825,254202.77777777778,3000
decode,progress_id_after_event,core,19,10,2677143,267714.3,3000
decode,progress_id_after_event,baseline,19,9,2277603,253067,3000
decode,progress_id_after_event,fused,19,8,2028755,253594.375,3000
decode,progress_id_after_event,simd,19,9,2337398,259710.88888888888,3000
decode,progress_id_after_event,combined,19,13,2881247,221634.38461538462,3000
decode,progress_id_after_event,core,20,10,2697323,269732.3,3000
decode,progress_id_after_event,baseline,20,9,2296950,255216.66666666666,3000
decode,progress_id_after_event,combined,20,13,2796886,215145.07692307694,3000
decode,progress_id_after_event,fused,20,8,2034666,254333.25,3000
decode,progress_id_after_event,simd,20,9,2340489,260054.33333333334,3000
decode,progress_id_after_event,simd,21,9,2331557,259061.88888888888,3000
decode,progress_id_after_event,combined,21,13,2784911,214223.92307692306,3000
decode,progress_id_after_event,baseline,21,9,2273435,252603.88888888888,3000
decode,progress_id_after_event,fused,21,8,2049545,256193.125,3000
decode,progress_id_after_event,core,21,10,2688536,268853.6,3000
decode,progress_id_after_event,simd,22,9,2437762,270862.44444444444,3000
decode,progress_id_after_event,combined,22,13,2798484,215268,3000
decode,progress_id_after_event,core,22,10,2673727,267372.7,3000
decode,progress_id_after_event,baseline,22,9,2277908,253100.88888888888,3000
decode,progress_id_after_event,fused,22,8,2025760,253220,3000
decode,progress_id_after_event,combined,23,13,2781540,213964.61538461538,3000
decode,progress_id_after_event,core,23,10,2674090,267409,3000
decode,progress_id_after_event,baseline,23,9,2241435,249048.33333333334,3000
decode,progress_id_after_event,simd,23,9,2327895,258655,3000
decode,progress_id_after_event,fused,23,8,2039756,254969.5,3000
decode,progress_id_after_event,fused,24,8,2022155,252769.375,3000
decode,progress_id_after_event,core,24,10,2697311,269731.1,3000
decode,progress_id_after_event,baseline,24,9,2278211,253134.55555555556,3000
decode,progress_id_after_event,combined,24,13,2799950,215380.76923076922,3000
decode,progress_id_after_event,simd,24,9,2341105,260122.77777777778,3000
decode,progress_id_after_event,fused,25,8,2031003,253875.375,3000
decode,progress_id_after_event,combined,25,13,2799774,215367.23076923078,3000
decode,progress_id_after_event,core,25,10,2808947,280894.7,3000
decode,progress_id_after_event,simd,25,9,2338175,259797.22222222222,3000
decode,progress_id_after_event,baseline,25,9,2279528,253280.88888888888,3000
decode,progress_id_after_event,baseline,26,9,2266465,251829.44444444444,3000
decode,progress_id_after_event,simd,26,9,2338395,259821.66666666666,3000
decode,progress_id_after_event,fused,26,8,2041353,255169.125,3000
decode,progress_id_after_event,core,26,10,2676262,267626.2,3000
decode,progress_id_after_event,combined,26,13,2804461,215727.76923076922,3000
decode,progress_id_after_event,core,27,10,2696164,269616.4,3000
decode,progress_id_after_event,fused,27,8,2031060,253882.5,3000
decode,progress_id_after_event,baseline,27,9,2271327,252369.66666666666,3000
decode,progress_id_after_event,combined,27,13,2775884,213529.53846153847,3000
decode,progress_id_after_event,simd,27,9,2321428,257936.44444444444,3000
decode,progress_id_after_event,fused,28,8,2026183,253272.875,3000
decode,progress_id_after_event,combined,28,13,2790062,214620.15384615384,3000
decode,progress_id_after_event,simd,28,9,2343916,260435.11111111112,3000
decode,progress_id_after_event,baseline,28,9,2261477,251275.22222222222,3000
decode,progress_id_after_event,core,28,10,2682422,268242.2,3000
decode,progress_id_after_event,simd,29,9,2341987,260220.77777777778,3000
decode,progress_id_after_event,core,29,10,2686234,268623.4,3000
decode,progress_id_after_event,fused,29,8,2037750,254718.75,3000
decode,progress_id_after_event,combined,29,13,2805011,215770.07692307694,3000
decode,progress_id_after_event,baseline,29,9,2268149,252016.55555555556,3000
decode,progress_id_after_event,combined,30,13,2775502,213500.15384615384,3000
decode,progress_id_after_event,core,30,10,2678942,267894.2,3000
decode,progress_id_after_event,simd,30,9,2331574,259063.77777777778,3000
decode,progress_id_after_event,fused,30,8,2048730,256091.25,3000
decode,progress_id_after_event,baseline,30,9,2285669,253963.22222222222,3000
decode_json,progress_id_after_event,baseline,0,1,3037971,3037971,3000
decode_json,progress_id_after_event,core,0,1,3046679,3046679,3000
decode_json,progress_id_after_event,combined,0,1,2993924,2993924,3000
decode_json,progress_id_after_event,fused,0,1,3040960,3040960,3000
decode_json,progress_id_after_event,json_only,0,1,2735330,2735330,3000
decode_json,progress_id_after_event,simd,0,1,3048238,3048238,3000
decode_json,progress_id_after_event,combined,1,1,3000101,3000101,3000
decode_json,progress_id_after_event,simd,1,1,3044111,3044111,3000
decode_json,progress_id_after_event,baseline,1,1,3048482,3048482,3000
decode_json,progress_id_after_event,json_only,1,1,2863829,2863829,3000
decode_json,progress_id_after_event,core,1,1,3050406,3050406,3000
decode_json,progress_id_after_event,fused,1,1,3080491,3080491,3000
decode_json,progress_id_after_event,core,2,1,3034244,3034244,3000
decode_json,progress_id_after_event,simd,2,1,3049416,3049416,3000
decode_json,progress_id_after_event,combined,2,1,2998687,2998687,3000
decode_json,progress_id_after_event,json_only,2,1,2745326,2745326,3000
decode_json,progress_id_after_event,fused,2,1,3052493,3052493,3000
decode_json,progress_id_after_event,baseline,2,1,3029665,3029665,3000
decode_json,progress_id_after_event,baseline,3,1,3042151,3042151,3000
decode_json,progress_id_after_event,json_only,3,1,2713067,2713067,3000
decode_json,progress_id_after_event,combined,3,1,3028397,3028397,3000
decode_json,progress_id_after_event,fused,3,1,3107137,3107137,3000
decode_json,progress_id_after_event,core,3,1,3088466,3088466,3000
decode_json,progress_id_after_event,simd,3,1,3106366,3106366,3000
decode_json,progress_id_after_event,json_only,4,1,2736140,2736140,3000
decode_json,progress_id_after_event,simd,4,1,3052967,3052967,3000
decode_json,progress_id_after_event,fused,4,1,3078124,3078124,3000
decode_json,progress_id_after_event,combined,4,1,2992968,2992968,3000
decode_json,progress_id_after_event,core,4,1,3044089,3044089,3000
decode_json,progress_id_after_event,baseline,4,1,3025317,3025317,3000
decode_json,progress_id_after_event,simd,5,1,3036108,3036108,3000
decode_json,progress_id_after_event,baseline,5,1,3044896,3044896,3000
decode_json,progress_id_after_event,json_only,5,1,2763870,2763870,3000
decode_json,progress_id_after_event,core,5,1,3111998,3111998,3000
decode_json,progress_id_after_event,fused,5,1,3044496,3044496,3000
decode_json,progress_id_after_event,combined,5,1,3017268,3017268,3000
decode_json,progress_id_after_event,baseline,6,1,3027961,3027961,3000
decode_json,progress_id_after_event,json_only,6,1,2741113,2741113,3000
decode_json,progress_id_after_event,simd,6,1,3056854,3056854,3000
decode_json,progress_id_after_event,fused,6,1,3036904,3036904,3000
decode_json,progress_id_after_event,core,6,1,3027696,3027696,3000
decode_json,progress_id_after_event,combined,6,1,3030576,3030576,3000
decode_json,progress_id_after_event,fused,7,1,3068686,3068686,3000
decode_json,progress_id_after_event,combined,7,1,3026503,3026503,3000
decode_json,progress_id_after_event,simd,7,1,3049404,3049404,3000
decode_json,progress_id_after_event,json_only,7,1,2727877,2727877,3000
decode_json,progress_id_after_event,baseline,7,1,3035849,3035849,3000
decode_json,progress_id_after_event,core,7,1,3056320,3056320,3000
decode_json,progress_id_after_event,baseline,8,1,3083793,3083793,3000
decode_json,progress_id_after_event,core,8,1,3085772,3085772,3000
decode_json,progress_id_after_event,combined,8,1,2988985,2988985,3000
decode_json,progress_id_after_event,fused,8,1,3053111,3053111,3000
decode_json,progress_id_after_event,simd,8,1,3098402,3098402,3000
decode_json,progress_id_after_event,json_only,8,1,2765757,2765757,3000
decode_json,progress_id_after_event,core,9,1,3121301,3121301,3000
decode_json,progress_id_after_event,simd,9,1,3098603,3098603,3000
decode_json,progress_id_after_event,baseline,9,1,3066065,3066065,3000
decode_json,progress_id_after_event,combined,9,1,3034840,3034840,3000
decode_json,progress_id_after_event,fused,9,1,3053132,3053132,3000
decode_json,progress_id_after_event,json_only,9,1,2780387,2780387,3000
decode_json,progress_id_after_event,simd,10,1,3231537,3231537,3000
decode_json,progress_id_after_event,baseline,10,1,3039047,3039047,3000
decode_json,progress_id_after_event,combined,10,1,2989601,2989601,3000
decode_json,progress_id_after_event,json_only,10,1,2717272,2717272,3000
decode_json,progress_id_after_event,core,10,1,3087572,3087572,3000
decode_json,progress_id_after_event,fused,10,1,3082173,3082173,3000
decode_json,progress_id_after_event,combined,11,1,2998240,2998240,3000
decode_json,progress_id_after_event,fused,11,1,3054902,3054902,3000
decode_json,progress_id_after_event,json_only,11,1,2718595,2718595,3000
decode_json,progress_id_after_event,baseline,11,1,3043278,3043278,3000
decode_json,progress_id_after_event,simd,11,1,3079249,3079249,3000
decode_json,progress_id_after_event,core,11,1,3068584,3068584,3000
decode_json,progress_id_after_event,json_only,12,1,2711354,2711354,3000
decode_json,progress_id_after_event,combined,12,1,3027985,3027985,3000
decode_json,progress_id_after_event,simd,12,1,3063608,3063608,3000
decode_json,progress_id_after_event,core,12,1,3102390,3102390,3000
decode_json,progress_id_after_event,baseline,12,1,3072206,3072206,3000
decode_json,progress_id_after_event,fused,12,1,3062383,3062383,3000
decode_json,progress_id_after_event,fused,13,1,3049614,3049614,3000
decode_json,progress_id_after_event,baseline,13,1,3042201,3042201,3000
decode_json,progress_id_after_event,simd,13,1,3048577,3048577,3000
decode_json,progress_id_after_event,json_only,13,1,2720941,2720941,3000
decode_json,progress_id_after_event,core,13,1,3089299,3089299,3000
decode_json,progress_id_after_event,combined,13,1,2987415,2987415,3000
decode_json,progress_id_after_event,fused,14,1,3041259,3041259,3000
decode_json,progress_id_after_event,core,14,1,3044697,3044697,3000
decode_json,progress_id_after_event,combined,14,1,3012698,3012698,3000
decode_json,progress_id_after_event,json_only,14,1,2745637,2745637,3000
decode_json,progress_id_after_event,baseline,14,1,3044111,3044111,3000
decode_json,progress_id_after_event,simd,14,1,3045488,3045488,3000
decode_json,progress_id_after_event,core,15,1,3033843,3033843,3000
decode_json,progress_id_after_event,json_only,15,1,2715818,2715818,3000
decode_json,progress_id_after_event,fused,15,1,3049668,3049668,3000
decode_json,progress_id_after_event,simd,15,1,3054776,3054776,3000
decode_json,progress_id_after_event,combined,15,1,3022300,3022300,3000
decode_json,progress_id_after_event,baseline,15,1,3115834,3115834,3000
decode_json,progress_id_after_event,baseline,16,1,3085780,3085780,3000
decode_json,progress_id_after_event,combined,16,1,3042511,3042511,3000
decode_json,progress_id_after_event,core,16,1,3125865,3125865,3000
decode_json,progress_id_after_event,fused,16,1,3039770,3039770,3000
decode_json,progress_id_after_event,json_only,16,1,2854843,2854843,3000
decode_json,progress_id_after_event,simd,16,1,3053382,3053382,3000
decode_json,progress_id_after_event,combined,17,1,2978862,2978862,3000
decode_json,progress_id_after_event,baseline,17,1,3087450,3087450,3000
decode_json,progress_id_after_event,simd,17,1,3088739,3088739,3000
decode_json,progress_id_after_event,fused,17,1,3050409,3050409,3000
decode_json,progress_id_after_event,json_only,17,1,2731546,2731546,3000
decode_json,progress_id_after_event,core,17,1,3041073,3041073,3000
decode_json,progress_id_after_event,baseline,18,1,3035543,3035543,3000
decode_json,progress_id_after_event,combined,18,1,3010501,3010501,3000
decode_json,progress_id_after_event,fused,18,1,3271636,3271636,3000
decode_json,progress_id_after_event,simd,18,1,3076913,3076913,3000
decode_json,progress_id_after_event,core,18,1,3076336,3076336,3000
decode_json,progress_id_after_event,json_only,18,1,2752211,2752211,3000
decode_json,progress_id_after_event,json_only,19,1,2726942,2726942,3000
decode_json,progress_id_after_event,core,19,1,3089234,3089234,3000
decode_json,progress_id_after_event,baseline,19,1,3092424,3092424,3000
decode_json,progress_id_after_event,combined,19,1,3032291,3032291,3000
decode_json,progress_id_after_event,simd,19,1,3077701,3077701,3000
decode_json,progress_id_after_event,fused,19,1,3055680,3055680,3000
decode_json,progress_id_after_event,baseline,20,1,3066134,3066134,3000
decode_json,progress_id_after_event,core,20,1,3074410,3074410,3000
decode_json,progress_id_after_event,json_only,20,1,2716425,2716425,3000
decode_json,progress_id_after_event,combined,20,1,3011241,3011241,3000
decode_json,progress_id_after_event,simd,20,1,3037724,3037724,3000
decode_json,progress_id_after_event,fused,20,1,3037619,3037619,3000
decode_json,progress_id_after_event,fused,21,1,3110600,3110600,3000
decode_json,progress_id_after_event,combined,21,1,3002078,3002078,3000
decode_json,progress_id_after_event,core,21,1,3049758,3049758,3000
decode_json,progress_id_after_event,json_only,21,1,2721549,2721549,3000
decode_json,progress_id_after_event,baseline,21,1,3053774,3053774,3000
decode_json,progress_id_after_event,simd,21,1,3061388,3061388,3000
decode_json,progress_id_after_event,json_only,22,1,2715070,2715070,3000
decode_json,progress_id_after_event,core,22,1,3064448,3064448,3000
decode_json,progress_id_after_event,baseline,22,1,3040040,3040040,3000
decode_json,progress_id_after_event,simd,22,1,3071001,3071001,3000
decode_json,progress_id_after_event,fused,22,1,3040340,3040340,3000
decode_json,progress_id_after_event,combined,22,1,3023778,3023778,3000
decode_json,progress_id_after_event,simd,23,1,3040784,3040784,3000
decode_json,progress_id_after_event,core,23,1,3054825,3054825,3000
decode_json,progress_id_after_event,fused,23,1,3049908,3049908,3000
decode_json,progress_id_after_event,combined,23,1,3009538,3009538,3000
decode_json,progress_id_after_event,json_only,23,1,2751746,2751746,3000
decode_json,progress_id_after_event,baseline,23,1,3052365,3052365,3000
decode_json,progress_id_after_event,fused,24,1,3051324,3051324,3000
decode_json,progress_id_after_event,core,24,1,3052900,3052900,3000
decode_json,progress_id_after_event,simd,24,1,3031135,3031135,3000
decode_json,progress_id_after_event,json_only,24,1,2718874,2718874,3000
decode_json,progress_id_after_event,combined,24,1,3027090,3027090,3000
decode_json,progress_id_after_event,baseline,24,1,3036053,3036053,3000
decode_json,progress_id_after_event,fused,25,1,3032213,3032213,3000
decode_json,progress_id_after_event,core,25,1,3057487,3057487,3000
decode_json,progress_id_after_event,simd,25,1,3057848,3057848,3000
decode_json,progress_id_after_event,baseline,25,1,3043023,3043023,3000
decode_json,progress_id_after_event,json_only,25,1,2723165,2723165,3000
decode_json,progress_id_after_event,combined,25,1,3041330,3041330,3000
decode_json,progress_id_after_event,core,26,1,3041089,3041089,3000
decode_json,progress_id_after_event,combined,26,1,2995786,2995786,3000
decode_json,progress_id_after_event,baseline,26,1,3078497,3078497,3000
decode_json,progress_id_after_event,fused,26,1,3102402,3102402,3000
decode_json,progress_id_after_event,simd,26,1,3184362,3184362,3000
decode_json,progress_id_after_event,json_only,26,1,2720888,2720888,3000
decode_json,progress_id_after_event,json_only,27,1,2722879,2722879,3000
decode_json,progress_id_after_event,core,27,1,3044055,3044055,3000
decode_json,progress_id_after_event,combined,27,1,2980151,2980151,3000
decode_json,progress_id_after_event,baseline,27,1,3069958,3069958,3000
decode_json,progress_id_after_event,simd,27,1,3094186,3094186,3000
decode_json,progress_id_after_event,fused,27,1,3258886,3258886,3000
decode_json,progress_id_after_event,fused,28,1,3295109,3295109,3000
decode_json,progress_id_after_event,simd,28,1,3996645,3996645,3000
decode_json,progress_id_after_event,json_only,28,1,3631475,3631475,3000
decode_json,progress_id_after_event,core,28,1,4086057,4086057,3000
decode_json,progress_id_after_event,baseline,28,1,4182768,4182768,3000
decode_json,progress_id_after_event,combined,28,1,4115723,4115723,3000
decode_json,progress_id_after_event,simd,29,1,4559893,4559893,3000
decode_json,progress_id_after_event,json_only,29,1,4007759,4007759,3000
decode_json,progress_id_after_event,baseline,29,1,4835848,4835848,3000
decode_json,progress_id_after_event,core,29,1,4001392,4001392,3000
decode_json,progress_id_after_event,combined,29,1,3834779,3834779,3000
decode_json,progress_id_after_event,fused,29,1,4242187,4242187,3000
decode_json,progress_id_after_event,combined,30,1,4321990,4321990,3000
decode_json,progress_id_after_event,json_only,30,1,3370228,3370228,3000
decode_json,progress_id_after_event,baseline,30,1,4997756,4997756,3000
decode_json,progress_id_after_event,simd,30,1,4360803,4360803,3000
decode_json,progress_id_after_event,fused,30,1,4362859,4362859,3000
decode_json,progress_id_after_event,core,30,1,4059705,4059705,3000
decode,progress_id_after_1460,core,0,10,2846680,284668,3000
decode,progress_id_after_1460,combined,0,9,2404004,267111.55555555556,3000
decode,progress_id_after_1460,baseline,0,8,2462991,307873.875,3000
decode,progress_id_after_1460,fused,0,8,2667234,333404.25,3000
decode,progress_id_after_1460,simd,0,9,3012495,334721.6666666667,3000
decode,progress_id_after_1460,core,1,10,2976988,297698.8,3000
decode,progress_id_after_1460,baseline,1,8,2591069,323883.625,3000
decode,progress_id_after_1460,simd,1,9,2937943,326438.1111111111,3000
decode,progress_id_after_1460,fused,1,8,2492293,311536.625,3000
decode,progress_id_after_1460,combined,1,9,2051728,227969.77777777778,3000
decode,progress_id_after_1460,core,2,10,2371481,237148.1,3000
decode,progress_id_after_1460,fused,2,8,2132563,266570.375,3000
decode,progress_id_after_1460,baseline,2,8,2182476,272809.5,3000
decode,progress_id_after_1460,simd,2,9,2464305,273811.6666666667,3000
decode,progress_id_after_1460,combined,2,9,1938123,215347,3000
decode,progress_id_after_1460,baseline,3,8,2089912,261239,3000
decode,progress_id_after_1460,fused,3,8,2097957,262244.625,3000
decode,progress_id_after_1460,combined,3,9,1940413,215601.44444444444,3000
decode,progress_id_after_1460,core,3,10,2390957,239095.7,3000
decode,progress_id_after_1460,simd,3,9,2456580,272953.3333333333,3000
decode,progress_id_after_1460,baseline,4,8,2170277,271284.625,3000
decode,progress_id_after_1460,simd,4,9,2486111,276234.55555555556,3000
decode,progress_id_after_1460,combined,4,9,1931672,214630.22222222222,3000
decode,progress_id_after_1460,fused,4,8,2139175,267396.875,3000
decode,progress_id_after_1460,core,4,10,2339458,233945.8,3000
decode,progress_id_after_1460,simd,5,9,2436271,270696.77777777775,3000
decode,progress_id_after_1460,fused,5,8,2092817,261602.125,3000
decode,progress_id_after_1460,baseline,5,8,2088556,261069.5,3000
decode,progress_id_after_1460,combined,5,9,1951119,216791,3000
decode,progress_id_after_1460,core,5,10,2457779,245777.9,3000
decode,progress_id_after_1460,simd,6,9,2560450,284494.44444444444,3000
decode,progress_id_after_1460,fused,6,8,2506048,313256,3000
decode,progress_id_after_1460,baseline,6,8,2210594,276324.25,3000
decode,progress_id_after_1460,core,6,10,2387271,238727.1,3000
decode,progress_id_after_1460,combined,6,9,1938806,215422.88888888888,3000
decode,progress_id_after_1460,simd,7,9,2580153,286683.6666666667,3000
decode,progress_id_after_1460,core,7,10,2532089,253208.9,3000
decode,progress_id_after_1460,combined,7,9,1980790,220087.77777777778,3000
decode,progress_id_after_1460,baseline,7,8,2109509,263688.625,3000
decode,progress_id_after_1460,fused,7,8,2126135,265766.875,3000
decode,progress_id_after_1460,combined,8,9,1941655,215739.44444444444,3000
decode,progress_id_after_1460,baseline,8,8,2079706,259963.25,3000
decode,progress_id_after_1460,core,8,10,2318590,231859,3000
decode,progress_id_after_1460,simd,8,9,2464810,273867.77777777775,3000
decode,progress_id_after_1460,fused,8,8,2073558,259194.75,3000
decode,progress_id_after_1460,fused,9,8,2099706,262463.25,3000
decode,progress_id_after_1460,combined,9,9,1900260,211140,3000
decode,progress_id_after_1460,simd,9,9,2361395,262377.22222222225,3000
decode,progress_id_after_1460,core,9,10,2357872,235787.2,3000
decode,progress_id_after_1460,baseline,9,8,2064276,258034.5,3000
decode,progress_id_after_1460,combined,10,9,1909039,212115.44444444444,3000
decode,progress_id_after_1460,fused,10,8,2098390,262298.75,3000
decode,progress_id_after_1460,baseline,10,8,2072497,259062.125,3000
decode,progress_id_after_1460,core,10,10,2315363,231536.3,3000
decode,progress_id_after_1460,simd,10,9,2375966,263996.22222222225,3000
decode,progress_id_after_1460,core,11,10,2303039,230303.9,3000
decode,progress_id_after_1460,fused,11,8,2076134,259516.75,3000
decode,progress_id_after_1460,combined,11,9,1919128,213236.44444444444,3000
decode,progress_id_after_1460,simd,11,9,2436405,270711.6666666667,3000
decode,progress_id_after_1460,baseline,11,8,2042380,255297.5,3000
decode,progress_id_after_1460,combined,12,9,1905366,211707.33333333334,3000
decode,progress_id_after_1460,baseline,12,8,2051962,256495.25,3000
decode,progress_id_after_1460,core,12,10,2295411,229541.1,3000
decode,progress_id_after_1460,simd,12,9,2371378,263486.44444444444,3000
decode,progress_id_after_1460,fused,12,8,2095484,261935.5,3000
decode,progress_id_after_1460,core,13,10,2296240,229624,3000
decode,progress_id_after_1460,fused,13,8,2091203,261400.375,3000
decode,progress_id_after_1460,baseline,13,8,2074427,259303.375,3000
decode,progress_id_after_1460,simd,13,9,2410760,267862.22222222225,3000
decode,progress_id_after_1460,combined,13,9,1905528,211725.33333333334,3000
decode,progress_id_after_1460,combined,14,9,1879829,208869.88888888888,3000
decode,progress_id_after_1460,fused,14,8,2062249,257781.125,3000
decode,progress_id_after_1460,core,14,10,2298633,229863.3,3000
decode,progress_id_after_1460,baseline,14,8,2068036,258504.5,3000
decode,progress_id_after_1460,simd,14,9,2391500,265722.22222222225,3000
decode,progress_id_after_1460,combined,15,9,1901723,211302.55555555556,3000
decode,progress_id_after_1460,core,15,10,2305644,230564.4,3000
decode,progress_id_after_1460,simd,15,9,2468247,274249.6666666667,3000
decode,progress_id_after_1460,baseline,15,8,2066481,258310.125,3000
decode,progress_id_after_1460,fused,15,8,2092988,261623.5,3000
decode,progress_id_after_1460,baseline,16,8,2072922,259115.25,3000
decode,progress_id_after_1460,simd,16,9,2503307,278145.22222222225,3000
decode,progress_id_after_1460,fused,16,8,2095845,261980.625,3000
decode,progress_id_after_1460,combined,16,9,1906409,211823.22222222222,3000
decode,progress_id_after_1460,core,16,10,2324278,232427.8,3000
decode,progress_id_after_1460,baseline,17,8,2074065,259258.125,3000
decode,progress_id_after_1460,combined,17,9,1907958,211995.33333333334,3000
decode,progress_id_after_1460,simd,17,9,2415005,268333.8888888889,3000
decode,progress_id_after_1460,fused,17,8,2068480,258560,3000
decode,progress_id_after_1460,core,17,10,2318015,231801.5,3000
decode,progress_id_after_1460,simd,18,9,2415362,268373.55555555556,3000
decode,progress_id_after_1460,fused,18,8,2065722,258215.25,3000
decode,progress_id_after_1460,combined,18,9,1891055,210117.22222222222,3000
decode,progress_id_after_1460,core,18,10,2309602,230960.2,3000
decode,progress_id_after_1460,baseline,18,8,2056147,257018.375,3000
decode,progress_id_after_1460,core,19,10,2308292,230829.2,3000
decode,progress_id_after_1460,baseline,19,8,2054925,256865.625,3000
decode,progress_id_after_1460,fused,19,8,2057657,257207.125,3000
decode,progress_id_after_1460,simd,19,9,2391557,265728.55555555556,3000
decode,progress_id_after_1460,combined,19,9,1930452,214494.66666666666,3000
decode,progress_id_after_1460,core,20,10,2315878,231587.8,3000
decode,progress_id_after_1460,baseline,20,8,2050437,256304.625,3000
decode,progress_id_after_1460,combined,20,9,1899801,211089,3000
decode,progress_id_after_1460,fused,20,8,2057714,257214.25,3000
decode,progress_id_after_1460,simd,20,9,2379999,264444.3333333333,3000
decode,progress_id_after_1460,simd,21,9,2381753,264639.22222222225,3000
decode,progress_id_after_1460,combined,21,9,2082936,231437.33333333334,3000
decode,progress_id_after_1460,baseline,21,8,2076371,259546.375,3000
decode,progress_id_after_1460,fused,21,8,2103679,262959.875,3000
decode,progress_id_after_1460,core,21,10,2324017,232401.7,3000
decode,progress_id_after_1460,simd,22,9,2371776,263530.6666666667,3000
decode,progress_id_after_1460,combined,22,9,1927046,214116.22222222222,3000
decode,progress_id_after_1460,core,22,10,2331179,233117.9,3000
decode,progress_id_after_1460,baseline,22,8,2130874,266359.25,3000
decode,progress_id_after_1460,fused,22,8,2145440,268180,3000
decode,progress_id_after_1460,combined,23,9,1888744,209860.44444444444,3000
decode,progress_id_after_1460,core,23,10,2312477,231247.7,3000
decode,progress_id_after_1460,baseline,23,8,2082262,260282.75,3000
decode,progress_id_after_1460,simd,23,9,2398376,266486.22222222225,3000
decode,progress_id_after_1460,fused,23,8,2109356,263669.5,3000
decode,progress_id_after_1460,fused,24,8,2081222,260152.75,3000
decode,progress_id_after_1460,core,24,10,2308062,230806.2,3000
decode,progress_id_after_1460,baseline,24,8,2093221,261652.625,3000
decode,progress_id_after_1460,combined,24,9,1935848,215094.22222222222,3000
decode,progress_id_after_1460,simd,24,9,2380216,264468.44444444444,3000
decode,progress_id_after_1460,fused,25,8,2095557,261944.625,3000
decode,progress_id_after_1460,combined,25,9,1893251,210361.22222222222,3000
decode,progress_id_after_1460,core,25,10,2320359,232035.9,3000
decode,progress_id_after_1460,simd,25,9,2351133,261237,3000
decode,progress_id_after_1460,baseline,25,8,2067720,258465,3000
decode,progress_id_after_1460,baseline,26,8,2087398,260924.75,3000
decode,progress_id_after_1460,simd,26,9,2392276,265808.44444444444,3000
decode,progress_id_after_1460,fused,26,8,2114801,264350.125,3000
decode,progress_id_after_1460,core,26,10,2306242,230624.2,3000
decode,progress_id_after_1460,combined,26,9,1942811,215867.88888888888,3000
decode,progress_id_after_1460,core,27,10,2287454,228745.4,3000
decode,progress_id_after_1460,fused,27,8,2080294,260036.75,3000
decode,progress_id_after_1460,baseline,27,8,2073887,259235.875,3000
decode,progress_id_after_1460,combined,27,9,1909374,212152.66666666666,3000
decode,progress_id_after_1460,simd,27,9,2383425,264825,3000
decode,progress_id_after_1460,fused,28,8,2078931,259866.375,3000
decode,progress_id_after_1460,combined,28,9,1888205,209800.55555555556,3000
decode,progress_id_after_1460,simd,28,9,2377258,264139.77777777775,3000
decode,progress_id_after_1460,baseline,28,8,2066348,258293.5,3000
decode,progress_id_after_1460,core,28,10,2310111,231011.1,3000
decode,progress_id_after_1460,simd,29,9,2408369,267596.55555555556,3000
decode,progress_id_after_1460,core,29,10,2296543,229654.3,3000
decode,progress_id_after_1460,fused,29,8,2062420,257802.5,3000
decode,progress_id_after_1460,combined,29,9,1900333,211148.11111111112,3000
decode,progress_id_after_1460,baseline,29,8,2133822,266727.75,3000
decode,progress_id_after_1460,combined,30,9,1881367,209040.77777777778,3000
decode,progress_id_after_1460,core,30,10,2421781,242178.1,3000
decode,progress_id_after_1460,simd,30,9,2357268,261918.66666666666,3000
decode,progress_id_after_1460,fused,30,8,2095019,261877.375,3000
decode,progress_id_after_1460,baseline,30,8,2088790,261098.75,3000
decode_json,progress_id_after_1460,baseline,0,1,3040832,3040832,3000
decode_json,progress_id_after_1460,core,0,1,2985185,2985185,3000
decode_json,progress_id_after_1460,combined,0,1,3000612,3000612,3000
decode_json,progress_id_after_1460,fused,0,1,3046613,3046613,3000
decode_json,progress_id_after_1460,json_only,0,1,2733756,2733756,3000
decode_json,progress_id_after_1460,simd,0,1,3096140,3096140,3000
decode_json,progress_id_after_1460,combined,1,1,3011468,3011468,3000
decode_json,progress_id_after_1460,simd,1,1,3096167,3096167,3000
decode_json,progress_id_after_1460,baseline,1,1,3048282,3048282,3000
decode_json,progress_id_after_1460,json_only,1,1,2718717,2718717,3000
decode_json,progress_id_after_1460,core,1,1,3192488,3192488,3000
decode_json,progress_id_after_1460,fused,1,1,3042146,3042146,3000
decode_json,progress_id_after_1460,core,2,1,2993487,2993487,3000
decode_json,progress_id_after_1460,simd,2,1,3053101,3053101,3000
decode_json,progress_id_after_1460,combined,2,1,2999907,2999907,3000
decode_json,progress_id_after_1460,json_only,2,1,2714285,2714285,3000
decode_json,progress_id_after_1460,fused,2,1,3060828,3060828,3000
decode_json,progress_id_after_1460,baseline,2,1,3050245,3050245,3000
decode_json,progress_id_after_1460,baseline,3,1,3046650,3046650,3000
decode_json,progress_id_after_1460,json_only,3,1,2717548,2717548,3000
decode_json,progress_id_after_1460,combined,3,1,3006121,3006121,3000
decode_json,progress_id_after_1460,fused,3,1,3056505,3056505,3000
decode_json,progress_id_after_1460,core,3,1,2994412,2994412,3000
decode_json,progress_id_after_1460,simd,3,1,3050005,3050005,3000
decode_json,progress_id_after_1460,json_only,4,1,2717044,2717044,3000
decode_json,progress_id_after_1460,simd,4,1,3069033,3069033,3000
decode_json,progress_id_after_1460,fused,4,1,3055140,3055140,3000
decode_json,progress_id_after_1460,combined,4,1,3023704,3023704,3000
decode_json,progress_id_after_1460,core,4,1,2999808,2999808,3000
decode_json,progress_id_after_1460,baseline,4,1,3048441,3048441,3000
decode_json,progress_id_after_1460,simd,5,1,3195713,3195713,3000
decode_json,progress_id_after_1460,baseline,5,1,3039988,3039988,3000
decode_json,progress_id_after_1460,json_only,5,1,2749939,2749939,3000
decode_json,progress_id_after_1460,core,5,1,3002696,3002696,3000
decode_json,progress_id_after_1460,fused,5,1,3041052,3041052,3000
decode_json,progress_id_after_1460,combined,5,1,3004367,3004367,3000
decode_json,progress_id_after_1460,baseline,6,1,3034651,3034651,3000
decode_json,progress_id_after_1460,json_only,6,1,2711211,2711211,3000
decode_json,progress_id_after_1460,simd,6,1,3078911,3078911,3000
decode_json,progress_id_after_1460,fused,6,1,3043145,3043145,3000
decode_json,progress_id_after_1460,core,6,1,3027137,3027137,3000
decode_json,progress_id_after_1460,combined,6,1,3006423,3006423,3000
decode_json,progress_id_after_1460,fused,7,1,3041994,3041994,3000
decode_json,progress_id_after_1460,combined,7,1,3024343,3024343,3000
decode_json,progress_id_after_1460,simd,7,1,3050373,3050373,3000
decode_json,progress_id_after_1460,json_only,7,1,2719191,2719191,3000
decode_json,progress_id_after_1460,baseline,7,1,3049613,3049613,3000
decode_json,progress_id_after_1460,core,7,1,2998455,2998455,3000
decode_json,progress_id_after_1460,baseline,8,1,3044435,3044435,3000
decode_json,progress_id_after_1460,core,8,1,3016261,3016261,3000
decode_json,progress_id_after_1460,combined,8,1,3008022,3008022,3000
decode_json,progress_id_after_1460,fused,8,1,3041135,3041135,3000
decode_json,progress_id_after_1460,simd,8,1,3064790,3064790,3000
decode_json,progress_id_after_1460,json_only,8,1,2716580,2716580,3000
decode_json,progress_id_after_1460,core,9,1,3004965,3004965,3000
decode_json,progress_id_after_1460,simd,9,1,3088136,3088136,3000
decode_json,progress_id_after_1460,baseline,9,1,3042274,3042274,3000
decode_json,progress_id_after_1460,combined,9,1,3009511,3009511,3000
decode_json,progress_id_after_1460,fused,9,1,3047275,3047275,3000
decode_json,progress_id_after_1460,json_only,9,1,2721808,2721808,3000
decode_json,progress_id_after_1460,simd,10,1,3087695,3087695,3000
decode_json,progress_id_after_1460,baseline,10,1,3061975,3061975,3000
decode_json,progress_id_after_1460,combined,10,1,3009238,3009238,3000
decode_json,progress_id_after_1460,json_only,10,1,2708854,2708854,3000
decode_json,progress_id_after_1460,core,10,1,3015340,3015340,3000
decode_json,progress_id_after_1460,fused,10,1,3039077,3039077,3000
decode_json,progress_id_after_1460,combined,11,1,3045576,3045576,3000
decode_json,progress_id_after_1460,fused,11,1,3027887,3027887,3000
decode_json,progress_id_after_1460,json_only,11,1,2710641,2710641,3000
decode_json,progress_id_after_1460,baseline,11,1,3059924,3059924,3000
decode_json,progress_id_after_1460,simd,11,1,3069210,3069210,3000
decode_json,progress_id_after_1460,core,11,1,3027441,3027441,3000
decode_json,progress_id_after_1460,json_only,12,1,2707087,2707087,3000
decode_json,progress_id_after_1460,combined,12,1,3000877,3000877,3000
decode_json,progress_id_after_1460,simd,12,1,3095726,3095726,3000
decode_json,progress_id_after_1460,core,12,1,2989592,2989592,3000
decode_json,progress_id_after_1460,baseline,12,1,3062353,3062353,3000
decode_json,progress_id_after_1460,fused,12,1,3069925,3069925,3000
decode_json,progress_id_after_1460,fused,13,1,3041519,3041519,3000
decode_json,progress_id_after_1460,baseline,13,1,3043753,3043753,3000
decode_json,progress_id_after_1460,simd,13,1,3198927,3198927,3000
decode_json,progress_id_after_1460,json_only,13,1,2710160,2710160,3000
decode_json,progress_id_after_1460,core,13,1,3021558,3021558,3000
decode_json,progress_id_after_1460,combined,13,1,3010522,3010522,3000
decode_json,progress_id_after_1460,fused,14,1,3046410,3046410,3000
decode_json,progress_id_after_1460,core,14,1,2989696,2989696,3000
decode_json,progress_id_after_1460,combined,14,1,3002259,3002259,3000
decode_json,progress_id_after_1460,json_only,14,1,2706756,2706756,3000
decode_json,progress_id_after_1460,baseline,14,1,3080906,3080906,3000
decode_json,progress_id_after_1460,simd,14,1,3053664,3053664,3000
decode_json,progress_id_after_1460,core,15,1,2994907,2994907,3000
decode_json,progress_id_after_1460,json_only,15,1,2719319,2719319,3000
decode_json,progress_id_after_1460,fused,15,1,3083703,3083703,3000
decode_json,progress_id_after_1460,simd,15,1,3124726,3124726,3000
decode_json,progress_id_after_1460,combined,15,1,3041323,3041323,3000
decode_json,progress_id_after_1460,baseline,15,1,3096531,3096531,3000
decode_json,progress_id_after_1460,baseline,16,1,3140787,3140787,3000
decode_json,progress_id_after_1460,combined,16,1,3057010,3057010,3000
decode_json,progress_id_after_1460,core,16,1,3057212,3057212,3000
decode_json,progress_id_after_1460,fused,16,1,3110864,3110864,3000
decode_json,progress_id_after_1460,json_only,16,1,2763487,2763487,3000
decode_json,progress_id_after_1460,simd,16,1,3089072,3089072,3000
decode_json,progress_id_after_1460,combined,17,1,3029563,3029563,3000
decode_json,progress_id_after_1460,baseline,17,1,3073046,3073046,3000
decode_json,progress_id_after_1460,simd,17,1,3082971,3082971,3000
decode_json,progress_id_after_1460,fused,17,1,3082459,3082459,3000
decode_json,progress_id_after_1460,json_only,17,1,2715242,2715242,3000
decode_json,progress_id_after_1460,core,17,1,3047284,3047284,3000
decode_json,progress_id_after_1460,baseline,18,1,3079492,3079492,3000
decode_json,progress_id_after_1460,combined,18,1,3021737,3021737,3000
decode_json,progress_id_after_1460,fused,18,1,3081537,3081537,3000
decode_json,progress_id_after_1460,simd,18,1,3105745,3105745,3000
decode_json,progress_id_after_1460,core,18,1,3022491,3022491,3000
decode_json,progress_id_after_1460,json_only,18,1,2721238,2721238,3000
decode_json,progress_id_after_1460,json_only,19,1,2724794,2724794,3000
decode_json,progress_id_after_1460,core,19,1,2982533,2982533,3000
decode_json,progress_id_after_1460,baseline,19,1,3070936,3070936,3000
decode_json,progress_id_after_1460,combined,19,1,3000580,3000580,3000
decode_json,progress_id_after_1460,simd,19,1,3066895,3066895,3000
decode_json,progress_id_after_1460,fused,19,1,3075352,3075352,3000
decode_json,progress_id_after_1460,baseline,20,1,3047481,3047481,3000
decode_json,progress_id_after_1460,core,20,1,3034053,3034053,3000
decode_json,progress_id_after_1460,json_only,20,1,2714065,2714065,3000
decode_json,progress_id_after_1460,combined,20,1,3004836,3004836,3000
decode_json,progress_id_after_1460,simd,20,1,3049575,3049575,3000
decode_json,progress_id_after_1460,fused,20,1,3049202,3049202,3000
decode_json,progress_id_after_1460,fused,21,1,3055465,3055465,3000
decode_json,progress_id_after_1460,combined,21,1,3044161,3044161,3000
decode_json,progress_id_after_1460,core,21,1,2993046,2993046,3000
decode_json,progress_id_after_1460,json_only,21,1,2715332,2715332,3000
decode_json,progress_id_after_1460,baseline,21,1,3044361,3044361,3000
decode_json,progress_id_after_1460,simd,21,1,3191622,3191622,3000
decode_json,progress_id_after_1460,json_only,22,1,2743028,2743028,3000
decode_json,progress_id_after_1460,core,22,1,3016535,3016535,3000
decode_json,progress_id_after_1460,baseline,22,1,3041092,3041092,3000
decode_json,progress_id_after_1460,simd,22,1,3057169,3057169,3000
decode_json,progress_id_after_1460,fused,22,1,3027440,3027440,3000
decode_json,progress_id_after_1460,combined,22,1,3018176,3018176,3000
decode_json,progress_id_after_1460,simd,23,1,3076793,3076793,3000
decode_json,progress_id_after_1460,core,23,1,2998553,2998553,3000
decode_json,progress_id_after_1460,fused,23,1,3038814,3038814,3000
decode_json,progress_id_after_1460,combined,23,1,3008558,3008558,3000
decode_json,progress_id_after_1460,json_only,23,1,2717936,2717936,3000
decode_json,progress_id_after_1460,baseline,23,1,3047256,3047256,3000
decode_json,progress_id_after_1460,fused,24,1,3073530,3073530,3000
decode_json,progress_id_after_1460,core,24,1,2987936,2987936,3000
decode_json,progress_id_after_1460,simd,24,1,3069539,3069539,3000
decode_json,progress_id_after_1460,json_only,24,1,2715930,2715930,3000
decode_json,progress_id_after_1460,combined,24,1,3022408,3022408,3000
decode_json,progress_id_after_1460,baseline,24,1,3093235,3093235,3000
decode_json,progress_id_after_1460,fused,25,1,3044441,3044441,3000
decode_json,progress_id_after_1460,core,25,1,3000042,3000042,3000
decode_json,progress_id_after_1460,simd,25,1,3061431,3061431,3000
decode_json,progress_id_after_1460,baseline,25,1,3050401,3050401,3000
decode_json,progress_id_after_1460,json_only,25,1,2713051,2713051,3000
decode_json,progress_id_after_1460,combined,25,1,3040003,3040003,3000
decode_json,progress_id_after_1460,core,26,1,3025690,3025690,3000
decode_json,progress_id_after_1460,combined,26,1,3020159,3020159,3000
decode_json,progress_id_after_1460,baseline,26,1,3063880,3063880,3000
decode_json,progress_id_after_1460,fused,26,1,3086915,3086915,3000
decode_json,progress_id_after_1460,simd,26,1,3083432,3083432,3000
decode_json,progress_id_after_1460,json_only,26,1,2709304,2709304,3000
decode_json,progress_id_after_1460,json_only,27,1,2716621,2716621,3000
decode_json,progress_id_after_1460,core,27,1,2991518,2991518,3000
decode_json,progress_id_after_1460,combined,27,1,3003227,3003227,3000
decode_json,progress_id_after_1460,baseline,27,1,3044056,3044056,3000
decode_json,progress_id_after_1460,simd,27,1,3078604,3078604,3000
decode_json,progress_id_after_1460,fused,27,1,3053792,3053792,3000
decode_json,progress_id_after_1460,fused,28,1,3168311,3168311,3000
decode_json,progress_id_after_1460,simd,28,1,3085537,3085537,3000
decode_json,progress_id_after_1460,json_only,28,1,3244243,3244243,3000
decode_json,progress_id_after_1460,core,28,1,4314084,4314084,3000
decode_json,progress_id_after_1460,baseline,28,1,4076087,4076087,3000
decode_json,progress_id_after_1460,combined,28,1,4238501,4238501,3000
decode_json,progress_id_after_1460,simd,29,1,4551784,4551784,3000
decode_json,progress_id_after_1460,json_only,29,1,3455642,3455642,3000
decode_json,progress_id_after_1460,baseline,29,1,3921688,3921688,3000
decode_json,progress_id_after_1460,core,29,1,3988700,3988700,3000
decode_json,progress_id_after_1460,combined,29,1,4128725,4128725,3000
decode_json,progress_id_after_1460,fused,29,1,4136803,4136803,3000
decode_json,progress_id_after_1460,combined,30,1,4027281,4027281,3000
decode_json,progress_id_after_1460,json_only,30,1,3737938,3737938,3000
decode_json,progress_id_after_1460,baseline,30,1,3751413,3751413,3000
decode_json,progress_id_after_1460,simd,30,1,4018466,4018466,3000
decode_json,progress_id_after_1460,fused,30,1,4439596,4439596,3000
decode_json,progress_id_after_1460,core,30,1,3760834,3760834,3000
encode,progress_id_after_1460,direct,0,2,2697290,1348645,3000
encode,progress_id_after_1460,baseline,0,1,1909839,1909839,3000
encode,progress_id_after_1460,reserved,0,1,1658547,1658547,3000
encode,progress_id_after_1460,reserved,1,1,1401364,1401364,3000
encode,progress_id_after_1460,direct,1,2,2559615,1279807.5,3000
encode,progress_id_after_1460,baseline,1,1,1560516,1560516,3000
encode,progress_id_after_1460,reserved,2,1,1324646,1324646,3000
encode,progress_id_after_1460,direct,2,2,2624449,1312224.5,3000
encode,progress_id_after_1460,baseline,2,1,1715721,1715721,3000
encode,progress_id_after_1460,direct,3,2,2389223,1194611.5,3000
encode,progress_id_after_1460,baseline,3,1,1707736,1707736,3000
encode,progress_id_after_1460,reserved,3,1,1356062,1356062,3000
encode,progress_id_after_1460,direct,4,2,2447017,1223508.5,3000
encode,progress_id_after_1460,reserved,4,1,1351891,1351891,3000
encode,progress_id_after_1460,baseline,4,1,1672983,1672983,3000
encode,progress_id_after_1460,reserved,5,1,1294019,1294019,3000
encode,progress_id_after_1460,direct,5,2,2669605,1334802.5,3000
encode,progress_id_after_1460,baseline,5,1,1606156,1606156,3000
encode,progress_id_after_1460,baseline,6,1,1327946,1327946,3000
encode,progress_id_after_1460,reserved,6,1,1057807,1057807,3000
encode,progress_id_after_1460,direct,6,2,1963314,981657,3000
encode,progress_id_after_1460,baseline,7,1,1298420,1298420,3000
encode,progress_id_after_1460,direct,7,2,1998055,999027.5,3000
encode,progress_id_after_1460,reserved,7,1,1105867,1105867,3000
encode,progress_id_after_1460,reserved,8,1,1132698,1132698,3000
encode,progress_id_after_1460,baseline,8,1,1244415,1244415,3000
encode,progress_id_after_1460,direct,8,2,1969612,984806,3000
encode,progress_id_after_1460,baseline,9,1,1236885,1236885,3000
encode,progress_id_after_1460,reserved,9,1,1087638,1087638,3000
encode,progress_id_after_1460,direct,9,2,2093637,1046818.5,3000
encode,progress_id_after_1460,direct,10,2,2087519,1043759.5,3000
encode,progress_id_after_1460,reserved,10,1,1070298,1070298,3000
encode,progress_id_after_1460,baseline,10,1,1274412,1274412,3000
encode,progress_id_after_1460,reserved,11,1,1094564,1094564,3000
encode,progress_id_after_1460,direct,11,2,1974341,987170.5,3000
encode,progress_id_after_1460,baseline,11,1,1292665,1292665,3000
encode,progress_id_after_1460,baseline,12,1,1438150,1438150,3000
encode,progress_id_after_1460,reserved,12,1,1099246,1099246,3000
encode,progress_id_after_1460,direct,12,2,2123160,1061580,3000
encode,progress_id_after_1460,reserved,13,1,1049308,1049308,3000
encode,progress_id_after_1460,direct,13,2,2156251,1078125.5,3000
encode,progress_id_after_1460,baseline,13,1,1270907,1270907,3000
encode,progress_id_after_1460,reserved,14,1,1075030,1075030,3000
encode,progress_id_after_1460,baseline,14,1,1318191,1318191,3000
encode,progress_id_after_1460,direct,14,2,2178730,1089365,3000
encode,progress_id_after_1460,reserved,15,1,1026969,1026969,3000
encode,progress_id_after_1460,direct,15,2,1986069,993034.5,3000
encode,progress_id_after_1460,baseline,15,1,1268215,1268215,3000
encode,progress_id_after_1460,direct,16,2,2068325,1034162.5,3000
encode,progress_id_after_1460,reserved,16,1,1084513,1084513,3000
encode,progress_id_after_1460,baseline,16,1,1289444,1289444,3000
encode,progress_id_after_1460,reserved,17,1,1263522,1263522,3000
encode,progress_id_after_1460,baseline,17,1,1618450,1618450,3000
encode,progress_id_after_1460,direct,17,2,2150648,1075324,3000
encode,progress_id_after_1460,reserved,18,1,1060695,1060695,3000
encode,progress_id_after_1460,direct,18,2,2007323,1003661.5,3000
encode,progress_id_after_1460,baseline,18,1,1268561,1268561,3000
encode,progress_id_after_1460,direct,19,2,1972517,986258.5,3000
encode,progress_id_after_1460,baseline,19,1,1597576,1597576,3000
encode,progress_id_after_1460,reserved,19,1,1064288,1064288,3000
encode,progress_id_after_1460,baseline,20,1,1268466,1268466,3000
encode,progress_id_after_1460,reserved,20,1,1100868,1100868,3000
encode,progress_id_after_1460,direct,20,2,1936841,968420.5,3000
encode,progress_id_after_1460,reserved,21,1,1072606,1072606,3000
encode,progress_id_after_1460,direct,21,2,1949598,974799,3000
encode,progress_id_after_1460,baseline,21,1,1271704,1271704,3000
encode,progress_id_after_1460,direct,22,2,2076739,1038369.5,3000
encode,progress_id_after_1460,reserved,22,1,1095057,1095057,3000
encode,progress_id_after_1460,baseline,22,1,1310548,1310548,3000
encode,progress_id_after_1460,baseline,23,1,1263641,1263641,3000
encode,progress_id_after_1460,direct,23,2,1946269,973134.5,3000
encode,progress_id_after_1460,reserved,23,1,1044031,1044031,3000
encode,progress_id_after_1460,direct,24,2,1948173,974086.5,3000
encode,progress_id_after_1460,reserved,24,1,1037775,1037775,3000
encode,progress_id_after_1460,baseline,24,1,1273572,1273572,3000
encode,progress_id_after_1460,reserved,25,1,1053835,1053835,3000
encode,progress_id_after_1460,baseline,25,1,1252724,1252724,3000
encode,progress_id_after_1460,direct,25,2,2029559,1014779.5,3000
encode,progress_id_after_1460,direct,26,2,1918076,959038,3000
encode,progress_id_after_1460,reserved,26,1,1081434,1081434,3000
encode,progress_id_after_1460,baseline,26,1,1248654,1248654,3000
encode,progress_id_after_1460,reserved,27,1,1037897,1037897,3000
encode,progress_id_after_1460,direct,27,2,1922087,961043.5,3000
encode,progress_id_after_1460,baseline,27,1,1295306,1295306,3000
encode,progress_id_after_1460,reserved,28,1,1046836,1046836,3000
encode,progress_id_after_1460,baseline,28,1,1272453,1272453,3000
encode,progress_id_after_1460,direct,28,2,1942578,971289,3000
encode,progress_id_after_1460,baseline,29,1,1262974,1262974,3000
encode,progress_id_after_1460,direct,29,2,1995622,997811,3000
encode,progress_id_after_1460,reserved,29,1,1011459,1011459,3000
encode,progress_id_after_1460,reserved,30,1,1062712,1062712,3000
encode,progress_id_after_1460,baseline,30,1,1268910,1268910,3000
encode,progress_id_after_1460,direct,30,2,1970833,985416.5,3000
decode,progress_meta_before_event,core,0,8,2573408,321676,3000
decode,progress_meta_before_event,combined,0,11,2971752,270159.2727272727,3000
decode,progress_meta_before_event,baseline,0,9,3087516,343057.3333333333,3000
decode,progress_meta_before_event,fused,0,9,3197772,355308,3000
decode,progress_meta_before_event,simd,0,8,2939953,367494.125,3000
decode,progress_meta_before_event,core,1,8,2760465,345058.125,3000
decode,progress_meta_before_event,baseline,1,9,3257574,361952.6666666667,3000
decode,progress_meta_before_event,simd,1,8,3995696,499462,3000
decode,progress_meta_before_event,fused,1,9,5738196,637577.3333333334,3000
decode,progress_meta_before_event,combined,1,11,3942688,358426.1818181818,3000
decode,progress_meta_before_event,core,2,8,3049717,381214.625,3000
decode,progress_meta_before_event,fused,2,9,3238529,359836.55555555556,3000
decode,progress_meta_before_event,baseline,2,9,3202780,355864.44444444444,3000
decode,progress_meta_before_event,simd,2,8,2780683,347585.375,3000
decode,progress_meta_before_event,combined,2,11,3078975,279906.8181818182,3000
decode,progress_meta_before_event,baseline,3,9,2994316,332701.77777777775,3000
decode,progress_meta_before_event,fused,3,9,2971984,330220.44444444444,3000
decode,progress_meta_before_event,combined,3,11,3024946,274995.0909090909,3000
decode,progress_meta_before_event,core,3,8,2541118,317639.75,3000
decode,progress_meta_before_event,simd,3,8,2704690,338086.25,3000
decode,progress_meta_before_event,baseline,4,9,2996929,332992.1111111111,3000
decode,progress_meta_before_event,simd,4,8,2761094,345136.75,3000
decode,progress_meta_before_event,combined,4,11,3085664,280514.9090909091,3000
decode,progress_meta_before_event,fused,4,9,3036432,337381.3333333333,3000
decode,progress_meta_before_event,core,4,8,2610335,326291.875,3000
decode,progress_meta_before_event,simd,5,8,2681781,335222.625,3000
decode,progress_meta_before_event,fused,5,9,2941215,326801.6666666667,3000
decode,progress_meta_before_event,baseline,5,9,3215176,357241.77777777775,3000
decode,progress_meta_before_event,combined,5,11,2979188,270835.2727272727,3000
decode,progress_meta_before_event,core,5,8,2575372,321921.5,3000
decode,progress_meta_before_event,simd,6,8,2809824,351228,3000
decode,progress_meta_before_event,fused,6,9,2986635,331848.3333333333,3000
decode,progress_meta_before_event,baseline,6,9,2919878,324430.8888888889,3000
decode,progress_meta_before_event,core,6,8,2533507,316688.375,3000
decode,progress_meta_before_event,combined,6,11,2975308,270482.54545454547,3000
decode,progress_meta_before_event,simd,7,8,2744031,343003.875,3000
decode,progress_meta_before_event,core,7,8,2536694,317086.75,3000
decode,progress_meta_before_event,combined,7,11,2984269,271297.1818181818,3000
decode,progress_meta_before_event,baseline,7,9,2970434,330048.22222222225,3000
decode,progress_meta_before_event,fused,7,9,2938954,326550.44444444444,3000
decode,progress_meta_before_event,combined,8,11,2958948,268995.2727272727,3000
decode,progress_meta_before_event,baseline,8,9,3014552,334950.22222222225,3000
decode,progress_meta_before_event,core,8,8,2523595,315449.375,3000
decode,progress_meta_before_event,simd,8,8,2702557,337819.625,3000
decode,progress_meta_before_event,fused,8,9,2938154,326461.55555555556,3000
decode,progress_meta_before_event,fused,9,9,2954202,328244.6666666667,3000
decode,progress_meta_before_event,combined,9,11,2986489,271499,3000
decode,progress_meta_before_event,simd,9,8,2692624,336578,3000
decode,progress_meta_before_event,core,9,8,2545926,318240.75,3000
decode,progress_meta_before_event,baseline,9,9,2947891,327543.44444444444,3000
decode,progress_meta_before_event,combined,10,11,2962320,269301.8181818182,3000
decode,progress_meta_before_event,fused,10,9,2921513,324612.55555555556,3000
decode,progress_meta_before_event,baseline,10,9,2984375,331597.22222222225,3000
decode,progress_meta_before_event,core,10,8,2566938,320867.25,3000
decode,progress_meta_before_event,simd,10,8,2698314,337289.25,3000
decode,progress_meta_before_event,core,11,8,2527803,315975.375,3000
decode,progress_meta_before_event,fused,11,9,2928397,325377.44444444444,3000
decode,progress_meta_before_event,combined,11,11,2988729,271702.63636363635,3000
decode,progress_meta_before_event,simd,11,8,2699109,337388.625,3000
decode,progress_meta_before_event,baseline,11,9,2914499,323833.22222222225,3000
decode,progress_meta_before_event,combined,12,11,2986830,271530,3000
decode,progress_meta_before_event,baseline,12,9,3011614,334623.77777777775,3000
decode,progress_meta_before_event,core,12,8,2583078,322884.75,3000
decode,progress_meta_before_event,simd,12,8,2689058,336132.25,3000
decode,progress_meta_before_event,fused,12,9,2926677,325186.3333333333,3000
decode,progress_meta_before_event,core,13,8,2558465,319808.125,3000
decode,progress_meta_before_event,fused,13,9,2941199,326799.8888888889,3000
decode,progress_meta_before_event,baseline,13,9,3019522,335502.44444444444,3000
decode,progress_meta_before_event,simd,13,8,2688331,336041.375,3000
decode,progress_meta_before_event,combined,13,11,3002231,272930.0909090909,3000
decode,progress_meta_before_event,combined,14,11,2974100,270372.7272727273,3000
decode,progress_meta_before_event,fused,14,9,2929362,325484.6666666667,3000
decode,progress_meta_before_event,core,14,8,2552626,319078.25,3000
decode,progress_meta_before_event,baseline,14,9,2968747,329860.77777777775,3000
decode,progress_meta_before_event,simd,14,8,2671271,333908.875,3000
decode,progress_meta_before_event,combined,15,11,2993198,272108.9090909091,3000
decode,progress_meta_before_event,core,15,8,2533350,316668.75,3000
decode,progress_meta_before_event,simd,15,8,2728791,341098.875,3000
decode,progress_meta_before_event,baseline,15,9,2995802,332866.8888888889,3000
decode,progress_meta_before_event,fused,15,9,2921926,324658.44444444444,3000
decode,progress_meta_before_event,baseline,16,9,2963979,329331,3000
decode,progress_meta_before_event,simd,16,8,2703239,337904.875,3000
decode,progress_meta_before_event,fused,16,9,2922586,324731.77777777775,3000
decode,progress_meta_before_event,combined,16,11,2957218,268838,3000
decode,progress_meta_before_event,core,16,8,2532576,316572,3000
decode,progress_meta_before_event,baseline,17,9,2931575,325730.55555555556,3000
decode,progress_meta_before_event,combined,17,11,2962669,269333.54545454547,3000
decode,progress_meta_before_event,simd,17,8,2737708,342213.5,3000
decode,progress_meta_before_event,fused,17,9,2904340,322704.44444444444,3000
decode,progress_meta_before_event,core,17,8,2662562,332820.25,3000
decode,progress_meta_before_event,simd,18,8,2683463,335432.875,3000
decode,progress_meta_before_event,fused,18,9,2939821,326646.77777777775,3000
decode,progress_meta_before_event,combined,18,11,2966997,269727,3000
decode,progress_meta_before_event,core,18,8,2524409,315551.125,3000
decode,progress_meta_before_event,baseline,18,9,3028490,336498.8888888889,3000
decode,progress_meta_before_event,core,19,8,2551763,318970.375,3000
decode,progress_meta_before_event,baseline,19,9,2930982,325664.6666666667,3000
decode,progress_meta_before_event,fused,19,9,2906040,322893.3333333333,3000
decode,progress_meta_before_event,simd,19,8,2701639,337704.875,3000
decode,progress_meta_before_event,combined,19,11,2969757,269977.9090909091,3000
decode,progress_meta_before_event,core,20,8,2544493,318061.625,3000
decode,progress_meta_before_event,baseline,20,9,2931070,325674.44444444444,3000
decode,progress_meta_before_event,combined,20,11,3002044,272913.0909090909,3000
decode,progress_meta_before_event,fused,20,9,2949774,327752.6666666667,3000
decode,progress_meta_before_event,simd,20,8,2702101,337762.625,3000
decode,progress_meta_before_event,simd,21,8,2675990,334498.75,3000
decode,progress_meta_before_event,combined,21,11,2992205,272018.63636363635,3000
decode,progress_meta_before_event,baseline,21,9,2981900,331322.22222222225,3000
decode,progress_meta_before_event,fused,21,9,2934758,326084.22222222225,3000
decode,progress_meta_before_event,core,21,8,2532990,316623.75,3000
decode,progress_meta_before_event,simd,22,8,2717210,339651.25,3000
decode,progress_meta_before_event,combined,22,11,2999039,272639.9090909091,3000
decode,progress_meta_before_event,core,22,8,2568867,321108.375,3000
decode,progress_meta_before_event,baseline,22,9,2947479,327497.6666666667,3000
decode,progress_meta_before_event,fused,22,9,2910584,323398.22222222225,3000
decode,progress_meta_before_event,combined,23,11,2979336,270848.7272727273,3000
decode,progress_meta_before_event,core,23,8,2531657,316457.125,3000
decode,progress_meta_before_event,baseline,23,9,3007771,334196.77777777775,3000
decode,progress_meta_before_event,simd,23,8,2706169,338271.125,3000
decode,progress_meta_before_event,fused,23,9,2936739,326304.3333333333,3000
decode,progress_meta_before_event,fused,24,9,2922716,324746.22222222225,3000
decode,progress_meta_before_event,core,24,8,2540880,317610,3000
decode,progress_meta_before_event,baseline,24,9,2920691,324521.22222222225,3000
decode,progress_meta_before_event,combined,24,11,2961197,269199.7272727273,3000
decode,progress_meta_before_event,simd,24,8,2697100,337137.5,3000
decode,progress_meta_before_event,fused,25,9,2903265,322585,3000
decode,progress_meta_before_event,combined,25,11,2959285,269025.9090909091,3000
decode,progress_meta_before_event,core,25,8,2545295,318161.875,3000
decode,progress_meta_before_event,simd,25,8,2693488,336686,3000
decode,progress_meta_before_event,baseline,25,9,2999808,333312,3000
decode,progress_meta_before_event,baseline,26,9,2920489,324498.77777777775,3000
decode,progress_meta_before_event,simd,26,8,2724114,340514.25,3000
decode,progress_meta_before_event,fused,26,9,2920423,324491.44444444444,3000
decode,progress_meta_before_event,core,26,8,2527928,315991,3000
decode,progress_meta_before_event,combined,26,11,2976762,270614.7272727273,3000
decode,progress_meta_before_event,core,27,8,2539947,317493.375,3000
decode,progress_meta_before_event,fused,27,9,2930855,325650.55555555556,3000
decode,progress_meta_before_event,baseline,27,9,2978080,330897.77777777775,3000
decode,progress_meta_before_event,combined,27,11,2990391,271853.7272727273,3000
decode,progress_meta_before_event,simd,27,8,2695947,336993.375,3000
decode,progress_meta_before_event,fused,28,9,2922781,324753.44444444444,3000
decode,progress_meta_before_event,combined,28,11,2975027,270457,3000
decode,progress_meta_before_event,simd,28,8,2720486,340060.75,3000
decode,progress_meta_before_event,baseline,28,9,2955566,328396.22222222225,3000
decode,progress_meta_before_event,core,28,8,2552191,319023.875,3000
decode,progress_meta_before_event,simd,29,8,2700112,337514,3000
decode,progress_meta_before_event,core,29,8,2548085,318510.625,3000
decode,progress_meta_before_event,fused,29,9,2938310,326478.8888888889,3000
decode,progress_meta_before_event,combined,29,11,2975162,270469.2727272727,3000
decode,progress_meta_before_event,baseline,29,9,2940294,326699.3333333333,3000
decode,progress_meta_before_event,combined,30,11,2983255,271205,3000
decode,progress_meta_before_event,core,30,8,2541397,317674.625,3000
decode,progress_meta_before_event,simd,30,8,2695008,336876,3000
decode,progress_meta_before_event,fused,30,9,2941378,326819.77777777775,3000
decode,progress_meta_before_event,baseline,30,9,2933385,325931.6666666667,3000
decode_json,progress_meta_before_event,baseline,0,1,3115488,3115488,3000
decode_json,progress_meta_before_event,core,0,1,3087876,3087876,3000
decode_json,progress_meta_before_event,combined,0,1,3124509,3124509,3000
decode_json,progress_meta_before_event,fused,0,1,3091105,3091105,3000
decode_json,progress_meta_before_event,json_only,0,1,2718015,2718015,3000
decode_json,progress_meta_before_event,simd,0,1,3136217,3136217,3000
decode_json,progress_meta_before_event,combined,1,1,3040473,3040473,3000
decode_json,progress_meta_before_event,simd,1,1,3090539,3090539,3000
decode_json,progress_meta_before_event,baseline,1,1,3204653,3204653,3000
decode_json,progress_meta_before_event,json_only,1,1,2772109,2772109,3000
decode_json,progress_meta_before_event,core,1,1,3141170,3141170,3000
decode_json,progress_meta_before_event,fused,1,1,3128753,3128753,3000
decode_json,progress_meta_before_event,core,2,1,3105229,3105229,3000
decode_json,progress_meta_before_event,simd,2,1,3158015,3158015,3000
decode_json,progress_meta_before_event,combined,2,1,3048232,3048232,3000
decode_json,progress_meta_before_event,json_only,2,1,2751570,2751570,3000
decode_json,progress_meta_before_event,fused,2,1,3160116,3160116,3000
decode_json,progress_meta_before_event,baseline,2,1,3127070,3127070,3000
decode_json,progress_meta_before_event,baseline,3,1,3128472,3128472,3000
decode_json,progress_meta_before_event,json_only,3,1,2751310,2751310,3000
decode_json,progress_meta_before_event,combined,3,1,3047128,3047128,3000
decode_json,progress_meta_before_event,fused,3,1,3091706,3091706,3000
decode_json,progress_meta_before_event,core,3,1,3075189,3075189,3000
decode_json,progress_meta_before_event,simd,3,1,3098429,3098429,3000
decode_json,progress_meta_before_event,json_only,4,1,2750979,2750979,3000
decode_json,progress_meta_before_event,simd,4,1,3097336,3097336,3000
decode_json,progress_meta_before_event,fused,4,1,3072755,3072755,3000
decode_json,progress_meta_before_event,combined,4,1,3060934,3060934,3000
decode_json,progress_meta_before_event,core,4,1,3076674,3076674,3000
decode_json,progress_meta_before_event,baseline,4,1,3081682,3081682,3000
decode_json,progress_meta_before_event,simd,5,1,3161816,3161816,3000
decode_json,progress_meta_before_event,baseline,5,1,3104287,3104287,3000
decode_json,progress_meta_before_event,json_only,5,1,2835372,2835372,3000
decode_json,progress_meta_before_event,core,5,1,3084659,3084659,3000
decode_json,progress_meta_before_event,fused,5,1,3075563,3075563,3000
decode_json,progress_meta_before_event,combined,5,1,3070106,3070106,3000
decode_json,progress_meta_before_event,baseline,6,1,3102003,3102003,3000
decode_json,progress_meta_before_event,json_only,6,1,2725217,2725217,3000
decode_json,progress_meta_before_event,simd,6,1,3111082,3111082,3000
decode_json,progress_meta_before_event,fused,6,1,3123172,3123172,3000
decode_json,progress_meta_before_event,core,6,1,3155866,3155866,3000
decode_json,progress_meta_before_event,combined,6,1,3210736,3210736,3000
decode_json,progress_meta_before_event,fused,7,1,3209540,3209540,3000
decode_json,progress_meta_before_event,combined,7,1,3158800,3158800,3000
decode_json,progress_meta_before_event,simd,7,1,3160049,3160049,3000
decode_json,progress_meta_before_event,json_only,7,1,2774741,2774741,3000
decode_json,progress_meta_before_event,baseline,7,1,3280036,3280036,3000
decode_json,progress_meta_before_event,core,7,1,3550953,3550953,3000
decode_json,progress_meta_before_event,baseline,8,1,3392633,3392633,3000
decode_json,progress_meta_before_event,core,8,1,3312592,3312592,3000
decode_json,progress_meta_before_event,combined,8,1,3123907,3123907,3000
decode_json,progress_meta_before_event,fused,8,1,3185147,3185147,3000
decode_json,progress_meta_before_event,simd,8,1,3160794,3160794,3000
decode_json,progress_meta_before_event,json_only,8,1,2720310,2720310,3000
decode_json,progress_meta_before_event,core,9,1,3100054,3100054,3000
decode_json,progress_meta_before_event,simd,9,1,3171745,3171745,3000
decode_json,progress_meta_before_event,baseline,9,1,3247082,3247082,3000
decode_json,progress_meta_before_event,combined,9,1,3130267,3130267,3000
decode_json,progress_meta_before_event,fused,9,1,3105606,3105606,3000
decode_json,progress_meta_before_event,json_only,9,1,2733431,2733431,3000
decode_json,progress_meta_before_event,simd,10,1,3141165,3141165,3000
decode_json,progress_meta_before_event,baseline,10,1,3111880,3111880,3000
decode_json,progress_meta_before_event,combined,10,1,3079194,3079194,3000
decode_json,progress_meta_before_event,json_only,10,1,2716198,2716198,3000
decode_json,progress_meta_before_event,core,10,1,3085004,3085004,3000
decode_json,progress_meta_before_event,fused,10,1,3096641,3096641,3000
decode_json,progress_meta_before_event,combined,11,1,3034841,3034841,3000
decode_json,progress_meta_before_event,fused,11,1,3107320,3107320,3000
decode_json,progress_meta_before_event,json_only,11,1,2707637,2707637,3000
decode_json,progress_meta_before_event,baseline,11,1,3111647,3111647,3000
decode_json,progress_meta_before_event,simd,11,1,3092774,3092774,3000
decode_json,progress_meta_before_event,core,11,1,3079407,3079407,3000
decode_json,progress_meta_before_event,json_only,12,1,2722123,2722123,3000
decode_json,progress_meta_before_event,combined,12,1,3063497,3063497,3000
decode_json,progress_meta_before_event,simd,12,1,3090557,3090557,3000
decode_json,progress_meta_before_event,core,12,1,3088872,3088872,3000
decode_json,progress_meta_before_event,baseline,12,1,3094343,3094343,3000
decode_json,progress_meta_before_event,fused,12,1,3076134,3076134,3000
decode_json,progress_meta_before_event,fused,13,1,3100043,3100043,3000
decode_json,progress_meta_before_event,baseline,13,1,3087815,3087815,3000
decode_json,progress_meta_before_event,simd,13,1,3155665,3155665,3000
decode_json,progress_meta_before_event,json_only,13,1,2794404,2794404,3000
decode_json,progress_meta_before_event,core,13,1,4495363,4495363,3000
decode_json,progress_meta_before_event,combined,13,1,4210669,4210669,3000
decode_json,progress_meta_before_event,fused,14,1,5398365,5398365,3000
decode_json,progress_meta_before_event,core,14,1,6909197,6909197,3000
decode_json,progress_meta_before_event,combined,14,1,5504967,5504967,3000
decode_json,progress_meta_before_event,json_only,14,1,4529565,4529565,3000
decode_json,progress_meta_before_event,baseline,14,1,5067044,5067044,3000
decode_json,progress_meta_before_event,simd,14,1,6036597,6036597,3000
decode_json,progress_meta_before_event,core,15,1,5732888,5732888,3000
decode_json,progress_meta_before_event,json_only,15,1,4996583,4996583,3000
decode_json,progress_meta_before_event,fused,15,1,5470233,5470233,3000
decode_json,progress_meta_before_event,simd,15,1,5642044,5642044,3000
decode_json,progress_meta_before_event,combined,15,1,5656411,5656411,3000
decode_json,progress_meta_before_event,baseline,15,1,4950220,4950220,3000
decode_json,progress_meta_before_event,baseline,16,1,5075840,5075840,3000
decode_json,progress_meta_before_event,combined,16,1,5098929,5098929,3000
decode_json,progress_meta_before_event,core,16,1,5060941,5060941,3000
decode_json,progress_meta_before_event,fused,16,1,5409269,5409269,3000
decode_json,progress_meta_before_event,json_only,16,1,4222498,4222498,3000
decode_json,progress_meta_before_event,simd,16,1,4523124,4523124,3000
decode_json,progress_meta_before_event,combined,17,1,5465752,5465752,3000
decode_json,progress_meta_before_event,baseline,17,1,5503483,5503483,3000
decode_json,progress_meta_before_event,simd,17,1,5204820,5204820,3000
decode_json,progress_meta_before_event,fused,17,1,5082431,5082431,3000
decode_json,progress_meta_before_event,json_only,17,1,4630192,4630192,3000
decode_json,progress_meta_before_event,core,17,1,4928016,4928016,3000
decode_json,progress_meta_before_event,baseline,18,1,4250193,4250193,3000
decode_json,progress_meta_before_event,combined,18,1,3681497,3681497,3000
decode_json,progress_meta_before_event,fused,18,1,3555787,3555787,3000
decode_json,progress_meta_before_event,simd,18,1,3287886,3287886,3000
decode_json,progress_meta_before_event,core,18,1,3262669,3262669,3000
decode_json,progress_meta_before_event,json_only,18,1,3350478,3350478,3000
decode_json,progress_meta_before_event,json_only,19,1,3154327,3154327,3000
decode_json,progress_meta_before_event,core,19,1,3958905,3958905,3000
decode_json,progress_meta_before_event,baseline,19,1,4163900,4163900,3000
decode_json,progress_meta_before_event,combined,19,1,3882354,3882354,3000
decode_json,progress_meta_before_event,simd,19,1,3700159,3700159,3000
decode_json,progress_meta_before_event,fused,19,1,3863587,3863587,3000
decode_json,progress_meta_before_event,baseline,20,1,3636938,3636938,3000
decode_json,progress_meta_before_event,core,20,1,4219448,4219448,3000
decode_json,progress_meta_before_event,json_only,20,1,3752784,3752784,3000
decode_json,progress_meta_before_event,combined,20,1,3707332,3707332,3000
decode_json,progress_meta_before_event,simd,20,1,3748483,3748483,3000
decode_json,progress_meta_before_event,fused,20,1,3680551,3680551,3000
decode_json,progress_meta_before_event,fused,21,1,3585216,3585216,3000
decode_json,progress_meta_before_event,combined,21,1,3428904,3428904,3000
decode_json,progress_meta_before_event,core,21,1,3356073,3356073,3000
decode_json,progress_meta_before_event,json_only,21,1,2929204,2929204,3000
decode_json,progress_meta_before_event,baseline,21,1,3243111,3243111,3000
decode_json,progress_meta_before_event,simd,21,1,3184722,3184722,3000
decode_json,progress_meta_before_event,json_only,22,1,2793603,2793603,3000
decode_json,progress_meta_before_event,core,22,1,3200143,3200143,3000
decode_json,progress_meta_before_event,baseline,22,1,3344016,3344016,3000
decode_json,progress_meta_before_event,simd,22,1,3350905,3350905,3000
decode_json,progress_meta_before_event,fused,22,1,3335111,3335111,3000
decode_json,progress_meta_before_event,combined,22,1,3420345,3420345,3000
decode_json,progress_meta_before_event,simd,23,1,3296734,3296734,3000
decode_json,progress_meta_before_event,core,23,1,3144878,3144878,3000
decode_json,progress_meta_before_event,fused,23,1,3113942,3113942,3000
decode_json,progress_meta_before_event,combined,23,1,3061290,3061290,3000
decode_json,progress_meta_before_event,json_only,23,1,2858000,2858000,3000
decode_json,progress_meta_before_event,baseline,23,1,3184852,3184852,3000
decode_json,progress_meta_before_event,fused,24,1,3076760,3076760,3000
decode_json,progress_meta_before_event,core,24,1,3071166,3071166,3000
decode_json,progress_meta_before_event,simd,24,1,3113026,3113026,3000
decode_json,progress_meta_before_event,json_only,24,1,2722851,2722851,3000
decode_json,progress_meta_before_event,combined,24,1,3145890,3145890,3000
decode_json,progress_meta_before_event,baseline,24,1,3147767,3147767,3000
decode_json,progress_meta_before_event,fused,25,1,3136171,3136171,3000
decode_json,progress_meta_before_event,core,25,1,3081682,3081682,3000
decode_json,progress_meta_before_event,simd,25,1,3086379,3086379,3000
decode_json,progress_meta_before_event,baseline,25,1,3113453,3113453,3000
decode_json,progress_meta_before_event,json_only,25,1,2744950,2744950,3000
decode_json,progress_meta_before_event,combined,25,1,3049662,3049662,3000
decode_json,progress_meta_before_event,core,26,1,3120038,3120038,3000
decode_json,progress_meta_before_event,combined,26,1,3135830,3135830,3000
decode_json,progress_meta_before_event,baseline,26,1,3146232,3146232,3000
decode_json,progress_meta_before_event,fused,26,1,3104565,3104565,3000
decode_json,progress_meta_before_event,simd,26,1,3114744,3114744,3000
decode_json,progress_meta_before_event,json_only,26,1,2727541,2727541,3000
decode_json,progress_meta_before_event,json_only,27,1,2713467,2713467,3000
decode_json,progress_meta_before_event,core,27,1,3159991,3159991,3000
decode_json,progress_meta_before_event,combined,27,1,3191687,3191687,3000
decode_json,progress_meta_before_event,baseline,27,1,3207778,3207778,3000
decode_json,progress_meta_before_event,simd,27,1,3144073,3144073,3000
decode_json,progress_meta_before_event,fused,27,1,3152708,3152708,3000
decode_json,progress_meta_before_event,fused,28,1,3113967,3113967,3000
decode_json,progress_meta_before_event,simd,28,1,3086588,3086588,3000
decode_json,progress_meta_before_event,json_only,28,1,2769165,2769165,3000
decode_json,progress_meta_before_event,core,28,1,3204619,3204619,3000
decode_json,progress_meta_before_event,baseline,28,1,3218445,3218445,3000
decode_json,progress_meta_before_event,combined,28,1,3112463,3112463,3000
decode_json,progress_meta_before_event,simd,29,1,3153265,3153265,3000
decode_json,progress_meta_before_event,json_only,29,1,2782758,2782758,3000
decode_json,progress_meta_before_event,baseline,29,1,3108973,3108973,3000
decode_json,progress_meta_before_event,core,29,1,3075951,3075951,3000
decode_json,progress_meta_before_event,combined,29,1,3055865,3055865,3000
decode_json,progress_meta_before_event,fused,29,1,3097218,3097218,3000
decode_json,progress_meta_before_event,combined,30,1,3115702,3115702,3000
decode_json,progress_meta_before_event,json_only,30,1,2778782,2778782,3000
decode_json,progress_meta_before_event,baseline,30,1,3151182,3151182,3000
decode_json,progress_meta_before_event,simd,30,1,3181698,3181698,3000
decode_json,progress_meta_before_event,fused,30,1,3117642,3117642,3000
decode_json,progress_meta_before_event,core,30,1,3070583,3070583,3000
decode,progress_meta_before_1460,core,0,9,2779956,308884,3000
decode,progress_meta_before_1460,combined,0,10,2780213,278021.3,3000
decode,progress_meta_before_1460,baseline,0,8,2744984,343123,3000
decode,progress_meta_before_1460,fused,0,8,2658945,332368.125,3000
decode,progress_meta_before_1460,simd,0,8,2775858,346982.25,3000
decode,progress_meta_before_1460,core,1,9,2790914,310101.55555555556,3000
decode,progress_meta_before_1460,baseline,1,8,2761134,345141.75,3000
decode,progress_meta_before_1460,simd,1,8,2754344,344293,3000
decode,progress_meta_before_1460,fused,1,8,2706771,338346.375,3000
decode,progress_meta_before_1460,combined,1,10,2852050,285205,3000
decode,progress_meta_before_1460,core,2,9,2824196,313799.55555555556,3000
decode,progress_meta_before_1460,fused,2,8,2719692,339961.5,3000
decode,progress_meta_before_1460,baseline,2,8,2810355,351294.375,3000
decode,progress_meta_before_1460,simd,2,8,2914832,364354,3000
decode,progress_meta_before_1460,combined,2,10,2821015,282101.5,3000
decode,progress_meta_before_1460,baseline,3,8,2764559,345569.875,3000
decode,progress_meta_before_1460,fused,3,8,2720998,340124.75,3000
decode,progress_meta_before_1460,combined,3,10,2795287,279528.7,3000
decode,progress_meta_before_1460,core,3,9,2768023,307558.1111111111,3000
decode,progress_meta_before_1460,simd,3,8,2707515,338439.375,3000
decode,progress_meta_before_1460,baseline,4,8,2694410,336801.25,3000
decode,progress_meta_before_1460,simd,4,8,2729512,341189,3000
decode,progress_meta_before_1460,combined,4,10,2795187,279518.7,3000
decode,progress_meta_before_1460,fused,4,8,2671761,333970.125,3000
decode,progress_meta_before_1460,core,4,9,2793190,310354.44444444444,3000
decode,progress_meta_before_1460,simd,5,8,2774511,346813.875,3000
decode,progress_meta_before_1460,fused,5,8,2686320,335790,3000
decode,progress_meta_before_1460,baseline,5,8,2727577,340947.125,3000
decode,progress_meta_before_1460,combined,5,10,2797654,279765.4,3000
decode,progress_meta_before_1460,core,5,9,2868000,318666.6666666667,3000
decode,progress_meta_before_1460,simd,6,8,2831953,353994.125,3000
decode,progress_meta_before_1460,fused,6,8,2793704,349213,3000
decode,progress_meta_before_1460,baseline,6,8,2747522,343440.25,3000
decode,progress_meta_before_1460,core,6,9,2809684,312187.1111111111,3000
decode,progress_meta_before_1460,combined,6,10,2835334,283533.4,3000
decode,progress_meta_before_1460,simd,7,8,2726613,340826.625,3000
decode,progress_meta_before_1460,core,7,9,2761379,306819.8888888889,3000
decode,progress_meta_before_1460,combined,7,10,2767630,276763,3000
decode,progress_meta_before_1460,baseline,7,8,2734877,341859.625,3000
decode,progress_meta_before_1460,fused,7,8,2760921,345115.125,3000
decode,progress_meta_before_1460,combined,8,10,2819144,281914.4,3000
decode,progress_meta_before_1460,baseline,8,8,2698518,337314.75,3000
decode,progress_meta_before_1460,core,8,9,2755727,306191.8888888889,3000
decode,progress_meta_before_1460,simd,8,8,2732299,341537.375,3000
decode,progress_meta_before_1460,fused,8,8,2668807,333600.875,3000
decode,progress_meta_before_1460,fused,9,8,2677152,334644,3000
decode,progress_meta_before_1460,combined,9,10,2779020,277902,3000
decode,progress_meta_before_1460,simd,9,8,2746980,343372.5,3000
decode,progress_meta_before_1460,core,9,9,2804767,311640.77777777775,3000
decode,progress_meta_before_1460,baseline,9,8,2728923,341115.375,3000
decode,progress_meta_before_1460,combined,10,10,2812846,281284.6,3000
decode,progress_meta_before_1460,fused,10,8,2762390,345298.75,3000
decode,progress_meta_before_1460,baseline,10,8,2768426,346053.25,3000
decode,progress_meta_before_1460,core,10,9,2947362,327484.6666666667,3000
decode,progress_meta_before_1460,simd,10,8,2995960,374495,3000
decode,progress_meta_before_1460,core,11,9,3005040,333893.3333333333,3000
decode,progress_meta_before_1460,fused,11,8,2834132,354266.5,3000
decode,progress_meta_before_1460,combined,11,10,2866922,286692.2,3000
decode,progress_meta_before_1460,simd,11,8,2756975,344621.875,3000
decode,progress_meta_before_1460,baseline,11,8,2710429,338803.625,3000
decode,progress_meta_before_1460,combined,12,10,2758328,275832.8,3000
decode,progress_meta_before_1460,baseline,12,8,2694275,336784.375,3000
decode,progress_meta_before_1460,core,12,9,2766842,307426.8888888889,3000
decode,progress_meta_before_1460,simd,12,8,2805090,350636.25,3000
decode,progress_meta_before_1460,fused,12,8,2790099,348762.375,3000
decode,progress_meta_before_1460,core,13,9,2875315,319479.44444444444,3000
decode,progress_meta_before_1460,fused,13,8,2806158,350769.75,3000
decode,progress_meta_before_1460,baseline,13,8,2815173,351896.625,3000
decode,progress_meta_before_1460,simd,13,8,2797320,349665,3000
decode,progress_meta_before_1460,combined,13,10,2771126,277112.6,3000
decode,progress_meta_before_1460,combined,14,10,2821345,282134.5,3000
decode,progress_meta_before_1460,fused,14,8,2691316,336414.5,3000
decode,progress_meta_before_1460,core,14,9,2821426,313491.77777777775,3000
decode,progress_meta_before_1460,baseline,14,8,2712220,339027.5,3000
decode,progress_meta_before_1460,simd,14,8,2846411,355801.375,3000
decode,progress_meta_before_1460,combined,15,10,2894886,289488.6,3000
decode,progress_meta_before_1460,core,15,9,2955372,328374.6666666667,3000
decode,progress_meta_before_1460,simd,15,8,2759518,344939.75,3000
decode,progress_meta_before_1460,baseline,15,8,2737038,342129.75,3000
decode,progress_meta_before_1460,fused,15,8,2702282,337785.25,3000
decode,progress_meta_before_1460,baseline,16,8,2678674,334834.25,3000
decode,progress_meta_before_1460,simd,16,8,2730870,341358.75,3000
decode,progress_meta_before_1460,fused,16,8,2688103,336012.875,3000
decode,progress_meta_before_1460,combined,16,10,2765633,276563.3,3000
decode,progress_meta_before_1460,core,16,9,2775135,308348.3333333333,3000
decode,progress_meta_before_1460,baseline,17,8,2748975,343621.875,3000
decode,progress_meta_before_1460,combined,17,10,2894179,289417.9,3000
decode,progress_meta_before_1460,simd,17,8,2851166,356395.75,3000
decode,progress_meta_before_1460,fused,17,8,2781658,347707.25,3000
decode,progress_meta_before_1460,core,17,9,2848353,316483.6666666667,3000
decode,progress_meta_before_1460,simd,18,8,2798261,349782.625,3000
decode,progress_meta_before_1460,fused,18,8,2737301,342162.625,3000
decode,progress_meta_before_1460,combined,18,10,2923437,292343.7,3000
decode,progress_meta_before_1460,core,18,9,2957643,328627,3000
decode,progress_meta_before_1460,baseline,18,8,2863495,357936.875,3000
decode,progress_meta_before_1460,core,19,9,2828498,314277.55555555556,3000
decode,progress_meta_before_1460,baseline,19,8,2765661,345707.625,3000
decode,progress_meta_before_1460,fused,19,8,2692024,336503,3000
decode,progress_meta_before_1460,simd,19,8,2821418,352677.25,3000
decode,progress_meta_before_1460,combined,19,10,2871652,287165.2,3000
decode,progress_meta_before_1460,core,20,9,2792947,310327.44444444444,3000
decode,progress_meta_before_1460,baseline,20,8,2725120,340640,3000
decode,progress_meta_before_1460,combined,20,10,2767743,276774.3,3000
decode,progress_meta_before_1460,fused,20,8,2689790,336223.75,3000
decode,progress_meta_before_1460,simd,20,8,2835148,354393.5,3000
decode,progress_meta_before_1460,simd,21,8,2832649,354081.125,3000
decode,progress_meta_before_1460,combined,21,10,2818549,281854.9,3000
decode,progress_meta_before_1460,baseline,21,8,2697967,337245.875,3000
decode,progress_meta_before_1460,fused,21,8,2646500,330812.5,3000
decode,progress_meta_before_1460,core,21,9,2798391,310932.3333333333,3000
decode,progress_meta_before_1460,simd,22,8,2836686,354585.75,3000
decode,progress_meta_before_1460,combined,22,10,2853723,285372.3,3000
decode,progress_meta_before_1460,core,22,9,2847632,316403.55555555556,3000
decode,progress_meta_before_1460,baseline,22,8,2726316,340789.5,3000
decode,progress_meta_before_1460,fused,22,8,2688977,336122.125,3000
decode,progress_meta_before_1460,combined,23,10,2777149,277714.9,3000
decode,progress_meta_before_1460,core,23,9,2767795,307532.77777777775,3000
decode,progress_meta_before_1460,baseline,23,8,2728935,341116.875,3000
decode,progress_meta_before_1460,simd,23,8,2758579,344822.375,3000
decode,progress_meta_before_1460,fused,23,8,2674813,334351.625,3000
decode,progress_meta_before_1460,fused,24,8,2681609,335201.125,3000
decode,progress_meta_before_1460,core,24,9,2768889,307654.3333333333,3000
decode,progress_meta_before_1460,baseline,24,8,2731505,341438.125,3000
decode,progress_meta_before_1460,combined,24,10,2862639,286263.9,3000
decode,progress_meta_before_1460,simd,24,8,2765658,345707.25,3000
decode,progress_meta_before_1460,fused,25,8,2675623,334452.875,3000
decode,progress_meta_before_1460,combined,25,10,2769412,276941.2,3000
decode,progress_meta_before_1460,core,25,9,2749946,305549.55555555556,3000
decode,progress_meta_before_1460,simd,25,8,2729991,341248.875,3000
decode,progress_meta_before_1460,baseline,25,8,2679779,334972.375,3000
decode,progress_meta_before_1460,baseline,26,8,2685699,335712.375,3000
decode,progress_meta_before_1460,simd,26,8,2770673,346334.125,3000
decode,progress_meta_before_1460,fused,26,8,2714027,339253.375,3000
decode,progress_meta_before_1460,core,26,9,3050348,338927.55555555556,3000
decode,progress_meta_before_1460,combined,26,10,2981617,298161.7,3000
decode,progress_meta_before_1460,core,27,9,2850939,316771,3000
decode,progress_meta_before_1460,fused,27,8,2721461,340182.625,3000
decode,progress_meta_before_1460,baseline,27,8,2705049,338131.125,3000
decode,progress_meta_before_1460,combined,27,10,2763166,276316.6,3000
decode,progress_meta_before_1460,simd,27,8,2727352,340919,3000
decode,progress_meta_before_1460,fused,28,8,2661993,332749.125,3000
decode,progress_meta_before_1460,combined,28,10,2772369,277236.9,3000
decode,progress_meta_before_1460,simd,28,8,2711090,338886.25,3000
decode,progress_meta_before_1460,baseline,28,8,2674919,334364.875,3000
decode,progress_meta_before_1460,core,28,9,2755643,306182.55555555556,3000
decode,progress_meta_before_1460,simd,29,8,2706080,338260,3000
decode,progress_meta_before_1460,core,29,9,2763071,307007.8888888889,3000
decode,progress_meta_before_1460,fused,29,8,2667656,333457,3000
decode,progress_meta_before_1460,combined,29,10,2771903,277190.3,3000
decode,progress_meta_before_1460,baseline,29,8,2675680,334460,3000
decode,progress_meta_before_1460,combined,30,10,2752029,275202.9,3000
decode,progress_meta_before_1460,core,30,9,2751196,305688.44444444444,3000
decode,progress_meta_before_1460,simd,30,8,2720615,340076.875,3000
decode,progress_meta_before_1460,fused,30,8,2700106,337513.25,3000
decode,progress_meta_before_1460,baseline,30,8,2706907,338363.375,3000
decode_json,progress_meta_before_1460,baseline,0,1,3155993,3155993,3000
decode_json,progress_meta_before_1460,core,0,1,3064790,3064790,3000
decode_json,progress_meta_before_1460,combined,0,1,3083076,3083076,3000
decode_json,progress_meta_before_1460,fused,0,1,3150659,3150659,3000
decode_json,progress_meta_before_1460,json_only,0,1,2705924,2705924,3000
decode_json,progress_meta_before_1460,simd,0,1,3135782,3135782,3000
decode_json,progress_meta_before_1460,combined,1,1,3095654,3095654,3000
decode_json,progress_meta_before_1460,simd,1,1,3146551,3146551,3000
decode_json,progress_meta_before_1460,baseline,1,1,3169442,3169442,3000
decode_json,progress_meta_before_1460,json_only,1,1,2717669,2717669,3000
decode_json,progress_meta_before_1460,core,1,1,3063100,3063100,3000
decode_json,progress_meta_before_1460,fused,1,1,3123249,3123249,3000
decode_json,progress_meta_before_1460,core,2,1,3065911,3065911,3000
decode_json,progress_meta_before_1460,simd,2,1,3138713,3138713,3000
decode_json,progress_meta_before_1460,combined,2,1,3106583,3106583,3000
decode_json,progress_meta_before_1460,json_only,2,1,2725984,2725984,3000
decode_json,progress_meta_before_1460,fused,2,1,3126183,3126183,3000
decode_json,progress_meta_before_1460,baseline,2,1,3135405,3135405,3000
decode_json,progress_meta_before_1460,baseline,3,1,3122593,3122593,3000
decode_json,progress_meta_before_1460,json_only,3,1,2712297,2712297,3000
decode_json,progress_meta_before_1460,combined,3,1,3104320,3104320,3000
decode_json,progress_meta_before_1460,fused,3,1,3162091,3162091,3000
decode_json,progress_meta_before_1460,core,3,1,3067729,3067729,3000
decode_json,progress_meta_before_1460,simd,3,1,3171199,3171199,3000
decode_json,progress_meta_before_1460,json_only,4,1,2724817,2724817,3000
decode_json,progress_meta_before_1460,simd,4,1,3170257,3170257,3000
decode_json,progress_meta_before_1460,fused,4,1,3129354,3129354,3000
decode_json,progress_meta_before_1460,combined,4,1,3073251,3073251,3000
decode_json,progress_meta_before_1460,core,4,1,3055039,3055039,3000
decode_json,progress_meta_before_1460,baseline,4,1,3126424,3126424,3000
decode_json,progress_meta_before_1460,simd,5,1,3170716,3170716,3000
decode_json,progress_meta_before_1460,baseline,5,1,3150307,3150307,3000
decode_json,progress_meta_before_1460,json_only,5,1,2797318,2797318,3000
decode_json,progress_meta_before_1460,core,5,1,3190244,3190244,3000
decode_json,progress_meta_before_1460,fused,5,1,3696712,3696712,3000
decode_json,progress_meta_before_1460,combined,5,1,4242460,4242460,3000
decode_json,progress_meta_before_1460,baseline,6,1,3821772,3821772,3000
decode_json,progress_meta_before_1460,json_only,6,1,4272057,4272057,3000
decode_json,progress_meta_before_1460,simd,6,1,4797941,4797941,3000
decode_json,progress_meta_before_1460,fused,6,1,5396795,5396795,3000
decode_json,progress_meta_before_1460,core,6,1,5249323,5249323,3000
decode_json,progress_meta_before_1460,combined,6,1,4959567,4959567,3000
decode_json,progress_meta_before_1460,fused,7,1,5365033,5365033,3000
decode_json,progress_meta_before_1460,combined,7,1,5057128,5057128,3000
decode_json,progress_meta_before_1460,simd,7,1,6126311,6126311,3000
decode_json,progress_meta_before_1460,json_only,7,1,4483992,4483992,3000
decode_json,progress_meta_before_1460,baseline,7,1,5141472,5141472,3000
decode_json,progress_meta_before_1460,core,7,1,5168811,5168811,3000
decode_json,progress_meta_before_1460,baseline,8,1,5559177,5559177,3000
decode_json,progress_meta_before_1460,core,8,1,5103135,5103135,3000
decode_json,progress_meta_before_1460,combined,8,1,5190281,5190281,3000
decode_json,progress_meta_before_1460,fused,8,1,5107210,5107210,3000
decode_json,progress_meta_before_1460,simd,8,1,5402184,5402184,3000
decode_json,progress_meta_before_1460,json_only,8,1,4863342,4863342,3000
decode_json,progress_meta_before_1460,core,9,1,5094107,5094107,3000
decode_json,progress_meta_before_1460,simd,9,1,4983096,4983096,3000
decode_json,progress_meta_before_1460,baseline,9,1,4871825,4871825,3000
decode_json,progress_meta_before_1460,combined,9,1,5261313,5261313,3000
decode_json,progress_meta_before_1460,fused,9,1,5044366,5044366,3000
decode_json,progress_meta_before_1460,json_only,9,1,4066920,4066920,3000
decode_json,progress_meta_before_1460,simd,10,1,5110506,5110506,3000
decode_json,progress_meta_before_1460,baseline,10,1,4143914,4143914,3000
decode_json,progress_meta_before_1460,combined,10,1,3829609,3829609,3000
decode_json,progress_meta_before_1460,json_only,10,1,3143985,3143985,3000
decode_json,progress_meta_before_1460,core,10,1,3436662,3436662,3000
decode_json,progress_meta_before_1460,fused,10,1,3331008,3331008,3000
decode_json,progress_meta_before_1460,combined,11,1,3342957,3342957,3000
decode_json,progress_meta_before_1460,fused,11,1,4642337,4642337,3000
decode_json,progress_meta_before_1460,json_only,11,1,3355316,3355316,3000
decode_json,progress_meta_before_1460,baseline,11,1,3984076,3984076,3000
decode_json,progress_meta_before_1460,simd,11,1,4509321,4509321,3000
decode_json,progress_meta_before_1460,core,11,1,3840124,3840124,3000
decode_json,progress_meta_before_1460,json_only,12,1,3248743,3248743,3000
decode_json,progress_meta_before_1460,combined,12,1,4046694,4046694,3000
decode_json,progress_meta_before_1460,simd,12,1,4259212,4259212,3000
decode_json,progress_meta_before_1460,core,12,1,3770842,3770842,3000
decode_json,progress_meta_before_1460,baseline,12,1,3696978,3696978,3000
decode_json,progress_meta_before_1460,fused,12,1,3497477,3497477,3000
decode_json,progress_meta_before_1460,fused,13,1,3549958,3549958,3000
decode_json,progress_meta_before_1460,baseline,13,1,3695323,3695323,3000
decode_json,progress_meta_before_1460,simd,13,1,3621757,3621757,3000
decode_json,progress_meta_before_1460,json_only,13,1,2988029,2988029,3000
decode_json,progress_meta_before_1460,core,13,1,3296226,3296226,3000
decode_json,progress_meta_before_1460,combined,13,1,3121177,3121177,3000
decode_json,progress_meta_before_1460,fused,14,1,3161122,3161122,3000
decode_json,progress_meta_before_1460,core,14,1,3145243,3145243,3000
decode_json,progress_meta_before_1460,combined,14,1,3099415,3099415,3000
decode_json,progress_meta_before_1460,json_only,14,1,2847514,2847514,3000
decode_json,progress_meta_before_1460,baseline,14,1,3290609,3290609,3000
decode_json,progress_meta_before_1460,simd,14,1,3245910,3245910,3000
decode_json,progress_meta_before_1460,core,15,1,3103700,3103700,3000
decode_json,progress_meta_before_1460,json_only,15,1,2726767,2726767,3000
decode_json,progress_meta_before_1460,fused,15,1,3208209,3208209,3000
decode_json,progress_meta_before_1460,simd,15,1,3223965,3223965,3000
decode_json,progress_meta_before_1460,combined,15,1,3208347,3208347,3000
decode_json,progress_meta_before_1460,baseline,15,1,3290776,3290776,3000
decode_json,progress_meta_before_1460,baseline,16,1,3295528,3295528,3000
decode_json,progress_meta_before_1460,combined,16,1,3160104,3160104,3000
decode_json,progress_meta_before_1460,core,16,1,3130537,3130537,3000
decode_json,progress_meta_before_1460,fused,16,1,3215384,3215384,3000
decode_json,progress_meta_before_1460,json_only,16,1,2763116,2763116,3000
decode_json,progress_meta_before_1460,simd,16,1,3172957,3172957,3000
decode_json,progress_meta_before_1460,combined,17,1,3140165,3140165,3000
decode_json,progress_meta_before_1460,baseline,17,1,3131190,3131190,3000
decode_json,progress_meta_before_1460,simd,17,1,3154633,3154633,3000
decode_json,progress_meta_before_1460,fused,17,1,3137824,3137824,3000
decode_json,progress_meta_before_1460,json_only,17,1,2748591,2748591,3000
decode_json,progress_meta_before_1460,core,17,1,3111286,3111286,3000
decode_json,progress_meta_before_1460,baseline,18,1,3142514,3142514,3000
decode_json,progress_meta_before_1460,combined,18,1,3129495,3129495,3000
decode_json,progress_meta_before_1460,fused,18,1,3141969,3141969,3000
decode_json,progress_meta_before_1460,simd,18,1,3160424,3160424,3000
decode_json,progress_meta_before_1460,core,18,1,3096339,3096339,3000
decode_json,progress_meta_before_1460,json_only,18,1,2760596,2760596,3000
decode_json,progress_meta_before_1460,json_only,19,1,2710269,2710269,3000
decode_json,progress_meta_before_1460,core,19,1,3053644,3053644,3000
decode_json,progress_meta_before_1460,baseline,19,1,3200904,3200904,3000
decode_json,progress_meta_before_1460,combined,19,1,3113390,3113390,3000
decode_json,progress_meta_before_1460,simd,19,1,3143721,3143721,3000
decode_json,progress_meta_before_1460,fused,19,1,3144944,3144944,3000
decode_json,progress_meta_before_1460,baseline,20,1,3211490,3211490,3000
decode_json,progress_meta_before_1460,core,20,1,3071548,3071548,3000
decode_json,progress_meta_before_1460,json_only,20,1,2719684,2719684,3000
decode_json,progress_meta_before_1460,combined,20,1,3179745,3179745,3000
decode_json,progress_meta_before_1460,simd,20,1,3136175,3136175,3000
decode_json,progress_meta_before_1460,fused,20,1,3119366,3119366,3000
decode_json,progress_meta_before_1460,fused,21,1,3186434,3186434,3000
decode_json,progress_meta_before_1460,combined,21,1,3088982,3088982,3000
decode_json,progress_meta_before_1460,core,21,1,3083005,3083005,3000
decode_json,progress_meta_before_1460,json_only,21,1,2717976,2717976,3000
decode_json,progress_meta_before_1460,baseline,21,1,3187261,3187261,3000
decode_json,progress_meta_before_1460,simd,21,1,3212638,3212638,3000
decode_json,progress_meta_before_1460,json_only,22,1,2737617,2737617,3000
decode_json,progress_meta_before_1460,core,22,1,3067622,3067622,3000
decode_json,progress_meta_before_1460,baseline,22,1,3229818,3229818,3000
decode_json,progress_meta_before_1460,simd,22,1,3134028,3134028,3000
decode_json,progress_meta_before_1460,fused,22,1,3148337,3148337,3000
decode_json,progress_meta_before_1460,combined,22,1,3146912,3146912,3000
decode_json,progress_meta_before_1460,simd,23,1,3134407,3134407,3000
decode_json,progress_meta_before_1460,core,23,1,3143205,3143205,3000
decode_json,progress_meta_before_1460,fused,23,1,3179998,3179998,3000
decode_json,progress_meta_before_1460,combined,23,1,3074780,3074780,3000
decode_json,progress_meta_before_1460,json_only,23,1,2745377,2745377,3000
decode_json,progress_meta_before_1460,baseline,23,1,3146308,3146308,3000
decode_json,progress_meta_before_1460,fused,24,1,3213014,3213014,3000
decode_json,progress_meta_before_1460,core,24,1,3095451,3095451,3000
decode_json,progress_meta_before_1460,simd,24,1,3144358,3144358,3000
decode_json,progress_meta_before_1460,json_only,24,1,2769563,2769563,3000
decode_json,progress_meta_before_1460,combined,24,1,3102149,3102149,3000
decode_json,progress_meta_before_1460,baseline,24,1,3140151,3140151,3000
decode_json,progress_meta_before_1460,fused,25,1,3146201,3146201,3000
decode_json,progress_meta_before_1460,core,25,1,3105907,3105907,3000
decode_json,progress_meta_before_1460,simd,25,1,3183080,3183080,3000
decode_json,progress_meta_before_1460,baseline,25,1,3159132,3159132,3000
decode_json,progress_meta_before_1460,json_only,25,1,2765294,2765294,3000
decode_json,progress_meta_before_1460,combined,25,1,3107108,3107108,3000
decode_json,progress_meta_before_1460,core,26,1,3079522,3079522,3000
decode_json,progress_meta_before_1460,combined,26,1,3079910,3079910,3000
decode_json,progress_meta_before_1460,baseline,26,1,3219896,3219896,3000
decode_json,progress_meta_before_1460,fused,26,1,3145555,3145555,3000
decode_json,progress_meta_before_1460,simd,26,1,3155082,3155082,3000
decode_json,progress_meta_before_1460,json_only,26,1,2823200,2823200,3000
decode_json,progress_meta_before_1460,json_only,27,1,2716984,2716984,3000
decode_json,progress_meta_before_1460,core,27,1,3066503,3066503,3000
decode_json,progress_meta_before_1460,combined,27,1,3081591,3081591,3000
decode_json,progress_meta_before_1460,baseline,27,1,3190269,3190269,3000
decode_json,progress_meta_before_1460,simd,27,1,3178042,3178042,3000
decode_json,progress_meta_before_1460,fused,27,1,3147774,3147774,3000
decode_json,progress_meta_before_1460,fused,28,1,3179765,3179765,3000
decode_json,progress_meta_before_1460,simd,28,1,3146260,3146260,3000
decode_json,progress_meta_before_1460,json_only,28,1,2715550,2715550,3000
decode_json,progress_meta_before_1460,core,28,1,3059759,3059759,3000
decode_json,progress_meta_before_1460,baseline,28,1,3221977,3221977,3000
decode_json,progress_meta_before_1460,combined,28,1,3090983,3090983,3000
decode_json,progress_meta_before_1460,simd,29,1,3164324,3164324,3000
decode_json,progress_meta_before_1460,json_only,29,1,2752904,2752904,3000
decode_json,progress_meta_before_1460,baseline,29,1,3141235,3141235,3000
decode_json,progress_meta_before_1460,core,29,1,3075018,3075018,3000
decode_json,progress_meta_before_1460,combined,29,1,3074607,3074607,3000
decode_json,progress_meta_before_1460,fused,29,1,3189604,3189604,3000
decode_json,progress_meta_before_1460,combined,30,1,3082743,3082743,3000
decode_json,progress_meta_before_1460,json_only,30,1,2725521,2725521,3000
decode_json,progress_meta_before_1460,baseline,30,1,3229337,3229337,3000
decode_json,progress_meta_before_1460,simd,30,1,3134280,3134280,3000
decode_json,progress_meta_before_1460,fused,30,1,3131166,3131166,3000
decode_json,progress_meta_before_1460,core,30,1,3085890,3085890,3000
decode,chinese_id_after_1460,core,0,4,2651651,662912.75,32
decode,chinese_id_after_1460,combined,0,24,2999170,124965.41666666667,32
decode,chinese_id_after_1460,baseline,0,3,2294661,764887,32
decode,chinese_id_after_1460,fused,0,3,2293068,764356,32
decode,chinese_id_after_1460,simd,0,22,2932892,133313.27272727274,32
decode,chinese_id_after_1460,core,1,4,2683556,670889,32
decode,chinese_id_after_1460,baseline,1,3,2148777,716259,32
decode,chinese_id_after_1460,simd,1,22,2903981,131999.13636363635,32
decode,chinese_id_after_1460,fused,1,3,2099611,699870.3333333334,32
decode,chinese_id_after_1460,combined,1,24,2837930,118247.08333333333,32
decode,chinese_id_after_1460,core,2,4,2650588,662647,32
decode,chinese_id_after_1460,fused,2,3,2078462,692820.6666666666,32
decode,chinese_id_after_1460,baseline,2,3,2073984,691328,32
decode,chinese_id_after_1460,simd,2,22,2977705,135350.22727272726,32
decode,chinese_id_after_1460,combined,2,24,2931285,122136.875,32
decode,chinese_id_after_1460,baseline,3,3,2147839,715946.3333333334,32
decode,chinese_id_after_1460,fused,3,3,2042627,680875.6666666666,32
decode,chinese_id_after_1460,combined,3,24,2884022,120167.58333333333,32
decode,chinese_id_after_1460,core,3,4,2673595,668398.75,32
decode,chinese_id_after_1460,simd,3,22,2895247,131602.13636363635,32
decode,chinese_id_after_1460,baseline,4,3,2061566,687188.6666666666,32
decode,chinese_id_after_1460,simd,4,22,2948998,134045.36363636365,32
decode,chinese_id_after_1460,combined,4,24,2849534,118730.58333333333,32
decode,chinese_id_after_1460,fused,4,3,2173793,724597.6666666666,32
decode,chinese_id_after_1460,core,4,4,2573227,643306.75,32
decode,chinese_id_after_1460,simd,5,22,2905968,132089.45454545456,32
decode,chinese_id_after_1460,fused,5,3,2149183,716394.3333333334,32
decode,chinese_id_after_1460,baseline,5,3,2171314,723771.3333333334,32
decode,chinese_id_after_1460,combined,5,24,2902392,120933,32
decode,chinese_id_after_1460,core,5,4,2806421,701605.25,32
decode,chinese_id_after_1460,simd,6,22,3197056,145320.72727272726,32
decode,chinese_id_after_1460,fused,6,3,2394166,798055.3333333334,32
decode,chinese_id_after_1460,baseline,6,3,2143981,714660.3333333334,32
decode,chinese_id_after_1460,core,6,4,2914329,728582.25,32
decode,chinese_id_after_1460,combined,6,24,2872153,119673.04166666667,32
decode,chinese_id_after_1460,simd,7,22,2934066,133366.63636363635,32
decode,chinese_id_after_1460,core,7,4,2738447,684611.75,32
decode,chinese_id_after_1460,combined,7,24,2833694,118070.58333333333,32
decode,chinese_id_after_1460,baseline,7,3,2135638,711879.3333333334,32
decode,chinese_id_after_1460,fused,7,3,2166686,722228.6666666666,32
decode,chinese_id_after_1460,combined,8,24,2829384,117891,32
decode,chinese_id_after_1460,baseline,8,3,2058929,686309.6666666666,32
decode,chinese_id_after_1460,core,8,4,2840918,710229.5,32
decode,chinese_id_after_1460,simd,8,22,2954060,134275.45454545456,32
decode,chinese_id_after_1460,fused,8,3,2156224,718741.3333333334,32
decode,chinese_id_after_1460,fused,9,3,2062127,687375.6666666666,32
decode,chinese_id_after_1460,combined,9,24,2886456,120269,32
decode,chinese_id_after_1460,simd,9,22,2906959,132134.5,32
decode,chinese_id_after_1460,core,9,4,2696084,674021,32
decode,chinese_id_after_1460,baseline,9,3,2130162,710054,32
decode,chinese_id_after_1460,combined,10,24,2838693,118278.875,32
decode,chinese_id_after_1460,fused,10,3,2043796,681265.3333333334,32
decode,chinese_id_after_1460,baseline,10,3,2055265,685088.3333333334,32
decode,chinese_id_after_1460,core,10,4,2661673,665418.25,32
decode,chinese_id_after_1460,simd,10,22,2944034,133819.72727272726,32
decode,chinese_id_after_1460,core,11,4,2602787,650696.75,32
decode,chinese_id_after_1460,fused,11,3,2011460,670486.6666666666,32
decode,chinese_id_after_1460,combined,11,24,2879427,119976.125,32
decode,chinese_id_after_1460,simd,11,22,2929939,133179.04545454544,32
decode,chinese_id_after_1460,baseline,11,3,2112674,704224.6666666666,32
decode,chinese_id_after_1460,combined,12,24,2827521,117813.375,32
decode,chinese_id_after_1460,baseline,12,3,2151524,717174.6666666666,32
decode,chinese_id_after_1460,core,12,4,2835845,708961.25,32
decode,chinese_id_after_1460,simd,12,22,2946498,133931.72727272726,32
decode,chinese_id_after_1460,fused,12,3,2107707,702569,32
decode,chinese_id_after_1460,core,13,4,2770381,692595.25,32
decode,chinese_id_after_1460,fused,13,3,1992176,664058.6666666666,32
decode,chinese_id_after_1460,baseline,13,3,2061644,687214.6666666666,32
decode,chinese_id_after_1460,simd,13,22,2917460,132611.81818181818,32
decode,chinese_id_after_1460,combined,13,24,2879591,119982.95833333333,32
decode,chinese_id_after_1460,combined,14,24,2856818,119034.08333333333,32
decode,chinese_id_after_1460,fused,14,3,2095711,698570.3333333334,32
decode,chinese_id_after_1460,core,14,4,2593615,648403.75,32
decode,chinese_id_after_1460,baseline,14,3,2020739,673579.6666666666,32
decode,chinese_id_after_1460,simd,14,22,2926449,133020.4090909091,32
decode,chinese_id_after_1460,combined,15,24,2821591,117566.29166666667,32
decode,chinese_id_after_1460,core,15,4,2600352,650088,32
decode,chinese_id_after_1460,simd,15,22,2955086,134322.0909090909,32
decode,chinese_id_after_1460,baseline,15,3,2149480,716493.3333333334,32
decode,chinese_id_after_1460,fused,15,3,2100358,700119.3333333334,32
decode,chinese_id_after_1460,baseline,16,3,2040098,680032.6666666666,32
decode,chinese_id_after_1460,simd,16,22,2921729,132805.86363636365,32
decode,chinese_id_after_1460,fused,16,3,2047291,682430.3333333334,32
decode,chinese_id_after_1460,combined,16,24,2823884,117661.83333333333,32
decode,chinese_id_after_1460,core,16,4,2718197,679549.25,32
decode,chinese_id_after_1460,baseline,17,3,2027302,675767.3333333334,32
decode,chinese_id_after_1460,combined,17,24,2912725,121363.54166666667,32
decode,chinese_id_after_1460,simd,17,22,2946634,133937.9090909091,32
decode,chinese_id_after_1460,fused,17,3,2128867,709622.3333333334,32
decode,chinese_id_after_1460,core,17,4,2603504,650876,32
decode,chinese_id_after_1460,simd,18,22,2922975,132862.5,32
decode,chinese_id_after_1460,fused,18,3,2122631,707543.6666666666,32
decode,chinese_id_after_1460,combined,18,24,2860478,119186.58333333333,32
decode,chinese_id_after_1460,core,18,4,2673885,668471.25,32
decode,chinese_id_after_1460,baseline,18,3,2097159,699053,32
decode,chinese_id_after_1460,core,19,4,2607800,651950,32
decode,chinese_id_after_1460,baseline,19,3,2030185,676728.3333333334,32
decode,chinese_id_after_1460,fused,19,3,2105140,701713.3333333334,32
decode,chinese_id_after_1460,simd,19,22,2910593,132299.68181818182,32
decode,chinese_id_after_1460,combined,19,24,2820750,117531.25,32
decode,chinese_id_after_1460,core,20,4,2623970,655992.5,32
decode,chinese_id_after_1460,baseline,20,3,2145931,715310.3333333334,32
decode,chinese_id_after_1460,combined,20,24,2839170,118298.75,32
decode,chinese_id_after_1460,fused,20,3,2088511,696170.3333333334,32
decode,chinese_id_after_1460,simd,20,22,2912625,132392.04545454544,32
decode,chinese_id_after_1460,simd,21,22,2917355,132607.04545454544,32
decode,chinese_id_after_1460,combined,21,24,2858174,119090.58333333333,32
decode,chinese_id_after_1460,baseline,21,3,2116753,705584.3333333334,32
decode,chinese_id_after_1460,fused,21,3,2043959,681319.6666666666,32
decode,chinese_id_after_1460,core,21,4,2743065,685766.25,32
decode,chinese_id_after_1460,simd,22,22,2956119,134369.04545454544,32
decode,chinese_id_after_1460,combined,22,24,2826626,117776.08333333333,32
decode,chinese_id_after_1460,core,22,4,2705488,676372,32
decode,chinese_id_after_1460,baseline,22,3,2136045,712015,32
decode,chinese_id_after_1460,fused,22,3,2056083,685361,32
decode,chinese_id_after_1460,combined,23,24,2865396,119391.5,32
decode,chinese_id_after_1460,core,23,4,2782063,695515.75,32
decode,chinese_id_after_1460,baseline,23,3,2079738,693246,32
decode,chinese_id_after_1460,simd,23,22,2990522,135932.81818181818,32
decode,chinese_id_after_1460,fused,23,3,2078903,692967.6666666666,32
decode,chinese_id_after_1460,fused,24,3,2088667,696222.3333333334,32
decode,chinese_id_after_1460,core,24,4,2863909,715977.25,32
decode,chinese_id_after_1460,baseline,24,3,2117234,705744.6666666666,32
decode,chinese_id_after_1460,combined,24,24,2873156,119714.83333333333,32
decode,chinese_id_after_1460,simd,24,22,2911344,132333.81818181818,32
decode,chinese_id_after_1460,fused,25,3,2083668,694556,32
decode,chinese_id_after_1460,combined,25,24,2890649,120443.70833333333,32
decode,chinese_id_after_1460,core,25,4,2671943,667985.75,32
decode,chinese_id_after_1460,simd,25,22,2923602,132891,32
decode,chinese_id_after_1460,baseline,25,3,2156960,718986.6666666666,32
decode,chinese_id_after_1460,baseline,26,3,2068809,689603,32
decode,chinese_id_after_1460,simd,26,22,2944856,133857.0909090909,32
decode,chinese_id_after_1460,fused,26,3,2057786,685928.6666666666,32
decode,chinese_id_after_1460,core,26,4,2669914,667478.5,32
decode,chinese_id_after_1460,combined,26,24,2839343,118305.95833333333,32
decode,chinese_id_after_1460,core,27,4,2682021,670505.25,32
decode,chinese_id_after_1460,fused,27,3,1988891,662963.6666666666,32
decode,chinese_id_after_1460,baseline,27,3,2117389,705796.3333333334,32
decode,chinese_id_after_1460,combined,27,24,2825437,117726.54166666667,32
decode,chinese_id_after_1460,simd,27,22,2942827,133764.86363636365,32
decode,chinese_id_after_1460,fused,28,3,2067606,689202,32
decode,chinese_id_after_1460,combined,28,24,2870954,119623.08333333333,32
decode,chinese_id_after_1460,simd,28,22,2908954,132225.18181818182,32
decode,chinese_id_after_1460,baseline,28,3,2148660,716220,32
decode,chinese_id_after_1460,core,28,4,2808280,702070,32
decode,chinese_id_after_1460,simd,29,22,2956012,134364.18181818182,32
decode,chinese_id_after_1460,core,29,4,2617095,654273.75,32
decode,chinese_id_after_1460,fused,29,3,2225446,741815.3333333334,32
decode,chinese_id_after_1460,combined,29,24,2915195,121466.45833333333,32
decode,chinese_id_after_1460,baseline,29,3,2182827,727609,32
decode,chinese_id_after_1460,combined,30,24,2854596,118941.5,32
decode,chinese_id_after_1460,core,30,4,2639841,659960.25,32
decode,chinese_id_after_1460,simd,30,22,2928198,133099.9090909091,32
decode,chinese_id_after_1460,fused,30,3,2177250,725750,32
decode,chinese_id_after_1460,baseline,30,3,2114613,704871,32
decode_json,chinese_id_after_1460,baseline,0,3,2820864,940288,32
decode_json,chinese_id_after_1460,core,0,3,2486053,828684.3333333334,32
decode_json,chinese_id_after_1460,combined,0,9,2767860,307540,32
decode_json,chinese_id_after_1460,fused,0,3,2634936,878312,32
decode_json,chinese_id_after_1460,json_only,0,16,2920924,182557.75,32
decode_json,chinese_id_after_1460,simd,0,9,2914042,323782.44444444444,32
decode_json,chinese_id_after_1460,combined,1,9,2729044,303227.1111111111,32
decode_json,chinese_id_after_1460,simd,1,9,2877978,319775.3333333333,32
decode_json,chinese_id_after_1460,baseline,1,3,3581790,1193930,32
decode_json,chinese_id_after_1460,json_only,1,16,3000780,187548.75,32
decode_json,chinese_id_after_1460,core,1,3,3586686,1195562,32
decode_json,chinese_id_after_1460,fused,1,3,3694804,1231601.3333333333,32
decode_json,chinese_id_after_1460,core,2,3,3494331,1164777,32
decode_json,chinese_id_after_1460,simd,2,9,3945997,438444.1111111111,32
decode_json,chinese_id_after_1460,combined,2,9,3438906,382100.6666666667,32
decode_json,chinese_id_after_1460,json_only,2,16,4738363,296147.6875,32
decode_json,chinese_id_after_1460,fused,2,3,4746493,1582164.3333333333,32
decode_json,chinese_id_after_1460,baseline,2,3,4125221,1375073.6666666667,32
decode_json,chinese_id_after_1460,baseline,3,3,3865861,1288620.3333333333,32
decode_json,chinese_id_after_1460,json_only,3,16,4091397,255712.3125,32
decode_json,chinese_id_after_1460,combined,3,9,3725689,413965.44444444444,32
decode_json,chinese_id_after_1460,fused,3,3,3717279,1239093,32
decode_json,chinese_id_after_1460,core,3,3,3551663,1183887.6666666667,32
decode_json,chinese_id_after_1460,simd,3,9,3961133,440125.8888888889,32
decode_json,chinese_id_after_1460,json_only,4,16,4141258,258828.625,32
decode_json,chinese_id_after_1460,simd,4,9,4128287,458698.55555555556,32
decode_json,chinese_id_after_1460,fused,4,3,4170646,1390215.3333333333,32
decode_json,chinese_id_after_1460,combined,4,9,4628382,514264.6666666667,32
decode_json,chinese_id_after_1460,core,4,3,5329820,1776606.6666666667,32
decode_json,chinese_id_after_1460,baseline,4,3,4725761,1575253.6666666667,32
decode_json,chinese_id_after_1460,simd,5,9,4894628,543847.5555555555,32
decode_json,chinese_id_after_1460,baseline,5,3,4577214,1525738,32
decode_json,chinese_id_after_1460,json_only,5,16,4848660,303041.25,32
decode_json,chinese_id_after_1460,core,5,3,4744161,1581387,32
decode_json,chinese_id_after_1460,fused,5,3,4955567,1651855.6666666667,32
decode_json,chinese_id_after_1460,combined,5,9,4974753,552750.3333333334,32
decode_json,chinese_id_after_1460,baseline,6,3,4709334,1569778,32
decode_json,chinese_id_after_1460,json_only,6,16,5059733,316233.3125,32
decode_json,chinese_id_after_1460,simd,6,9,3959888,439987.55555555556,32
decode_json,chinese_id_after_1460,fused,6,3,3598747,1199582.3333333333,32
decode_json,chinese_id_after_1460,core,6,3,3088459,1029486.3333333334,32
decode_json,chinese_id_after_1460,combined,6,9,3121215,346801.6666666667,32
decode_json,chinese_id_after_1460,fused,7,3,2986538,995512.6666666666,32
decode_json,chinese_id_after_1460,combined,7,9,2996422,332935.77777777775,32
decode_json,chinese_id_after_1460,simd,7,9,4252547,472505.22222222225,32
decode_json,chinese_id_after_1460,json_only,7,16,3926608,245413,32
decode_json,chinese_id_after_1460,baseline,7,3,3900790,1300263.3333333333,32
decode_json,chinese_id_after_1460,core,7,3,3276883,1092294.3333333333,32
decode_json,chinese_id_after_1460,baseline,8,3,3224583,1074861,32
decode_json,chinese_id_after_1460,core,8,3,2862092,954030.6666666666,32
decode_json,chinese_id_after_1460,combined,8,9,3212754,356972.6666666667,32
decode_json,chinese_id_after_1460,fused,8,3,3512934,1170978,32
decode_json,chinese_id_after_1460,simd,8,9,3449293,383254.77777777775,32
decode_json,chinese_id_after_1460,json_only,8,16,3594500,224656.25,32
decode_json,chinese_id_after_1460,core,9,3,3071738,1023912.6666666666,32
decode_json,chinese_id_after_1460,simd,9,9,3306824,367424.8888888889,32
decode_json,chinese_id_after_1460,baseline,9,3,3344429,1114809.6666666667,32
decode_json,chinese_id_after_1460,combined,9,9,3051148,339016.44444444444,32
decode_json,chinese_id_after_1460,fused,9,3,3220179,1073393,32
decode_json,chinese_id_after_1460,json_only,9,16,3224210,201513.125,32
decode_json,chinese_id_after_1460,simd,10,9,3005248,333916.44444444444,32
decode_json,chinese_id_after_1460,baseline,10,3,2935966,978655.3333333334,32
decode_json,chinese_id_after_1460,combined,10,9,2757079,306342.1111111111,32
decode_json,chinese_id_after_1460,json_only,10,16,2968649,185540.5625,32
decode_json,chinese_id_after_1460,core,10,3,2622860,874286.6666666666,32
decode_json,chinese_id_after_1460,fused,10,3,2796974,932324.6666666666,32
decode_json,chinese_id_after_1460,combined,11,9,2754863,306095.8888888889,32
decode_json,chinese_id_after_1460,fused,11,3,2633349,877783,32
decode_json,chinese_id_after_1460,json_only,11,16,2929204,183075.25,32
decode_json,chinese_id_after_1460,baseline,11,3,2844288,948096,32
decode_json,chinese_id_after_1460,simd,11,9,2897693,321965.8888888889,32
decode_json,chinese_id_after_1460,core,11,3,2576291,858763.6666666666,32
decode_json,chinese_id_after_1460,json_only,12,16,3032638,189539.875,32
decode_json,chinese_id_after_1460,combined,12,9,2760117,306679.6666666667,32
decode_json,chinese_id_after_1460,simd,12,9,2850152,316683.55555555556,32
decode_json,chinese_id_after_1460,core,12,3,2540576,846858.6666666666,32
decode_json,chinese_id_after_1460,baseline,12,3,2759069,919689.6666666666,32
decode_json,chinese_id_after_1460,fused,12,3,2686623,895541,32
decode_json,chinese_id_after_1460,fused,13,3,2559849,853283,32
decode_json,chinese_id_after_1460,baseline,13,3,2593248,864416,32
decode_json,chinese_id_after_1460,simd,13,9,2975895,330655,32
decode_json,chinese_id_after_1460,json_only,13,16,3032936,189558.5,32
decode_json,chinese_id_after_1460,core,13,3,2547346,849115.3333333334,32
decode_json,chinese_id_after_1460,combined,13,9,2724673,302741.44444444444,32
decode_json,chinese_id_after_1460,fused,14,3,2613191,871063.6666666666,32
decode_json,chinese_id_after_1460,core,14,3,2691184,897061.3333333334,32
decode_json,chinese_id_after_1460,combined,14,9,2811549,312394.3333333333,32
decode_json,chinese_id_after_1460,json_only,14,16,2975404,185962.75,32
decode_json,chinese_id_after_1460,baseline,14,3,2680242,893414,32
decode_json,chinese_id_after_1460,simd,14,9,2858113,317568.1111111111,32
decode_json,chinese_id_after_1460,core,15,3,2499235,833078.3333333334,32
decode_json,chinese_id_after_1460,json_only,15,16,2915168,182198,32
decode_json,chinese_id_after_1460,fused,15,3,2722288,907429.3333333334,32
decode_json,chinese_id_after_1460,simd,15,9,2891453,321272.55555555556,32
decode_json,chinese_id_after_1460,combined,15,9,2767305,307478.3333333333,32
decode_json,chinese_id_after_1460,baseline,15,3,2710965,903655,32
decode_json,chinese_id_after_1460,baseline,16,3,2670383,890127.6666666666,32
decode_json,chinese_id_after_1460,combined,16,9,2733485,303720.55555555556,32
decode_json,chinese_id_after_1460,core,16,3,2535130,845043.3333333334,32
decode_json,chinese_id_after_1460,fused,16,3,2655418,885139.3333333334,32
decode_json,chinese_id_after_1460,json_only,16,16,2975835,185989.6875,32
decode_json,chinese_id_after_1460,simd,16,9,2922552,324728,32
decode_json,chinese_id_after_1460,combined,17,9,2759906,306656.22222222225,32
decode_json,chinese_id_after_1460,baseline,17,3,2751012,917004,32
decode_json,chinese_id_after_1460,simd,17,9,2912231,323581.22222222225,32
decode_json,chinese_id_after_1460,fused,17,3,2653965,884655,32
decode_json,chinese_id_after_1460,json_only,17,16,2974840,185927.5,32
decode_json,chinese_id_after_1460,core,17,3,2555240,851746.6666666666,32
decode_json,chinese_id_after_1460,baseline,18,3,2657518,885839.3333333334,32
decode_json,chinese_id_after_1460,combined,18,9,2784171,309352.3333333333,32
decode_json,chinese_id_after_1460,fused,18,3,2558546,852848.6666666666,32
decode_json,chinese_id_after_1460,simd,18,9,2994502,332722.44444444444,32
decode_json,chinese_id_after_1460,core,18,3,2606149,868716.3333333334,32
decode_json,chinese_id_after_1460,json_only,18,16,3002559,187659.9375,32
decode_json,chinese_id_after_1460,json_only,19,16,2899376,181211,32
decode_json,chinese_id_after_1460,core,19,3,2540092,846697.3333333334,32
decode_json,chinese_id_after_1460,baseline,19,3,2660924,886974.6666666666,32
decode_json,chinese_id_after_1460,combined,19,9,2775883,308431.44444444444,32
decode_json,chinese_id_after_1460,simd,19,9,2892876,321430.6666666667,32
decode_json,chinese_id_after_1460,fused,19,3,2699539,899846.3333333334,32
decode_json,chinese_id_after_1460,baseline,20,3,2666010,888670,32
decode_json,chinese_id_after_1460,core,20,3,2672751,890917,32
decode_json,chinese_id_after_1460,json_only,20,16,2920633,182539.5625,32
decode_json,chinese_id_after_1460,combined,20,9,2731625,303513.8888888889,32
decode_json,chinese_id_after_1460,simd,20,9,2915417,323935.22222222225,32
decode_json,chinese_id_after_1460,fused,20,3,2745597,915199,32
decode_json,chinese_id_after_1460,fused,21,3,2565739,855246.3333333334,32
decode_json,chinese_id_after_1460,combined,21,9,2744434,304937.1111111111,32
decode_json,chinese_id_after_1460,core,21,3,2575898,858632.6666666666,32
decode_json,chinese_id_after_1460,json_only,21,16,2931820,183238.75,32
decode_json,chinese_id_after_1460,baseline,21,3,2844330,948110,32
decode_json,chinese_id_after_1460,simd,21,9,2871156,319017.3333333333,32
decode_json,chinese_id_after_1460,json_only,22,16,2901771,181360.6875,32
decode_json,chinese_id_after_1460,core,22,3,2523027,841009,32
decode_json,chinese_id_after_1460,baseline,22,3,2671660,890553.3333333334,32
decode_json,chinese_id_after_1460,simd,22,9,2981706,331300.6666666667,32
decode_json,chinese_id_after_1460,fused,22,3,2628650,876216.6666666666,32
decode_json,chinese_id_after_1460,combined,22,9,2785324,309480.44444444444,32
decode_json,chinese_id_after_1460,simd,23,9,2922573,324730.3333333333,32
decode_json,chinese_id_after_1460,core,23,3,2520945,840315,32
decode_json,chinese_id_after_1460,fused,23,3,2656683,885561,32
decode_json,chinese_id_after_1460,combined,23,9,2748204,305356,32
decode_json,chinese_id_after_1460,json_only,23,16,2964833,185302.0625,32
decode_json,chinese_id_after_1460,baseline,23,3,2841029,947009.6666666666,32
decode_json,chinese_id_after_1460,fused,24,3,2643620,881206.6666666666,32
decode_json,chinese_id_after_1460,core,24,3,2551088,850362.6666666666,32
decode_json,chinese_id_after_1460,simd,24,9,2924234,324914.8888888889,32
decode_json,chinese_id_after_1460,json_only,24,16,2958464,184904,32
decode_json,chinese_id_after_1460,combined,24,9,2783678,309297.55555555556,32
decode_json,chinese_id_after_1460,baseline,24,3,2644768,881589.3333333334,32
decode_json,chinese_id_after_1460,fused,25,3,2637491,879163.6666666666,32
decode_json,chinese_id_after_1460,core,25,3,2516837,838945.6666666666,32
decode_json,chinese_id_after_1460,simd,25,9,3009762,334418,32
decode_json,chinese_id_after_1460,baseline,25,3,2715817,905272.3333333334,32
decode_json,chinese_id_after_1460,json_only,25,16,2991920,186995,32
decode_json,chinese_id_after_1460,combined,25,9,2802528,311392,32
decode_json,chinese_id_after_1460,core,26,3,2537253,845751,32
decode_json,chinese_id_after_1460,combined,26,9,2748279,305364.3333333333,32
decode_json,chinese_id_after_1460,baseline,26,3,2658627,886209,32
decode_json,chinese_id_after_1460,fused,26,3,2692125,897375,32
decode_json,chinese_id_after_1460,simd,26,9,2918700,324300,32
decode_json,chinese_id_after_1460,json_only,26,16,2917814,182363.375,32
decode_json,chinese_id_after_1460,json_only,27,16,2896412,181025.75,32
decode_json,chinese_id_after_1460,core,27,3,2794973,931657.6666666666,32
decode_json,chinese_id_after_1460,combined,27,9,2826874,314097.1111111111,32
decode_json,chinese_id_after_1460,baseline,27,3,2721576,907192,32
decode_json,chinese_id_after_1460,simd,27,9,2926840,325204.44444444444,32
decode_json,chinese_id_after_1460,fused,27,3,2743139,914379.6666666666,32
decode_json,chinese_id_after_1460,fused,28,3,2619376,873125.3333333334,32
decode_json,chinese_id_after_1460,simd,28,9,2889857,321095.22222222225,32
decode_json,chinese_id_after_1460,json_only,28,16,2912864,182054,32
decode_json,chinese_id_after_1460,core,28,3,2613150,871050,32
decode_json,chinese_id_after_1460,baseline,28,3,2795953,931984.3333333334,32
decode_json,chinese_id_after_1460,combined,28,9,2814668,312740.8888888889,32
decode_json,chinese_id_after_1460,simd,29,9,2880570,320063.3333333333,32
decode_json,chinese_id_after_1460,json_only,29,16,2935777,183486.0625,32
decode_json,chinese_id_after_1460,baseline,29,3,2719383,906461,32
decode_json,chinese_id_after_1460,core,29,3,2515823,838607.6666666666,32
decode_json,chinese_id_after_1460,combined,29,9,2801704,311300.44444444444,32
decode_json,chinese_id_after_1460,fused,29,3,2811568,937189.3333333334,32
decode_json,chinese_id_after_1460,combined,30,9,2793420,310380,32
decode_json,chinese_id_after_1460,json_only,30,16,2969024,185564,32
decode_json,chinese_id_after_1460,baseline,30,3,2632736,877578.6666666666,32
decode_json,chinese_id_after_1460,simd,30,9,2967480,329720,32
decode_json,chinese_id_after_1460,fused,30,3,2592047,864015.6666666666,32
decode_json,chinese_id_after_1460,core,30,3,2539884,846628,32
encode,chinese_id_after_1460,direct,0,7,2654248,379178.28571428574,32
encode,chinese_id_after_1460,baseline,0,7,2990276,427182.28571428574,32
encode,chinese_id_after_1460,reserved,0,7,2811804,401686.28571428574,32
encode,chinese_id_after_1460,reserved,1,7,2914411,416344.4285714286,32
encode,chinese_id_after_1460,direct,1,7,2706464,386637.71428571426,32
encode,chinese_id_after_1460,baseline,1,7,2929256,418465.14285714284,32
encode,chinese_id_after_1460,reserved,2,7,2809374,401339.14285714284,32
encode,chinese_id_after_1460,direct,2,7,2634125,376303.5714285714,32
encode,chinese_id_after_1460,baseline,2,7,3054658,436379.71428571426,32
encode,chinese_id_after_1460,direct,3,7,2638689,376955.5714285714,32
encode,chinese_id_after_1460,baseline,3,7,3042491,434641.5714285714,32
encode,chinese_id_after_1460,reserved,3,7,2767598,395371.14285714284,32
encode,chinese_id_after_1460,direct,4,7,2686363,383766.14285714284,32
encode,chinese_id_after_1460,reserved,4,7,2783893,397699,32
encode,chinese_id_after_1460,baseline,4,7,3029125,432732.14285714284,32
encode,chinese_id_after_1460,reserved,5,7,2828680,404097.14285714284,32
encode,chinese_id_after_1460,direct,5,7,2605551,372221.5714285714,32
encode,chinese_id_after_1460,baseline,5,7,2981684,425954.85714285716,32
encode,chinese_id_after_1460,baseline,6,7,2964335,423476.4285714286,32
encode,chinese_id_after_1460,reserved,6,7,2808400,401200,32
encode,chinese_id_after_1460,direct,6,7,2611582,373083.14285714284,32
encode,chinese_id_after_1460,baseline,7,7,2952912,421844.5714285714,32
encode,chinese_id_after_1460,direct,7,7,2724771,389253,32
encode,chinese_id_after_1460,reserved,7,7,2854095,407727.85714285716,32
encode,chinese_id_after_1460,reserved,8,7,2765422,395060.28571428574,32
encode,chinese_id_after_1460,baseline,8,7,2938842,419834.5714285714,32
encode,chinese_id_after_1460,direct,8,7,2687935,383990.71428571426,32
encode,chinese_id_after_1460,baseline,9,7,3680317,525759.5714285715,32
encode,chinese_id_after_1460,reserved,9,7,2763984,394854.85714285716,32
encode,chinese_id_after_1460,direct,9,7,2620615,374373.5714285714,32
encode,chinese_id_after_1460,direct,10,7,2635826,376546.5714285714,32
encode,chinese_id_after_1460,reserved,10,7,2761253,394464.71428571426,32
encode,chinese_id_after_1460,baseline,10,7,2980186,425740.85714285716,32
encode,chinese_id_after_1460,reserved,11,7,2803262,400466,32
encode,chinese_id_after_1460,direct,11,7,2592461,370351.5714285714,32
encode,chinese_id_after_1460,baseline,11,7,3017927,431132.4285714286,32
encode,chinese_id_after_1460,baseline,12,7,2996942,428134.5714285714,32
encode,chinese_id_after_1460,reserved,12,7,2776650,396664.28571428574,32
encode,chinese_id_after_1460,direct,12,7,2632378,376054,32
encode,chinese_id_after_1460,reserved,13,7,2804018,400574,32
encode,chinese_id_after_1460,direct,13,7,2660179,380025.5714285714,32
encode,chinese_id_after_1460,baseline,13,7,2956984,422426.28571428574,32
encode,chinese_id_after_1460,reserved,14,7,2776153,396593.28571428574,32
encode,chinese_id_after_1460,baseline,14,7,2967781,423968.71428571426,32
encode,chinese_id_after_1460,direct,14,7,2595842,370834.5714285714,32
encode,chinese_id_after_1460,reserved,15,7,2767876,395410.85714285716,32
encode,chinese_id_after_1460,direct,15,7,2623176,374739.4285714286,32
encode,chinese_id_after_1460,baseline,15,7,3080175,440025,32
encode,chinese_id_after_1460,direct,16,7,2642708,377529.71428571426,32
encode,chinese_id_after_1460,reserved,16,7,2767797,395399.5714285714,32
encode,chinese_id_after_1460,baseline,16,7,2995478,427925.4285714286,32
encode,chinese_id_after_1460,reserved,17,7,2764059,394865.5714285714,32
encode,chinese_id_after_1460,baseline,17,7,2936137,419448.14285714284,32
encode,chinese_id_after_1460,direct,17,7,2649248,378464,32
encode,chinese_id_after_1460,reserved,18,7,2808079,401154.14285714284,32
encode,chinese_id_after_1460,direct,18,7,2608950,372707.14285714284,32
encode,chinese_id_after_1460,baseline,18,7,2915029,416432.71428571426,32
encode,chinese_id_after_1460,direct,19,7,2668516,381216.5714285714,32
encode,chinese_id_after_1460,baseline,19,7,2962667,423238.14285714284,32
encode,chinese_id_after_1460,reserved,19,7,2832737,404676.71428571426,32
encode,chinese_id_after_1460,baseline,20,7,2932571,418938.71428571426,32
encode,chinese_id_after_1460,reserved,20,7,2782979,397568.4285714286,32
encode,chinese_id_after_1460,direct,20,7,2637133,376733.28571428574,32
encode,chinese_id_after_1460,reserved,21,7,2751836,393119.4285714286,32
encode,chinese_id_after_1460,direct,21,7,2602636,371805.14285714284,32
encode,chinese_id_after_1460,baseline,21,7,2966769,423824.14285714284,32
encode,chinese_id_after_1460,direct,22,7,2635605,376515,32
encode,chinese_id_after_1460,reserved,22,7,2764660,394951.4285714286,32
encode,chinese_id_after_1460,baseline,22,7,2909475,415639.28571428574,32
encode,chinese_id_after_1460,baseline,23,7,2991423,427346.14285714284,32
encode,chinese_id_after_1460,direct,23,7,2588965,369852.14285714284,32
encode,chinese_id_after_1460,reserved,23,7,2829870,404267.14285714284,32
encode,chinese_id_after_1460,direct,24,7,2646658,378094,32
encode,chinese_id_after_1460,reserved,24,7,2790989,398712.71428571426,32
encode,chinese_id_after_1460,baseline,24,7,2920116,417159.4285714286,32
encode,chinese_id_after_1460,reserved,25,7,2798328,399761.14285714284,32
encode,chinese_id_after_1460,baseline,25,7,3052925,436132.14285714284,32
encode,chinese_id_after_1460,direct,25,7,2645234,377890.5714285714,32
encode,chinese_id_after_1460,direct,26,7,2631823,375974.71428571426,32
encode,chinese_id_after_1460,reserved,26,7,2924259,417751.28571428574,32
encode,chinese_id_after_1460,baseline,26,7,3079883,439983.28571428574,32
encode,chinese_id_after_1460,reserved,27,7,2832727,404675.28571428574,32
encode,chinese_id_after_1460,direct,27,7,2610278,372896.85714285716,32
encode,chinese_id_after_1460,baseline,27,7,3079671,439953,32
encode,chinese_id_after_1460,reserved,28,7,2772590,396084.28571428574,32
encode,chinese_id_after_1460,baseline,28,7,2957004,422429.14285714284,32
encode,chinese_id_after_1460,direct,28,7,2662119,380302.71428571426,32
encode,chinese_id_after_1460,baseline,29,7,3093146,441878,32
encode,chinese_id_after_1460,direct,29,7,2714040,387720,32
encode,chinese_id_after_1460,reserved,29,7,2834378,404911.14285714284,32
encode,chinese_id_after_1460,reserved,30,7,2752926,393275.14285714284,32
encode,chinese_id_after_1460,baseline,30,7,3072645,438949.28571428574,32
encode,chinese_id_after_1460,direct,30,7,2664505,380643.5714285714,32
decode,ascii_id_after_1460,core,0,36,2764195,76783.19444444444,32
decode,ascii_id_after_1460,combined,0,39,2540653,65144.94871794872,32
decode,ascii_id_after_1460,baseline,0,31,2737522,88307.16129032258,32
decode,ascii_id_after_1460,fused,0,31,2757306,88945.35483870968,32
decode,ascii_id_after_1460,simd,0,38,2912360,76641.05263157895,32
decode,ascii_id_after_1460,core,1,36,2847841,79106.69444444444,32
decode,ascii_id_after_1460,baseline,1,31,2757123,88939.45161290323,32
decode,ascii_id_after_1460,simd,1,38,3014055,79317.23684210527,32
decode,ascii_id_after_1460,fused,1,31,2857046,92162.7741935484,32
decode,ascii_id_after_1460,combined,1,39,2597585,66604.7435897436,32
decode,ascii_id_after_1460,core,2,36,2722877,75635.47222222222,32
decode,ascii_id_after_1460,fused,2,31,2810318,90655.41935483871,32
decode,ascii_id_after_1460,baseline,2,31,2747640,88633.54838709677,32
decode,ascii_id_after_1460,simd,2,38,2917903,76786.92105263157,32
decode,ascii_id_after_1460,combined,2,39,2468544,63296,32
decode,ascii_id_after_1460,baseline,3,31,2724803,87896.87096774194,32
decode,ascii_id_after_1460,fused,3,31,3045095,98228.87096774194,32
decode,ascii_id_after_1460,combined,3,39,2515025,64487.820512820515,32
decode,ascii_id_after_1460,core,3,36,2790942,77526.16666666667,32
decode,ascii_id_after_1460,simd,3,38,2924355,76956.71052631579,32
decode,ascii_id_after_1460,baseline,4,31,2765261,89201.96774193548,32
decode,ascii_id_after_1460,simd,4,38,2959641,77885.28947368421,32
decode,ascii_id_after_1460,combined,4,39,2494359,63957.92307692308,32
decode,ascii_id_after_1460,fused,4,31,2767024,89258.83870967742,32
decode,ascii_id_after_1460,core,4,36,2726181,75727.25,32
decode,ascii_id_after_1460,simd,5,38,3057939,80472.07894736843,32
decode,ascii_id_after_1460,fused,5,31,2787160,89908.3870967742,32
decode,ascii_id_after_1460,baseline,5,31,2769144,89327.2258064516,32
decode,ascii_id_after_1460,combined,5,39,2492809,63918.179487179485,32
decode,ascii_id_after_1460,core,5,36,2746352,76287.55555555556,32
decode,ascii_id_after_1460,simd,6,38,2934333,77219.28947368421,32
decode,ascii_id_after_1460,fused,6,31,2770597,89374.09677419355,32
decode,ascii_id_after_1460,baseline,6,31,2764853,89188.80645161291,32
decode,ascii_id_after_1460,core,6,36,2933592,81488.66666666667,32
decode,ascii_id_after_1460,combined,6,39,2568246,65852.46153846153,32
decode,ascii_id_after_1460,simd,7,38,2979891,78418.18421052632,32
decode,ascii_id_after_1460,core,7,36,2727255,75757.08333333333,32
decode,ascii_id_after_1460,combined,7,39,2495790,63994.61538461538,32
decode,ascii_id_after_1460,baseline,7,31,2779169,89650.6129032258,32
decode,ascii_id_after_1460,fused,7,31,2766184,89231.74193548386,32
decode,ascii_id_after_1460,combined,8,39,2514489,64474.07692307692,32
decode,ascii_id_after_1460,baseline,8,31,2719978,87741.2258064516,32
decode,ascii_id_after_1460,core,8,36,2820610,78350.27777777778,32
decode,ascii_id_after_1460,simd,8,38,2953018,77711,32
decode,ascii_id_after_1460,fused,8,31,2766534,89243.03225806452,32
decode,ascii_id_after_1460,fused,9,31,2784485,89822.09677419355,32
decode,ascii_id_after_1460,combined,9,39,2490678,63863.53846153846,32
decode,ascii_id_after_1460,simd,9,38,2895737,76203.6052631579,32
decode,ascii_id_after_1460,core,9,36,2756301,76563.91666666667,32
decode,ascii_id_after_1460,baseline,9,31,2854480,92080,32
decode,ascii_id_after_1460,combined,10,39,2468926,63305.794871794875,32
decode,ascii_id_after_1460,fused,10,31,2779791,89670.67741935483,32
decode,ascii_id_after_1460,baseline,10,31,2735346,88236.96774193548,32
decode,ascii_id_after_1460,core,10,36,2752410,76455.83333333333,32
decode,ascii_id_after_1460,simd,10,38,2911283,76612.71052631579,32
decode,ascii_id_after_1460,core,11,36,2744273,76229.80555555556,32
decode,ascii_id_after_1460,fused,11,31,2987327,96365.3870967742,32
decode,ascii_id_after_1460,combined,11,39,2985340,76547.17948717948,32
decode,ascii_id_after_1460,simd,11,38,3243986,85368.05263157895,32
decode,ascii_id_after_1460,baseline,11,31,2774856,89511.48387096774,32
decode,ascii_id_after_1460,combined,12,39,2526039,64770.230769230766,32
decode,ascii_id_after_1460,baseline,12,31,2866086,92454.3870967742,32
decode,ascii_id_after_1460,core,12,36,3608385,100232.91666666667,32
decode,ascii_id_after_1460,simd,12,38,3441257,90559.3947368421,32
decode,ascii_id_after_1460,fused,12,31,4195102,135325.87096774194,32
decode,ascii_id_after_1460,core,13,36,3741367,103926.86111111111,32
decode,ascii_id_after_1460,fused,13,31,3390281,109363.90322580645,32
decode,ascii_id_after_1460,baseline,13,31,3775086,121776.96774193548,32
decode,ascii_id_after_1460,simd,13,38,4209670,110780.78947368421,32
decode,ascii_id_after_1460,combined,13,39,3136926,80434,32
decode,ascii_id_after_1460,combined,14,39,2950121,75644.1282051282,32
decode,ascii_id_after_1460,fused,14,31,3176818,102478,32
decode,ascii_id_after_1460,core,14,36,3634844,100967.88888888889,32
decode,ascii_id_after_1460,baseline,14,31,3416390,110206.12903225806,32
decode,ascii_id_after_1460,simd,14,38,3774653,99332.97368421052,32
decode,ascii_id_after_1460,combined,15,39,3856527,98885.30769230769,32
decode,ascii_id_after_1460,core,15,36,5284461,146790.58333333334,32
decode,ascii_id_after_1460,simd,15,38,4549276,119717.78947368421,32
decode,ascii_id_after_1460,baseline,15,31,4227391,136367.4516129032,32
decode,ascii_id_after_1460,fused,15,31,4303328,138817.03225806452,32
decode,ascii_id_after_1460,baseline,16,31,4397038,141839.93548387097,32
decode,ascii_id_after_1460,simd,16,38,4591911,120839.76315789473,32
decode,ascii_id_after_1460,fused,16,31,4486868,144737.67741935485,32
decode,ascii_id_after_1460,combined,16,39,4156397,106574.28205128205,32
decode,ascii_id_after_1460,core,16,36,4720514,131125.38888888888,32
decode,ascii_id_after_1460,baseline,17,31,4479771,144508.74193548388,32
decode,ascii_id_after_1460,combined,17,39,3841260,98493.84615384616,32
decode,ascii_id_after_1460,simd,17,38,4532289,119270.76315789473,32
decode,ascii_id_after_1460,fused,17,31,4082361,131689.06451612903,32
decode,ascii_id_after_1460,core,17,36,4206436,116845.44444444444,32
decode,ascii_id_after_1460,simd,18,38,5400459,142117.34210526315,32
decode,ascii_id_after_1460,fused,18,31,4081221,131652.29032258064,32
decode,ascii_id_after_1460,combined,18,39,3827475,98140.38461538461,32
decode,ascii_id_after_1460,core,18,36,3732057,103668.25,32
decode,ascii_id_after_1460,baseline,18,31,3251997,104903.12903225806,32
decode,ascii_id_after_1460,core,19,36,3127995,86888.75,32
decode,ascii_id_after_1460,baseline,19,31,2850147,91940.2258064516,32
decode,ascii_id_after_1460,fused,19,31,2965581,95663.90322580645,32
decode,ascii_id_after_1460,simd,19,38,3294000,86684.21052631579,32
decode,ascii_id_after_1460,combined,19,39,3034717,77813.2564102564,32
decode,ascii_id_after_1460,core,20,36,3177601,88266.69444444444,32
decode,ascii_id_after_1460,baseline,20,31,3272582,105567.16129032258,32
decode,ascii_id_after_1460,combined,20,39,3195491,81935.66666666667,32
decode,ascii_id_after_1460,fused,20,31,3057515,98629.51612903226,32
decode,ascii_id_after_1460,simd,20,38,3401476,89512.52631578948,32
decode,ascii_id_after_1460,simd,21,38,3531916,92945.15789473684,32
decode,ascii_id_after_1460,combined,21,39,2963337,75983,32
decode,ascii_id_after_1460,baseline,21,31,3436336,110849.54838709677,32
decode,ascii_id_after_1460,fused,21,31,3273968,105611.87096774194,32
decode,ascii_id_after_1460,core,21,36,3048075,84668.75,32
decode,ascii_id_after_1460,simd,22,38,3435826,90416.47368421052,32
decode,ascii_id_after_1460,combined,22,39,2914654,74734.71794871795,32
decode,ascii_id_after_1460,core,22,36,3195317,88758.80555555556,32
decode,ascii_id_after_1460,baseline,22,31,3212084,103615.6129032258,32
decode,ascii_id_after_1460,fused,22,31,3561529,114888.03225806452,32
decode,ascii_id_after_1460,combined,23,39,3292267,84417.10256410256,32
decode,ascii_id_after_1460,core,23,36,3250097,90280.47222222222,32
decode,ascii_id_after_1460,baseline,23,31,2821411,91013.25806451614,32
decode,ascii_id_after_1460,simd,23,38,3134584,82489.05263157895,32
decode,ascii_id_after_1460,fused,23,31,2768809,89316.41935483871,32
decode,ascii_id_after_1460,fused,24,31,2813317,90752.16129032258,32
decode,ascii_id_after_1460,core,24,36,2767764,76882.33333333333,32
decode,ascii_id_after_1460,baseline,24,31,2802577,90405.70967741935,32
decode,ascii_id_after_1460,combined,24,39,2480634,63606,32
decode,ascii_id_after_1460,simd,24,38,2953966,77735.94736842105,32
decode,ascii_id_after_1460,fused,25,31,2737111,88293.90322580645,32
decode,ascii_id_after_1460,combined,25,39,2474581,63450.794871794875,32
decode,ascii_id_after_1460,core,25,36,2949793,81938.69444444444,32
decode,ascii_id_after_1460,simd,25,38,2948082,77581.1052631579,32
decode,ascii_id_after_1460,baseline,25,31,2750007,88709.90322580645,32
decode,ascii_id_after_1460,baseline,26,31,2745942,88578.7741935484,32
decode,ascii_id_after_1460,simd,26,38,2925879,76996.81578947368,32
decode,ascii_id_after_1460,fused,26,31,2751399,88754.80645161291,32
decode,ascii_id_after_1460,core,26,36,2860481,79457.80555555556,32
decode,ascii_id_after_1460,combined,26,39,2488371,63804.38461538462,32
decode,ascii_id_after_1460,core,27,36,2836815,78800.41666666667,32
decode,ascii_id_after_1460,fused,27,31,2921768,94250.58064516129,32
decode,ascii_id_after_1460,baseline,27,31,2778831,89639.70967741935,32
decode,ascii_id_after_1460,combined,27,39,2542311,65187.46153846154,32
decode,ascii_id_after_1460,simd,27,38,2950565,77646.44736842105,32
decode,ascii_id_after_1460,fused,28,31,2775002,89516.19354838709,32
decode,ascii_id_after_1460,combined,28,39,2484401,63702.58974358974,32
decode,ascii_id_after_1460,simd,28,38,2960189,77899.71052631579,32
decode,ascii_id_after_1460,baseline,28,31,2793142,90101.35483870968,32
decode,ascii_id_after_1460,core,28,36,2713160,75365.55555555556,32
decode,ascii_id_after_1460,simd,29,38,3182327,83745.44736842105,32
decode,ascii_id_after_1460,core,29,36,2792180,77560.55555555556,32
decode,ascii_id_after_1460,fused,29,31,2784234,89814,32
decode,ascii_id_after_1460,combined,29,39,2477598,63528.153846153844,32
decode,ascii_id_after_1460,baseline,29,31,2793375,90108.87096774194,32
decode,ascii_id_after_1460,combined,30,39,2512613,64425.97435897436,32
decode,ascii_id_after_1460,core,30,36,2763564,76765.66666666667,32
decode,ascii_id_after_1460,simd,30,38,2906163,76477.97368421052,32
decode,ascii_id_after_1460,fused,30,31,2751408,88755.09677419355,32
decode,ascii_id_after_1460,baseline,30,31,2893985,93354.35483870968,32
decode_json,ascii_id_after_1460,baseline,0,10,2892961,289296.1,32
decode_json,ascii_id_after_1460,core,0,11,2968405,269855,32
decode_json,ascii_id_after_1460,combined,0,11,2785414,253219.45454545456,32
decode_json,ascii_id_after_1460,fused,0,11,3146648,286058.9090909091,32
decode_json,ascii_id_after_1460,json_only,0,16,2929213,183075.8125,32
decode_json,ascii_id_after_1460,simd,0,11,2960273,269115.7272727273,32
decode_json,ascii_id_after_1460,combined,1,11,2794924,254084,32
decode_json,ascii_id_after_1460,simd,1,11,2893071,263006.45454545453,32
decode_json,ascii_id_after_1460,baseline,1,10,2950634,295063.4,32
decode_json,ascii_id_after_1460,json_only,1,16,3082610,192663.125,32
decode_json,ascii_id_after_1460,core,1,11,2934357,266759.7272727273,32
decode_json,ascii_id_after_1460,fused,1,11,3091618,281056.1818181818,32
decode_json,ascii_id_after_1460,core,2,11,2899023,263547.54545454547,32
decode_json,ascii_id_after_1460,simd,2,11,2911210,264655.45454545453,32
decode_json,ascii_id_after_1460,combined,2,11,2763065,251187.72727272726,32
decode_json,ascii_id_after_1460,json_only,2,16,2922010,182625.625,32
decode_json,ascii_id_after_1460,fused,2,11,3195455,290495.9090909091,32
decode_json,ascii_id_after_1460,baseline,2,10,2814632,281463.2,32
decode_json,ascii_id_after_1460,baseline,3,10,2771036,277103.6,32
decode_json,ascii_id_after_1460,json_only,3,16,2930757,183172.3125,32
decode_json,ascii_id_after_1460,combined,3,11,2828541,257140.0909090909,32
decode_json,ascii_id_after_1460,fused,3,11,3052771,277524.63636363635,32
decode_json,ascii_id_after_1460,core,3,11,2880113,261828.45454545456,32
decode_json,ascii_id_after_1460,simd,3,11,2961576,269234.1818181818,32
decode_json,ascii_id_after_1460,json_only,4,16,2911151,181946.9375,32
decode_json,ascii_id_after_1460,simd,4,11,3076895,279717.7272727273,32
decode_json,ascii_id_after_1460,fused,4,11,3119993,283635.7272727273,32
decode_json,ascii_id_after_1460,combined,4,11,2778183,252562.0909090909,32
decode_json,ascii_id_after_1460,core,4,11,2937436,267039.63636363635,32
decode_json,ascii_id_after_1460,baseline,4,10,2866751,286675.1,32
decode_json,ascii_id_after_1460,simd,5,11,2974558,270414.36363636365,32
decode_json,ascii_id_after_1460,baseline,5,10,2779808,277980.8,32
decode_json,ascii_id_after_1460,json_only,5,16,2931790,183236.875,32
decode_json,ascii_id_after_1460,core,5,11,2989773,271797.54545454547,32
decode_json,ascii_id_after_1460,fused,5,11,3047862,277078.36363636365,32
decode_json,ascii_id_after_1460,combined,5,11,2777531,252502.81818181818,32
decode_json,ascii_id_after_1460,baseline,6,10,2733980,273398,32
decode_json,ascii_id_after_1460,json_only,6,16,2963382,185211.375,32
decode_json,ascii_id_after_1460,simd,6,11,2902257,263841.54545454547,32
decode_json,ascii_id_after_1460,fused,6,11,3058021,278001.9090909091,32
decode_json,ascii_id_after_1460,core,6,11,2950805,268255,32
decode_json,ascii_id_after_1460,combined,6,11,2860671,260061,32
decode_json,ascii_id_after_1460,fused,7,11,3064671,278606.45454545453,32
decode_json,ascii_id_after_1460,combined,7,11,2760215,250928.63636363635,32
decode_json,ascii_id_after_1460,simd,7,11,2969419,269947.1818181818,32
decode_json,ascii_id_after_1460,json_only,7,16,2997161,187322.5625,32
decode_json,ascii_id_after_1460,baseline,7,10,2796960,279696,32
decode_json,ascii_id_after_1460,core,7,11,2856053,259641.18181818182,32
decode_json,ascii_id_after_1460,baseline,8,10,2717483,271748.3,32
decode_json,ascii_id_after_1460,core,8,11,2927227,266111.54545454547,32
decode_json,ascii_id_after_1460,combined,8,11,2809954,255450.36363636365,32
decode_json,ascii_id_after_1460,fused,8,11,3135867,285078.8181818182,32
decode_json,ascii_id_after_1460,simd,8,11,2939996,267272.36363636365,32
decode_json,ascii_id_after_1460,json_only,8,16,2928755,183047.1875,32
decode_json,ascii_id_after_1460,core,9,11,2902613,263873.9090909091,32
decode_json,ascii_id_after_1460,simd,9,11,2889848,262713.45454545453,32
decode_json,ascii_id_after_1460,baseline,9,10,2728519,272851.9,32
decode_json,ascii_id_after_1460,combined,9,11,2906327,264211.54545454547,32
decode_json,ascii_id_after_1460,fused,9,11,3145401,285945.54545454547,32
decode_json,ascii_id_after_1460,json_only,9,16,2970372,185648.25,32
decode_json,ascii_id_after_1460,simd,10,11,2920399,265490.8181818182,32
decode_json,ascii_id_after_1460,baseline,10,10,2747450,274745,32
decode_json,ascii_id_after_1460,combined,10,11,2776607,252418.81818181818,32
decode_json,ascii_id_after_1460,json_only,10,16,2947872,184242,32
decode_json,ascii_id_after_1460,core,10,11,2866226,260566,32
decode_json,ascii_id_after_1460,fused,10,11,3102599,282054.45454545453,32
decode_json,ascii_id_after_1460,combined,11,11,2853222,259383.81818181818,32
decode_json,ascii_id_after_1460,fused,11,11,3054879,277716.2727272727,32
decode_json,ascii_id_after_1460,json_only,11,16,2963729,185233.0625,32
decode_json,ascii_id_after_1460,baseline,11,10,2870763,287076.3,32
decode_json,ascii_id_after_1460,simd,11,11,2917572,265233.8181818182,32
decode_json,ascii_id_after_1460,core,11,11,2947671,267970.0909090909,32
decode_json,ascii_id_after_1460,json_only,12,16,2920014,182500.875,32
decode_json,ascii_id_after_1460,combined,12,11,2881312,261937.45454545456,32
decode_json,ascii_id_after_1460,simd,12,11,3067139,278830.8181818182,32
decode_json,ascii_id_after_1460,core,12,11,2977434,270675.8181818182,32
decode_json,ascii_id_after_1460,baseline,12,10,2852117,285211.7,32
decode_json,ascii_id_after_1460,fused,12,11,3059306,278118.7272727273,32
decode_json,ascii_id_after_1460,fused,13,11,3123309,283937.1818181818,32
decode_json,ascii_id_after_1460,baseline,13,10,2870933,287093.3,32
decode_json,ascii_id_after_1460,simd,13,11,2943443,267585.7272727273,32
decode_json,ascii_id_after_1460,json_only,13,16,2946773,184173.3125,32
decode_json,ascii_id_after_1460,core,13,11,2937595,267054.0909090909,32
decode_json,ascii_id_after_1460,combined,13,11,2769596,251781.45454545456,32
decode_json,ascii_id_after_1460,fused,14,11,3044764,276796.7272727273,32
decode_json,ascii_id_after_1460,core,14,11,2921112,265555.63636363635,32
decode_json,ascii_id_after_1460,combined,14,11,2824975,256815.9090909091,32
decode_json,ascii_id_after_1460,json_only,14,16,2950669,184416.8125,32
decode_json,ascii_id_after_1460,baseline,14,10,2972214,297221.4,32
decode_json,ascii_id_after_1460,simd,14,11,2967968,269815.2727272727,32
decode_json,ascii_id_after_1460,core,15,11,3020115,274555.9090909091,32
decode_json,ascii_id_after_1460,json_only,15,16,2952212,184513.25,32
decode_json,ascii_id_after_1460,fused,15,11,3074958,279541.63636363635,32
decode_json,ascii_id_after_1460,simd,15,11,2938332,267121.0909090909,32
decode_json,ascii_id_after_1460,combined,15,11,2739855,249077.72727272726,32
decode_json,ascii_id_after_1460,baseline,15,10,2748828,274882.8,32
decode_json,ascii_id_after_1460,baseline,16,10,2853387,285338.7,32
decode_json,ascii_id_after_1460,combined,16,11,2894391,263126.45454545453,32
decode_json,ascii_id_after_1460,core,16,11,2915060,265005.45454545453,32
decode_json,ascii_id_after_1460,fused,16,11,3425292,311390.1818181818,32
decode_json,ascii_id_after_1460,json_only,16,16,3781536,236346,32
decode_json,ascii_id_after_1460,simd,16,11,3004071,273097.36363636365,32
decode_json,ascii_id_after_1460,combined,17,11,2864714,260428.54545454544,32
decode_json,ascii_id_after_1460,baseline,17,10,2784703,278470.3,32
decode_json,ascii_id_after_1460,simd,17,11,2950376,268216,32
decode_json,ascii_id_after_1460,fused,17,11,3056977,277907,32
decode_json,ascii_id_after_1460,json_only,17,16,2925744,182859,32
decode_json,ascii_id_after_1460,core,17,11,3047008,277000.7272727273,32
decode_json,ascii_id_after_1460,baseline,18,10,2805620,280562,32
decode_json,ascii_id_after_1460,combined,18,11,2806446,255131.45454545456,32
decode_json,ascii_id_after_1460,fused,18,11,3272756,297523.2727272727,32
decode_json,ascii_id_after_1460,simd,18,11,3188314,289846.7272727273,32
decode_json,ascii_id_after_1460,core,18,11,3007658,273423.45454545453,32
decode_json,ascii_id_after_1460,json_only,18,16,3006955,187934.6875,32
decode_json,ascii_id_after_1460,json_only,19,16,2947582,184223.875,32
decode_json,ascii_id_after_1460,core,19,11,2906834,264257.63636363635,32
decode_json,ascii_id_after_1460,baseline,19,10,2750929,275092.9,32
decode_json,ascii_id_after_1460,combined,19,11,2764454,251314,32
decode_json,ascii_id_after_1460,simd,19,11,3157421,287038.2727272727,32
decode_json,ascii_id_after_1460,fused,19,11,3224097,293099.7272727273,32
decode_json,ascii_id_after_1460,baseline,20,10,2785851,278585.1,32
decode_json,ascii_id_after_1460,core,20,11,3233770,293979.0909090909,32
decode_json,ascii_id_after_1460,json_only,20,16,3095120,193445,32
decode_json,ascii_id_after_1460,combined,20,11,2825161,256832.81818181818,32
decode_json,ascii_id_after_1460,simd,20,11,2893738,263067.0909090909,32
decode_json,ascii_id_after_1460,fused,20,11,3117179,283379.9090909091,32
decode_json,ascii_id_after_1460,fused,21,11,3028697,275336.0909090909,32
decode_json,ascii_id_after_1460,combined,21,11,2805615,255055.9090909091,32
decode_json,ascii_id_after_1460,core,21,11,2892757,262977.9090909091,32
decode_json,ascii_id_after_1460,json_only,21,16,3020641,188790.0625,32
decode_json,ascii_id_after_1460,baseline,21,10,2947748,294774.8,32
decode_json,ascii_id_after_1460,simd,21,11,2958116,268919.63636363635,32
decode_json,ascii_id_after_1460,json_only,22,16,2980312,186269.5,32
decode_json,ascii_id_after_1460,core,22,11,2989813,271801.1818181818,32
decode_json,ascii_id_after_1460,baseline,22,10,2781478,278147.8,32
decode_json,ascii_id_after_1460,simd,22,11,2904217,264019.7272727273,32
decode_json,ascii_id_after_1460,fused,22,11,3147117,286101.54545454547,32
decode_json,ascii_id_after_1460,combined,22,11,2782809,252982.63636363635,32
decode_json,ascii_id_after_1460,simd,23,11,2929676,266334.1818181818,32
decode_json,ascii_id_after_1460,core,23,11,2876379,261489,32
decode_json,ascii_id_after_1460,fused,23,11,3188620,289874.54545454547,32
decode_json,ascii_id_after_1460,combined,23,11,2812151,255650.0909090909,32
decode_json,ascii_id_after_1460,json_only,23,16,2955561,184722.5625,32
decode_json,ascii_id_after_1460,baseline,23,10,2779460,277946,32
decode_json,ascii_id_after_1460,fused,24,11,3164430,287675.45454545453,32
decode_json,ascii_id_after_1460,core,24,11,3023360,274850.9090909091,32
decode_json,ascii_id_after_1460,simd,24,11,2932770,266615.45454545453,32
decode_json,ascii_id_after_1460,json_only,24,16,3002077,187629.8125,32
decode_json,ascii_id_after_1460,combined,24,11,2806517,255137.9090909091,32
decode_json,ascii_id_after_1460,baseline,24,10,2739501,273950.1,32
decode_json,ascii_id_after_1460,fused,25,11,3034881,275898.2727272727,32
decode_json,ascii_id_after_1460,core,25,11,2940608,267328,32
decode_json,ascii_id_after_1460,simd,25,11,3020969,274633.54545454547,32
decode_json,ascii_id_after_1460,baseline,25,10,2778203,277820.3,32
decode_json,ascii_id_after_1460,json_only,25,16,2928985,183061.5625,32
decode_json,ascii_id_after_1460,combined,25,11,2771813,251983,32
decode_json,ascii_id_after_1460,core,26,11,2853660,259423.63636363635,32
decode_json,ascii_id_after_1460,combined,26,11,2730021,248183.72727272726,32
decode_json,ascii_id_after_1460,baseline,26,10,2762487,276248.7,32
decode_json,ascii_id_after_1460,fused,26,11,3080501,280045.54545454547,32
decode_json,ascii_id_after_1460,simd,26,11,2928163,266196.63636363635,32
decode_json,ascii_id_after_1460,json_only,26,16,2945577,184098.5625,32
decode_json,ascii_id_after_1460,json_only,27,16,2893920,180870,32
decode_json,ascii_id_after_1460,core,27,11,2905453,264132.0909090909,32
decode_json,ascii_id_after_1460,combined,27,11,2774015,252183.18181818182,32
decode_json,ascii_id_after_1460,baseline,27,10,2803833,280383.3,32
decode_json,ascii_id_after_1460,simd,27,11,3041565,276505.9090909091,32
decode_json,ascii_id_after_1460,fused,27,11,3161293,287390.2727272727,32
decode_json,ascii_id_after_1460,fused,28,11,3073769,279433.54545454547,32
decode_json,ascii_id_after_1460,simd,28,11,2968174,269834,32
decode_json,ascii_id_after_1460,json_only,28,16,2927921,182995.0625,32
decode_json,ascii_id_after_1460,core,28,11,2910623,264602.0909090909,32
decode_json,ascii_id_after_1460,baseline,28,10,2753000,275300,32
decode_json,ascii_id_after_1460,combined,28,11,2778269,252569.9090909091,32
decode_json,ascii_id_after_1460,simd,29,11,2978390,270762.7272727273,32
decode_json,ascii_id_after_1460,json_only,29,16,2947124,184195.25,32
decode_json,ascii_id_after_1460,baseline,29,10,2777213,277721.3,32
decode_json,ascii_id_after_1460,core,29,11,2942608,267509.8181818182,32
decode_json,ascii_id_after_1460,combined,29,11,2760466,250951.45454545456,32
decode_json,ascii_id_after_1460,fused,29,11,3024056,274914.1818181818,32
decode_json,ascii_id_after_1460,combined,30,11,2813083,255734.81818181818,32
decode_json,ascii_id_after_1460,json_only,30,16,2924302,182768.875,32
decode_json,ascii_id_after_1460,baseline,30,10,2779855,277985.5,32
decode_json,ascii_id_after_1460,simd,30,11,2994855,272259.54545454547,32
decode_json,ascii_id_after_1460,fused,30,11,3077158,279741.63636363635,32
decode_json,ascii_id_after_1460,core,30,11,2879239,261749,32
encode,ascii_id_after_1460,direct,0,7,2773975,396282.14285714284,32
encode,ascii_id_after_1460,baseline,0,6,2710342,451723.6666666667,32
encode,ascii_id_after_1460,reserved,0,7,2945114,420730.5714285714,32
encode,ascii_id_after_1460,reserved,1,7,2991838,427405.4285714286,32
encode,ascii_id_after_1460,direct,1,7,2774203,396314.71428571426,32
encode,ascii_id_after_1460,baseline,1,6,2795342,465890.3333333333,32
encode,ascii_id_after_1460,reserved,2,7,3137659,448237,32
encode,ascii_id_after_1460,direct,2,7,2985589,426512.71428571426,32
encode,ascii_id_after_1460,baseline,2,6,2718604,453100.6666666667,32
encode,ascii_id_after_1460,direct,3,7,2885812,412258.85714285716,32
encode,ascii_id_after_1460,baseline,3,6,2716775,452795.8333333333,32
encode,ascii_id_after_1460,reserved,3,7,2930853,418693.28571428574,32
encode,ascii_id_after_1460,direct,4,7,2762364,394623.4285714286,32
encode,ascii_id_after_1460,reserved,4,7,2996361,428051.5714285714,32
encode,ascii_id_after_1460,baseline,4,6,2817604,469600.6666666667,32
encode,ascii_id_after_1460,reserved,5,7,3085717,440816.71428571426,32
encode,ascii_id_after_1460,direct,5,7,2750592,392941.71428571426,32
encode,ascii_id_after_1460,baseline,5,6,2683828,447304.6666666667,32
encode,ascii_id_after_1460,baseline,6,6,2711967,451994.5,32
encode,ascii_id_after_1460,reserved,6,7,3010706,430100.85714285716,32
encode,ascii_id_after_1460,direct,6,7,2814772,402110.28571428574,32
encode,ascii_id_after_1460,baseline,7,6,2698897,449816.1666666667,32
encode,ascii_id_after_1460,direct,7,7,2870048,410006.85714285716,32
encode,ascii_id_after_1460,reserved,7,7,3155664,450809.14285714284,32
encode,ascii_id_after_1460,reserved,8,7,2982471,426067.28571428574,32
encode,ascii_id_after_1460,baseline,8,6,2668590,444765,32
encode,ascii_id_after_1460,direct,8,7,2818720,402674.28571428574,32
encode,ascii_id_after_1460,baseline,9,6,2711836,451972.6666666667,32
encode,ascii_id_after_1460,reserved,9,7,2935673,419381.85714285716,32
encode,ascii_id_after_1460,direct,9,7,2751952,393136,32
encode,ascii_id_after_1460,direct,10,7,2830715,404387.85714285716,32
encode,ascii_id_after_1460,reserved,10,7,2971751,424535.85714285716,32
encode,ascii_id_after_1460,baseline,10,6,2735353,455892.1666666667,32
encode,ascii_id_after_1460,reserved,11,7,2961866,423123.71428571426,32
encode,ascii_id_after_1460,direct,11,7,3407983,486854.71428571426,32
encode,ascii_id_after_1460,baseline,11,6,3122140,520356.6666666667,32
encode,ascii_id_after_1460,baseline,12,6,2754844,459140.6666666667,32
encode,ascii_id_after_1460,reserved,12,7,3656756,522393.71428571426,32
encode,ascii_id_after_1460,direct,12,7,4137585,591083.5714285715,32
encode,ascii_id_after_1460,reserved,13,7,3873721,553388.7142857143,32
encode,ascii_id_after_1460,direct,13,7,3959011,565573,32
encode,ascii_id_after_1460,baseline,13,6,3603235,600539.1666666666,32
encode,ascii_id_after_1460,reserved,14,7,3653392,521913.14285714284,32
encode,ascii_id_after_1460,baseline,14,6,3430791,571798.5,32
encode,ascii_id_after_1460,direct,14,7,3760677,537239.5714285715,32
encode,ascii_id_after_1460,reserved,15,7,3880977,554425.2857142857,32
encode,ascii_id_after_1460,direct,15,7,4385658,626522.5714285715,32
encode,ascii_id_after_1460,baseline,15,6,4396546,732757.6666666666,32
encode,ascii_id_after_1460,direct,16,7,5003496,714785.1428571428,32
encode,ascii_id_after_1460,reserved,16,7,4835556,690793.7142857143,32
encode,ascii_id_after_1460,baseline,16,6,4311837,718639.5,32
encode,ascii_id_after_1460,reserved,17,7,4827189,689598.4285714285,32
encode,ascii_id_after_1460,baseline,17,6,4551704,758617.3333333334,32
encode,ascii_id_after_1460,direct,17,7,5130968,732995.4285714285,32
encode,ascii_id_after_1460,reserved,18,7,5337763,762537.5714285715,32
encode,ascii_id_after_1460,direct,18,7,4783125,683303.5714285715,32
encode,ascii_id_after_1460,baseline,18,6,4178133,696355.5,32
encode,ascii_id_after_1460,direct,19,7,4564641,652091.5714285715,32
encode,ascii_id_after_1460,baseline,19,6,4726894,787815.6666666666,32
encode,ascii_id_after_1460,reserved,19,7,5992442,856063.1428571428,32
encode,ascii_id_after_1460,baseline,20,6,4760603,793433.8333333334,32
encode,ascii_id_after_1460,reserved,20,7,4961336,708762.2857142857,32
encode,ascii_id_after_1460,direct,20,7,4518603,645514.7142857143,32
encode,ascii_id_after_1460,reserved,21,7,4266737,609533.8571428572,32
encode,ascii_id_after_1460,direct,21,7,4843850,691978.5714285715,32
encode,ascii_id_after_1460,baseline,21,6,5377503,896250.5,32
encode,ascii_id_after_1460,direct,22,7,5037226,719603.7142857143,32
encode,ascii_id_after_1460,reserved,22,7,3571518,510216.85714285716,32
encode,ascii_id_after_1460,baseline,22,6,3168515,528085.8333333334,32
encode,ascii_id_after_1460,baseline,23,6,2960664,493444,32
encode,ascii_id_after_1460,direct,23,7,3085905,440843.5714285714,32
encode,ascii_id_after_1460,reserved,23,7,3529230,504175.71428571426,32
encode,ascii_id_after_1460,direct,24,7,3389142,484163.14285714284,32
encode,ascii_id_after_1460,reserved,24,7,3234119,462017,32
encode,ascii_id_after_1460,baseline,24,6,3242515,540419.1666666666,32
encode,ascii_id_after_1460,reserved,25,7,3425104,489300.5714285714,32
encode,ascii_id_after_1460,baseline,25,6,3405366,567561,32
encode,ascii_id_after_1460,direct,25,7,4979357,711336.7142857143,32
encode,ascii_id_after_1460,direct,26,7,4075403,582200.4285714285,32
encode,ascii_id_after_1460,reserved,26,7,3306193,472313.28571428574,32
encode,ascii_id_after_1460,baseline,26,6,3101309,516884.8333333333,32
encode,ascii_id_after_1460,reserved,27,7,3356463,479494.71428571426,32
encode,ascii_id_after_1460,direct,27,7,3275422,467917.4285714286,32
encode,ascii_id_after_1460,baseline,27,6,3635003,605833.8333333334,32
encode,ascii_id_after_1460,reserved,28,7,5473473,781924.7142857143,32
encode,ascii_id_after_1460,baseline,28,6,3689425,614904.1666666666,32
encode,ascii_id_after_1460,direct,28,7,2878810,411258.5714285714,32
encode,ascii_id_after_1460,baseline,29,6,2780184,463364,32
encode,ascii_id_after_1460,direct,29,7,2773672,396238.85714285716,32
encode,ascii_id_after_1460,reserved,29,7,2922722,417531.71428571426,32
encode,ascii_id_after_1460,reserved,30,7,2916501,416643,32
encode,ascii_id_after_1460,baseline,30,6,2897519,482919.8333333333,32
encode,ascii_id_after_1460,direct,30,7,2796155,399450.71428571426,32
decode,base64_id_after_1460,core,0,37,2980700,80559.45945945945,32
decode,base64_id_after_1460,combined,0,42,2953912,70331.23809523809,32
decode,base64_id_after_1460,baseline,0,30,2960664,98688.8,32
decode,base64_id_after_1460,fused,0,31,2989094,96422.3870967742,32
decode,base64_id_after_1460,simd,0,35,3049513,87128.94285714286,32
decode,base64_id_after_1460,core,1,37,3104209,83897.54054054055,32
decode,base64_id_after_1460,baseline,1,30,2830840,94361.33333333333,32
decode,base64_id_after_1460,simd,1,35,2908586,83102.45714285714,32
decode,base64_id_after_1460,fused,1,31,2986461,96337.45161290323,32
decode,base64_id_after_1460,combined,1,42,2903415,69128.92857142857,32
decode,base64_id_after_1460,core,2,37,2959222,79978.97297297297,32
decode,base64_id_after_1460,fused,2,31,3006995,96999.83870967742,32
decode,base64_id_after_1460,baseline,2,30,2994463,99815.43333333333,32
decode,base64_id_after_1460,simd,2,35,3010612,86017.4857142857,32
decode,base64_id_after_1460,combined,2,42,2833542,67465.28571428571,32
decode,base64_id_after_1460,baseline,3,30,3017794,100593.13333333333,32
decode,base64_id_after_1460,fused,3,31,2929132,94488.12903225806,32
decode,base64_id_after_1460,combined,3,42,2836715,67540.83333333333,32
decode,base64_id_after_1460,core,3,37,2975677,80423.7027027027,32
decode,base64_id_after_1460,simd,3,35,3029970,86570.57142857143,32
decode,base64_id_after_1460,baseline,4,30,2982418,99413.93333333333,32
decode,base64_id_after_1460,simd,4,35,2936105,83888.71428571429,32
decode,base64_id_after_1460,combined,4,42,2783964,66284.85714285714,32
decode,base64_id_after_1460,fused,4,31,3022247,97491.83870967742,32
decode,base64_id_after_1460,core,4,37,3008214,81303.08108108108,32
decode,base64_id_after_1460,simd,5,35,2841483,81185.22857142857,32
decode,base64_id_after_1460,fused,5,31,2972169,95876.41935483871,32
decode,base64_id_after_1460,baseline,5,30,2890072,96335.73333333334,32
decode,base64_id_after_1460,combined,5,42,2858291,68054.54761904762,32
decode,base64_id_after_1460,core,5,37,3093402,83605.45945945945,32
decode,base64_id_after_1460,simd,6,35,2887678,82505.08571428571,32
decode,base64_id_after_1460,fused,6,31,2905363,93721.3870967742,32
decode,base64_id_after_1460,baseline,6,30,2820611,94020.36666666667,32
decode,base64_id_after_1460,core,6,37,3847957,103998.83783783784,32
decode,base64_id_after_1460,combined,6,42,4104353,97722.69047619047,32
decode,base64_id_after_1460,simd,7,35,2830836,80881.02857142857,32
decode,base64_id_after_1460,core,7,37,2957110,79921.8918918919,32
decode,base64_id_after_1460,combined,7,42,2858747,68065.40476190476,32
decode,base64_id_after_1460,baseline,7,30,2852466,95082.2,32
decode,base64_id_after_1460,fused,7,31,2946320,95042.58064516129,32
decode,base64_id_after_1460,combined,8,42,3004626,71538.71428571429,32
decode,base64_id_after_1460,baseline,8,30,3330520,111017.33333333333,32
decode,base64_id_after_1460,core,8,37,3070770,82993.78378378379,32
decode,base64_id_after_1460,simd,8,35,2901934,82912.4,32
decode,base64_id_after_1460,fused,8,31,2966590,95696.45161290323,32
decode,base64_id_after_1460,fused,9,31,2942907,94932.48387096774,32
decode,base64_id_after_1460,combined,9,42,2854846,67972.52380952382,32
decode,base64_id_after_1460,simd,9,35,2882134,82346.68571428572,32
decode,base64_id_after_1460,core,9,37,3267976,88323.67567567568,32
decode,base64_id_after_1460,baseline,9,30,2889138,96304.6,32
decode,base64_id_after_1460,combined,10,42,2886206,68719.19047619047,32
decode,base64_id_after_1460,fused,10,31,2978842,96091.67741935483,32
decode,base64_id_after_1460,baseline,10,30,2864936,95497.86666666667,32
decode,base64_id_after_1460,core,10,37,2983940,80647.02702702703,32
decode,base64_id_after_1460,simd,10,35,2865239,81863.97142857143,32
decode,base64_id_after_1460,core,11,37,2949764,79723.35135135135,32
decode,base64_id_after_1460,fused,11,31,3054602,98535.54838709677,32
decode,base64_id_after_1460,combined,11,42,2845356,67746.57142857143,32
decode,base64_id_after_1460,simd,11,35,2889346,82552.74285714286,32
decode,base64_id_after_1460,baseline,11,30,2977116,99237.2,32
decode,base64_id_after_1460,combined,12,42,2805081,66787.64285714286,32
decode,base64_id_after_1460,baseline,12,30,2897306,96576.86666666667,32
decode,base64_id_after_1460,core,12,37,3014968,81485.62162162163,32
decode,base64_id_after_1460,simd,12,35,2851543,81472.65714285715,32
decode,base64_id_after_1460,fused,12,31,3129076,100937.93548387097,32
decode,base64_id_after_1460,core,13,37,3091462,83553.02702702703,32
decode,base64_id_after_1460,fused,13,31,2950432,95175.2258064516,32
decode,base64_id_after_1460,baseline,13,30,2835578,94519.26666666666,32
decode,base64_id_after_1460,simd,13,35,2858846,81681.31428571428,32
decode,base64_id_after_1460,combined,13,42,2829371,67365.97619047618,32
decode,base64_id_after_1460,combined,14,42,2837402,67557.19047619047,32
decode,base64_id_after_1460,fused,14,31,2979723,96120.09677419355,32
decode,base64_id_after_1460,core,14,37,3258094,88056.5945945946,32
decode,base64_id_after_1460,baseline,14,30,2859538,95317.93333333333,32
decode,base64_id_after_1460,simd,14,35,2892078,82630.8,32
decode,base64_id_after_1460,combined,15,42,2844380,67723.33333333333,32
decode,base64_id_after_1460,core,15,37,3039514,82149.02702702703,32
decode,base64_id_after_1460,simd,15,35,2893448,82669.94285714286,32
decode,base64_id_after_1460,baseline,15,30,2885089,96169.63333333333,32
decode,base64_id_after_1460,fused,15,31,2923914,94319.80645161291,32
decode,base64_id_after_1460,baseline,16,30,3028866,100962.2,32
decode,base64_id_after_1460,simd,16,35,2955306,84437.31428571428,32
decode,base64_id_after_1460,fused,16,31,2966136,95681.80645161291,32
decode,base64_id_after_1460,combined,16,42,2833952,67475.04761904762,32
decode,base64_id_after_1460,core,16,37,3036926,82079.08108108108,32
decode,base64_id_after_1460,baseline,17,30,2875708,95856.93333333333,32
decode,base64_id_after_1460,combined,17,42,2819675,67135.11904761905,32
decode,base64_id_after_1460,simd,17,35,2845953,81312.94285714286,32
decode,base64_id_after_1460,fused,17,31,4079833,131607.51612903227,32
decode,base64_id_after_1460,core,17,37,4501713,121667.91891891892,32
decode,base64_id_after_1460,simd,18,35,2840370,81153.42857142857,32
decode,base64_id_after_1460,fused,18,31,2907727,93797.64516129032,32
decode,base64_id_after_1460,combined,18,42,2816705,67064.40476190476,32
decode,base64_id_after_1460,core,18,37,2963761,80101.64864864865,32
decode,base64_id_after_1460,baseline,18,30,2806116,93537.2,32
decode,base64_id_after_1460,core,19,37,3147884,85077.94594594595,32
decode,base64_id_after_1460,baseline,19,30,3002565,100085.5,32
decode,base64_id_after_1460,fused,19,31,3139704,101280.7741935484,32
decode,base64_id_after_1460,simd,19,35,2921995,83485.57142857143,32
decode,base64_id_after_1460,combined,19,42,2874118,68431.38095238095,32
decode,base64_id_after_1460,core,20,37,2969257,80250.18918918919,32
decode,base64_id_after_1460,baseline,20,30,2822235,94074.5,32
decode,base64_id_after_1460,combined,20,42,2811134,66931.76190476191,32
decode,base64_id_after_1460,fused,20,31,3050883,98415.58064516129,32
decode,base64_id_after_1460,simd,20,35,3099904,88568.68571428572,32
decode,base64_id_after_1460,simd,21,35,3061025,87457.85714285714,32
decode,base64_id_after_1460,combined,21,42,2831584,67418.66666666667,32
decode,base64_id_after_1460,baseline,21,30,2854197,95139.9,32
decode,base64_id_after_1460,fused,21,31,2998771,96734.54838709677,32
decode,base64_id_after_1460,core,21,37,3016386,81523.94594594595,32
decode,base64_id_after_1460,simd,22,35,2952923,84369.22857142857,32
decode,base64_id_after_1460,combined,22,42,2992370,71246.90476190476,32
decode,base64_id_after_1460,core,22,37,3072178,83031.83783783784,32
decode,base64_id_after_1460,baseline,22,30,2886511,96217.03333333334,32
decode,base64_id_after_1460,fused,22,31,2917405,94109.83870967742,32
decode,base64_id_after_1460,combined,23,42,2919896,69521.33333333333,32
decode,base64_id_after_1460,core,23,37,2970206,80275.83783783784,32
decode,base64_id_after_1460,baseline,23,30,2851477,95049.23333333334,32
decode,base64_id_after_1460,simd,23,35,2843856,81253.02857142857,32
decode,base64_id_after_1460,fused,23,31,3045550,98243.54838709677,32
decode,base64_id_after_1460,fused,24,31,3002918,96868.32258064517,32
decode,base64_id_after_1460,core,24,37,3058095,82651.21621621621,32
decode,base64_id_after_1460,baseline,24,30,2869895,95663.16666666667,32
decode,base64_id_after_1460,combined,24,42,2906349,69198.78571428571,32
decode,base64_id_after_1460,simd,24,35,2905983,83028.08571428571,32
decode,base64_id_after_1460,fused,25,31,2902871,93641,32
decode,base64_id_after_1460,combined,25,42,2811565,66942.02380952382,32
decode,base64_id_after_1460,core,25,37,3060632,82719.78378378379,32
decode,base64_id_after_1460,simd,25,35,3002925,85797.85714285714,32
decode,base64_id_after_1460,baseline,25,30,2804643,93488.1,32
decode,base64_id_after_1460,baseline,26,30,2823281,94109.36666666667,32
decode,base64_id_after_1460,simd,26,35,2856602,81617.2,32
decode,base64_id_after_1460,fused,26,31,2925921,94384.54838709677,32
decode,base64_id_after_1460,core,26,37,3056417,82605.86486486487,32
decode,base64_id_after_1460,combined,26,42,2849295,67840.35714285714,32
decode,base64_id_after_1460,core,27,37,3043650,82260.81081081081,32
decode,base64_id_after_1460,fused,27,31,3032465,97821.45161290323,32
decode,base64_id_after_1460,baseline,27,30,2894814,96493.8,32
decode,base64_id_after_1460,combined,27,42,2836285,67530.59523809524,32
decode,base64_id_after_1460,simd,27,35,2922359,83495.97142857143,32
decode,base64_id_after_1460,fused,28,31,3482170,112328.06451612903,32
decode,base64_id_after_1460,combined,28,42,4202672,100063.61904761905,32
decode,base64_id_after_1460,simd,28,35,3702084,105773.82857142857,32
decode,base64_id_after_1460,baseline,28,30,2840363,94678.76666666666,32
decode,base64_id_after_1460,core,28,37,3034249,82006.72972972973,32
decode,base64_id_after_1460,simd,29,35,2906104,83031.54285714286,32
decode,base64_id_after_1460,core,29,37,2970831,80292.72972972973,32
decode,base64_id_after_1460,fused,29,31,2910901,93900.03225806452,32
decode,base64_id_after_1460,combined,29,42,3614576,86061.33333333333,32
decode,base64_id_after_1460,baseline,29,30,4319445,143981.5,32
decode,base64_id_after_1460,combined,30,42,3152746,75065.38095238095,32
decode,base64_id_after_1460,core,30,37,2954760,79858.37837837837,32
decode,base64_id_after_1460,simd,30,35,2842310,81208.85714285714,32
decode,base64_id_after_1460,fused,30,31,2912862,93963.29032258065,32
decode,base64_id_after_1460,baseline,30,30,2798210,93273.66666666667,32
decode_json,base64_id_after_1460,baseline,0,10,2960535,296053.5,32
decode_json,base64_id_after_1460,core,0,10,2766337,276633.7,32
decode_json,base64_id_after_1460,combined,0,11,3802643,345694.8181818182,32
decode_json,base64_id_after_1460,fused,0,5,2327952,465590.4,32
decode_json,base64_id_after_1460,json_only,0,15,3796237,253082.46666666667,32
decode_json,base64_id_after_1460,simd,0,7,1974831,282118.71428571426,32
decode_json,base64_id_after_1460,combined,1,11,2927382,266125.63636363635,32
decode_json,base64_id_after_1460,simd,1,7,1947571,278224.4285714286,32
decode_json,base64_id_after_1460,baseline,1,10,2919113,291911.3,32
decode_json,base64_id_after_1460,json_only,1,15,2888396,192559.73333333334,32
decode_json,base64_id_after_1460,core,1,10,2768343,276834.3,32
decode_json,base64_id_after_1460,fused,1,5,2050259,410051.8,32
decode_json,base64_id_after_1460,core,2,10,4527275,452727.5,32
decode_json,base64_id_after_1460,simd,2,7,2350687,335812.4285714286,32
decode_json,base64_id_after_1460,combined,2,11,2931100,266463.63636363635,32
decode_json,base64_id_after_1460,json_only,2,15,2945932,196395.46666666667,32
decode_json,base64_id_after_1460,fused,2,5,1487439,297487.8,32
decode_json,base64_id_after_1460,baseline,2,10,2937283,293728.3,32
decode_json,base64_id_after_1460,baseline,3,10,2902438,290243.8,32
decode_json,base64_id_after_1460,json_only,3,15,3117854,207856.93333333332,32
decode_json,base64_id_after_1460,combined,3,11,3043903,276718.45454545453,32
decode_json,base64_id_after_1460,fused,3,5,1459750,291950,32
decode_json,base64_id_after_1460,core,3,10,2828505,282850.5,32
decode_json,base64_id_after_1460,simd,3,7,1979009,282715.5714285714,32
decode_json,base64_id_after_1460,json_only,4,15,2956424,197094.93333333332,32
decode_json,base64_id_after_1460,simd,4,7,1974869,282124.14285714284,32
decode_json,base64_id_after_1460,fused,4,5,1449818,289963.6,32
decode_json,base64_id_after_1460,combined,4,11,2959216,269019.63636363635,32
decode_json,base64_id_after_1460,core,4,10,2934772,293477.2,32
decode_json,base64_id_after_1460,baseline,4,10,3016654,301665.4,32
decode_json,base64_id_after_1460,simd,5,7,2018240,288320,32
decode_json,base64_id_after_1460,baseline,5,10,2991097,299109.7,32
decode_json,base64_id_after_1460,json_only,5,15,2932630,195508.66666666666,32
decode_json,base64_id_after_1460,core,5,10,2850705,285070.5,32
decode_json,base64_id_after_1460,fused,5,5,1487953,297590.6,32
decode_json,base64_id_after_1460,combined,5,11,3174186,288562.36363636365,32
decode_json,base64_id_after_1460,baseline,6,10,2983721,298372.1,32
decode_json,base64_id_after_1460,json_only,6,15,2992793,199519.53333333333,32
decode_json,base64_id_after_1460,simd,6,7,1991139,284448.4285714286,32
decode_json,base64_id_after_1460,fused,6,5,1484826,296965.2,32
decode_json,base64_id_after_1460,core,6,10,2856468,285646.8,32
decode_json,base64_id_after_1460,combined,6,11,2933029,266639,32
decode_json,base64_id_after_1460,fused,7,5,1463103,292620.6,32
decode_json,base64_id_after_1460,combined,7,11,2922958,265723.45454545453,32
decode_json,base64_id_after_1460,simd,7,7,1965608,280801.14285714284,32
decode_json,base64_id_after_1460,json_only,7,15,3101897,206793.13333333333,32
decode_json,base64_id_after_1460,baseline,7,10,2970627,297062.7,32
decode_json,base64_id_after_1460,core,7,10,2771610,277161,32
decode_json,base64_id_after_1460,baseline,8,10,2928479,292847.9,32
decode_json,base64_id_after_1460,core,8,10,2865134,286513.4,32
decode_json,base64_id_after_1460,combined,8,11,2904697,264063.36363636365,32
decode_json,base64_id_after_1460,fused,8,5,1517491,303498.2,32
decode_json,base64_id_after_1460,simd,8,7,1977367,282481,32
decode_json,base64_id_after_1460,json_only,8,15,2943239,196215.93333333332,32
decode_json,base64_id_after_1460,core,9,10,2855940,285594,32
decode_json,base64_id_after_1460,simd,9,7,1948407,278343.85714285716,32
decode_json,base64_id_after_1460,baseline,9,10,2938594,293859.4,32
decode_json,base64_id_after_1460,combined,9,11,2981993,271090.2727272727,32
decode_json,base64_id_after_1460,fused,9,5,1460408,292081.6,32
decode_json,base64_id_after_1460,json_only,9,15,2942340,196156,32
decode_json,base64_id_after_1460,simd,10,7,1981991,283141.5714285714,32
decode_json,base64_id_after_1460,baseline,10,10,2957106,295710.6,32
decode_json,base64_id_after_1460,combined,10,11,2927987,266180.63636363635,32
decode_json,base64_id_after_1460,json_only,10,15,2940154,196010.26666666666,32
decode_json,base64_id_after_1460,core,10,10,2780492,278049.2,32
decode_json,base64_id_after_1460,fused,10,5,1455819,291163.8,32
decode_json,base64_id_after_1460,combined,11,11,2911587,264689.7272727273,32
decode_json,base64_id_after_1460,fused,11,5,1461844,292368.8,32
decode_json,base64_id_after_1460,json_only,11,15,3036253,202416.86666666667,32
decode_json,base64_id_after_1460,baseline,11,10,2947471,294747.1,32
decode_json,base64_id_after_1460,simd,11,7,2029349,289907,32
decode_json,base64_id_after_1460,core,11,10,2780935,278093.5,32
decode_json,base64_id_after_1460,json_only,12,15,2990568,199371.2,32
decode_json,base64_id_after_1460,combined,12,11,2930061,266369.1818181818,32
decode_json,base64_id_after_1460,simd,12,7,1968304,281186.28571428574,32
decode_json,base64_id_after_1460,core,12,10,2763582,276358.2,32
decode_json,base64_id_after_1460,baseline,12,10,2911748,291174.8,32
decode_json,base64_id_after_1460,fused,12,5,1599933,319986.6,32
decode_json,base64_id_after_1460,fused,13,5,1533883,306776.6,32
decode_json,base64_id_after_1460,baseline,13,10,3099952,309995.2,32
decode_json,base64_id_after_1460,simd,13,7,2041596,291656.5714285714,32
decode_json,base64_id_after_1460,json_only,13,15,2941744,196116.26666666666,32
decode_json,base64_id_after_1460,core,13,10,2778647,277864.7,32
decode_json,base64_id_after_1460,combined,13,11,2971868,270169.8181818182,32
decode_json,base64_id_after_1460,fused,14,5,1458982,291796.4,32
decode_json,base64_id_after_1460,core,14,10,2753146,275314.6,32
decode_json,base64_id_after_1460,combined,14,11,2904799,264072.63636363635,32
decode_json,base64_id_after_1460,json_only,14,15,3261421,217428.06666666668,32
decode_json,base64_id_after_1460,baseline,14,10,3011587,301158.7,32
decode_json,base64_id_after_1460,simd,14,7,1955638,279376.85714285716,32
decode_json,base64_id_after_1460,core,15,10,2831235,283123.5,32
decode_json,base64_id_after_1460,json_only,15,15,2906782,193785.46666666667,32
decode_json,base64_id_after_1460,fused,15,5,1499335,299867,32
decode_json,base64_id_after_1460,simd,15,7,1981582,283083.14285714284,32
decode_json,base64_id_after_1460,combined,15,11,2901029,263729.9090909091,32
decode_json,base64_id_after_1460,baseline,15,10,2957141,295714.1,32
decode_json,base64_id_after_1460,baseline,16,10,3010540,301054,32
decode_json,base64_id_after_1460,combined,16,11,3039257,276296.0909090909,32
decode_json,base64_id_after_1460,core,16,10,2818463,281846.3,32
decode_json,base64_id_after_1460,fused,16,5,1567183,313436.6,32
decode_json,base64_id_after_1460,json_only,16,15,2908542,193902.8,32
decode_json,base64_id_after_1460,simd,16,7,2013591,287655.85714285716,32
decode_json,base64_id_after_1460,combined,17,11,3200570,290960.9090909091,32
decode_json,base64_id_after_1460,baseline,17,10,3348753,334875.3,32
decode_json,base64_id_after_1460,simd,17,7,3088110,441158.5714285714,32
decode_json,base64_id_after_1460,fused,17,5,2097206,419441.2,32
decode_json,base64_id_after_1460,json_only,17,15,4146192,276412.8,32
decode_json,base64_id_after_1460,core,17,10,3843384,384338.4,32
decode_json,base64_id_after_1460,baseline,18,10,3492592,349259.2,32
decode_json,base64_id_after_1460,combined,18,11,3913807,355800.63636363635,32
decode_json,base64_id_after_1460,fused,18,5,2023947,404789.4,32
decode_json,base64_id_after_1460,simd,18,7,2413520,344788.5714285714,32
decode_json,base64_id_after_1460,core,18,10,3800268,380026.8,32
decode_json,base64_id_after_1460,json_only,18,15,4123611,274907.4,32
decode_json,base64_id_after_1460,json_only,19,15,3761443,250762.86666666667,32
decode_json,base64_id_after_1460,core,19,10,4732242,473224.2,32
decode_json,base64_id_after_1460,baseline,19,10,3794947,379494.7,32
decode_json,base64_id_after_1460,combined,19,11,5539045,503549.54545454547,32
decode_json,base64_id_after_1460,simd,19,7,3673724,524817.7142857143,32
decode_json,base64_id_after_1460,fused,19,5,2471902,494380.4,32
decode_json,base64_id_after_1460,baseline,20,10,5608947,560894.7,32
decode_json,base64_id_after_1460,core,20,10,4678614,467861.4,32
decode_json,base64_id_after_1460,json_only,20,15,5217391,347826.06666666665,32
decode_json,base64_id_after_1460,combined,20,11,5397850,490713.63636363635,32
decode_json,base64_id_after_1460,simd,20,7,3621559,517365.5714285714,32
decode_json,base64_id_after_1460,fused,20,5,2837990,567598,32
decode_json,base64_id_after_1460,fused,21,5,2990157,598031.4,32
decode_json,base64_id_after_1460,combined,21,11,5021753,456523,32
decode_json,base64_id_after_1460,core,21,10,4239019,423901.9,32
decode_json,base64_id_after_1460,json_only,21,15,4562471,304164.73333333334,32
decode_json,base64_id_after_1460,baseline,21,10,4767994,476799.4,32
decode_json,base64_id_after_1460,simd,21,7,3118458,445494,32
decode_json,base64_id_after_1460,json_only,22,15,4554260,303617.3333333333,32
decode_json,base64_id_after_1460,core,22,10,4644899,464489.9,32
decode_json,base64_id_after_1460,baseline,22,10,4667976,466797.6,32
decode_json,base64_id_after_1460,simd,22,7,2679964,382852,32
decode_json,base64_id_after_1460,fused,22,5,1872515,374503,32
decode_json,base64_id_after_1460,combined,22,11,3612112,328373.8181818182,32
decode_json,base64_id_after_1460,simd,23,7,2407757,343965.28571428574,32
decode_json,base64_id_after_1460,core,23,10,3080511,308051.1,32
decode_json,base64_id_after_1460,fused,23,5,1597306,319461.2,32
decode_json,base64_id_after_1460,combined,23,11,3078447,279858.8181818182,32
decode_json,base64_id_after_1460,json_only,23,15,3430575,228705,32
decode_json,base64_id_after_1460,baseline,23,10,3637383,363738.3,32
decode_json,base64_id_after_1460,fused,24,5,1692552,338510.4,32
decode_json,base64_id_after_1460,core,24,10,3301964,330196.4,32
decode_json,base64_id_after_1460,simd,24,7,2727519,389645.5714285714,32
decode_json,base64_id_after_1460,json_only,24,15,3462797,230853.13333333333,32
decode_json,base64_id_after_1460,combined,24,11,3455349,314122.63636363635,32
decode_json,base64_id_after_1460,baseline,24,10,3315395,331539.5,32
decode_json,base64_id_after_1460,fused,25,5,1632229,326445.8,32
decode_json,base64_id_after_1460,core,25,10,3391128,339112.8,32
decode_json,base64_id_after_1460,simd,25,7,3199096,457013.71428571426,32
decode_json,base64_id_after_1460,baseline,25,10,3633803,363380.3,32
decode_json,base64_id_after_1460,json_only,25,15,3563991,237599.4,32
decode_json,base64_id_after_1460,combined,25,11,3444008,313091.63636363635,32
decode_json,base64_id_after_1460,core,26,10,3213535,321353.5,32
decode_json,base64_id_after_1460,combined,26,11,3079271,279933.7272727273,32
decode_json,base64_id_after_1460,baseline,26,10,3079532,307953.2,32
decode_json,base64_id_after_1460,fused,26,5,1463572,292714.4,32
decode_json,base64_id_after_1460,simd,26,7,2265123,323589,32
decode_json,base64_id_after_1460,json_only,26,15,3076864,205124.26666666666,32
decode_json,base64_id_after_1460,json_only,27,15,3173858,211590.53333333333,32
decode_json,base64_id_after_1460,core,27,10,2934963,293496.3,32
decode_json,base64_id_after_1460,combined,27,11,3081151,280104.63636363635,32
decode_json,base64_id_after_1460,baseline,27,10,3011097,301109.7,32
decode_json,base64_id_after_1460,simd,27,7,2033353,290479,32
decode_json,base64_id_after_1460,fused,27,5,1497969,299593.8,32
decode_json,base64_id_after_1460,fused,28,5,1548176,309635.2,32
decode_json,base64_id_after_1460,simd,28,7,2091605,298800.71428571426,32
decode_json,base64_id_after_1460,json_only,28,15,3300173,220011.53333333333,32
decode_json,base64_id_after_1460,core,28,10,2890871,289087.1,32
decode_json,base64_id_after_1460,baseline,28,10,2932312,293231.2,32
decode_json,base64_id_after_1460,combined,28,11,2907429,264311.7272727273,32
decode_json,base64_id_after_1460,simd,29,7,1957150,279592.85714285716,32
decode_json,base64_id_after_1460,json_only,29,15,2893438,192895.86666666667,32
decode_json,base64_id_after_1460,baseline,29,10,2994407,299440.7,32
decode_json,base64_id_after_1460,core,29,10,2894945,289494.5,32
decode_json,base64_id_after_1460,combined,29,11,2946253,267841.1818181818,32
decode_json,base64_id_after_1460,fused,29,5,1509070,301814,32
decode_json,base64_id_after_1460,combined,30,11,3032970,275724.54545454547,32
decode_json,base64_id_after_1460,json_only,30,15,3025091,201672.73333333334,32
decode_json,base64_id_after_1460,baseline,30,10,2984172,298417.2,32
decode_json,base64_id_after_1460,simd,30,7,1956874,279553.4285714286,32
decode_json,base64_id_after_1460,fused,30,5,1653830,330766,32
decode_json,base64_id_after_1460,core,30,10,2851799,285179.9,32
encode,base64_id_after_1460,direct,0,7,2995633,427947.5714285714,32
encode,base64_id_after_1460,baseline,0,6,2832304,472050.6666666667,32
encode,base64_id_after_1460,reserved,0,6,2794926,465821,32
encode,base64_id_after_1460,reserved,1,6,2964896,494149.3333333333,32
encode,base64_id_after_1460,direct,1,7,3017826,431118,32
encode,base64_id_after_1460,baseline,1,6,2924278,487379.6666666667,32
encode,base64_id_after_1460,reserved,2,6,2767094,461182.3333333333,32
encode,base64_id_after_1460,direct,2,7,2962472,423210.28571428574,32
encode,base64_id_after_1460,baseline,2,6,2830295,471715.8333333333,32
encode,base64_id_after_1460,direct,3,7,3014268,430609.71428571426,32
encode,base64_id_after_1460,baseline,3,6,2861853,476975.5,32
encode,base64_id_after_1460,reserved,3,6,3020703,503450.5,32
encode,base64_id_after_1460,direct,4,7,2951164,421594.85714285716,32
encode,base64_id_after_1460,reserved,4,6,2708006,451334.3333333333,32
encode,base64_id_after_1460,baseline,4,6,2968328,494721.3333333333,32
encode,base64_id_after_1460,reserved,5,6,2717957,452992.8333333333,32
encode,base64_id_after_1460,direct,5,7,2954739,422105.5714285714,32
encode,base64_id_after_1460,baseline,5,6,2871007,478501.1666666667,32
encode,base64_id_after_1460,baseline,6,6,2873455,478909.1666666667,32
encode,base64_id_after_1460,reserved,6,6,2945311,490885.1666666667,32
encode,base64_id_after_1460,direct,6,7,2985719,426531.28571428574,32
encode,base64_id_after_1460,baseline,7,6,2889357,481559.5,32
encode,base64_id_after_1460,direct,7,7,2965808,423686.85714285716,32
encode,base64_id_after_1460,reserved,7,6,2734114,455685.6666666667,32
encode,base64_id_after_1460,reserved,8,6,2701215,450202.5,32
encode,base64_id_after_1460,baseline,8,6,2843395,473899.1666666667,32
encode,base64_id_after_1460,direct,8,7,3074456,439208,32
encode,base64_id_after_1460,baseline,9,6,3122614,520435.6666666667,32
encode,base64_id_after_1460,reserved,9,6,2696853,449475.5,32
encode,base64_id_after_1460,direct,9,7,3028362,432623.14285714284,32
encode,base64_id_after_1460,direct,10,7,2996649,428092.71428571426,32
encode,base64_id_after_1460,reserved,10,6,2671500,445250,32
encode,base64_id_after_1460,baseline,10,6,2889199,481533.1666666667,32
encode,base64_id_after_1460,reserved,11,6,2691842,448640.3333333333,32
encode,base64_id_after_1460,direct,11,7,2966656,423808,32
encode,base64_id_after_1460,baseline,11,6,3107594,517932.3333333333,32
encode,base64_id_after_1460,baseline,12,6,2903308,483884.6666666667,32
encode,base64_id_after_1460,reserved,12,6,3109999,518333.1666666667,32
encode,base64_id_after_1460,direct,12,7,2949558,421365.4285714286,32
encode,base64_id_after_1460,reserved,13,6,2681527,446921.1666666667,32
encode,base64_id_after_1460,direct,13,7,2943306,420472.28571428574,32
encode,base64_id_after_1460,baseline,13,6,2824798,470799.6666666667,32
encode,base64_id_after_1460,reserved,14,6,2639094,439849,32
encode,base64_id_after_1460,baseline,14,6,3269876,544979.3333333334,32
encode,base64_id_after_1460,direct,14,7,2938233,419747.5714285714,32
encode,base64_id_after_1460,reserved,15,6,2695639,449273.1666666667,32
encode,base64_id_after_1460,direct,15,7,2984740,426391.4285714286,32
encode,base64_id_after_1460,baseline,15,6,2839150,473191.6666666667,32
encode,base64_id_after_1460,direct,16,7,3100479,442925.5714285714,32
encode,base64_id_after_1460,reserved,16,6,2668729,444788.1666666667,32
encode,base64_id_after_1460,baseline,16,6,2826132,471022,32
encode,base64_id_after_1460,reserved,17,6,2985005,497500.8333333333,32
encode,base64_id_after_1460,baseline,17,6,2841803,473633.8333333333,32
encode,base64_id_after_1460,direct,17,7,2991656,427379.4285714286,32
encode,base64_id_after_1460,reserved,18,6,2643387,440564.5,32
encode,base64_id_after_1460,direct,18,7,2953091,421870.14285714284,32
encode,base64_id_after_1460,baseline,18,6,2822687,470447.8333333333,32
encode,base64_id_after_1460,direct,19,7,3213698,459099.71428571426,32
encode,base64_id_after_1460,baseline,19,6,3947223,657870.5,32
encode,base64_id_after_1460,reserved,19,6,2664268,444044.6666666667,32
encode,base64_id_after_1460,baseline,20,6,2947315,491219.1666666667,32
encode,base64_id_after_1460,reserved,20,6,2691288,448548,32
encode,base64_id_after_1460,direct,20,7,3000206,428600.85714285716,32
encode,base64_id_after_1460,reserved,21,6,2706222,451037,32
encode,base64_id_after_1460,direct,21,7,2954574,422082,32
encode,base64_id_after_1460,baseline,21,6,2856303,476050.5,32
encode,base64_id_after_1460,direct,22,7,2959642,422806,32
encode,base64_id_after_1460,reserved,22,6,2699342,449890.3333333333,32
encode,base64_id_after_1460,baseline,22,6,3181289,530214.8333333334,32
encode,base64_id_after_1460,baseline,23,6,3022036,503672.6666666667,32
encode,base64_id_after_1460,direct,23,7,2945823,420831.85714285716,32
encode,base64_id_after_1460,reserved,23,6,2820056,470009.3333333333,32
encode,base64_id_after_1460,direct,24,7,2980714,425816.28571428574,32
encode,base64_id_after_1460,reserved,24,6,2676462,446077,32
encode,base64_id_after_1460,baseline,24,6,2833438,472239.6666666667,32
encode,base64_id_after_1460,reserved,25,6,2674232,445705.3333333333,32
encode,base64_id_after_1460,baseline,25,6,2969103,494850.5,32
encode,base64_id_after_1460,direct,25,7,3146230,449461.4285714286,32
encode,base64_id_after_1460,direct,26,7,2967995,423999.28571428574,32
encode,base64_id_after_1460,reserved,26,6,2717825,452970.8333333333,32
encode,base64_id_after_1460,baseline,26,6,2834848,472474.6666666667,32
encode,base64_id_after_1460,reserved,27,6,2698525,449754.1666666667,32
encode,base64_id_after_1460,direct,27,7,3112111,444587.28571428574,32
encode,base64_id_after_1460,baseline,27,6,2870746,478457.6666666667,32
encode,base64_id_after_1460,reserved,28,6,2766527,461087.8333333333,32
encode,base64_id_after_1460,baseline,28,6,2830593,471765.5,32
encode,base64_id_after_1460,direct,28,7,2951607,421658.14285714284,32
encode,base64_id_after_1460,baseline,29,6,2832210,472035,32
encode,base64_id_after_1460,direct,29,7,2939694,419956.28571428574,32
encode,base64_id_after_1460,reserved,29,6,2690080,448346.6666666667,32
encode,base64_id_after_1460,reserved,30,6,2785003,464167.1666666667,32
encode,base64_id_after_1460,baseline,30,6,2880976,480162.6666666667,32
encode,base64_id_after_1460,direct,30,7,2949814,421402,32
decode,mixed_data_event,core,0,32,2828333,88385.40625,1001
decode,mixed_data_event,combined,0,55,3015978,54835.96363636364,1001
decode,mixed_data_event,baseline,0,29,2848155,98212.24137931035,1001
decode,mixed_data_event,fused,0,38,2825234,74348.26315789473,1001
decode,mixed_data_event,simd,0,37,3005440,81228.1081081081,1001
decode,mixed_data_event,core,1,32,2710209,84694.03125,1001
decode,mixed_data_event,baseline,1,29,2988032,103035.58620689655,1001
decode,mixed_data_event,simd,1,37,3051498,82472.91891891892,1001
decode,mixed_data_event,fused,1,38,2858983,75236.3947368421,1001
decode,mixed_data_event,combined,1,55,3014840,54815.27272727273,1001
decode,mixed_data_event,core,2,32,2728588,85268.375,1001
decode,mixed_data_event,fused,2,38,2807863,73891.13157894737,1001
decode,mixed_data_event,baseline,2,29,2857720,98542.06896551725,1001
decode,mixed_data_event,simd,2,37,3017175,81545.27027027027,1001
decode,mixed_data_event,combined,2,55,3102841,56415.29090909091,1001
decode,mixed_data_event,baseline,3,29,2834167,97729.89655172414,1001
decode,mixed_data_event,fused,3,38,2806707,73860.71052631579,1001
decode,mixed_data_event,combined,3,55,2999807,54541.94545454546,1001
decode,mixed_data_event,core,3,32,2870609,89706.53125,1001
decode,mixed_data_event,simd,3,37,2992333,80873.86486486487,1001
decode,mixed_data_event,baseline,4,29,2850526,98294,1001
decode,mixed_data_event,simd,4,37,2969029,80244.02702702703,1001
decode,mixed_data_event,combined,4,55,3018644,54884.43636363636,1001
decode,mixed_data_event,fused,4,38,2799823,73679.55263157895,1001
decode,mixed_data_event,core,4,32,2773615,86675.46875,1001
decode,mixed_data_event,simd,5,37,3003971,81188.4054054054,1001
decode,mixed_data_event,fused,5,38,2785243,73295.86842105263,1001
decode,mixed_data_event,baseline,5,29,2867617,98883.3448275862,1001
decode,mixed_data_event,combined,5,55,2977807,54141.94545454546,1001
decode,mixed_data_event,core,5,32,2831193,88474.78125,1001
decode,mixed_data_event,simd,6,37,3107057,83974.51351351352,1001
decode,mixed_data_event,fused,6,38,2844288,74849.68421052632,1001
decode,mixed_data_event,baseline,6,29,2846223,98145.62068965517,1001
decode,mixed_data_event,core,6,32,2749706,85928.3125,1001
decode,mixed_data_event,combined,6,55,2992189,54403.43636363636,1001
decode,mixed_data_event,simd,7,37,2978960,80512.43243243243,1001
decode,mixed_data_event,core,7,32,2768496,86515.5,1001
decode,mixed_data_event,combined,7,55,3009070,54710.36363636364,1001
decode,mixed_data_event,baseline,7,29,2843649,98056.86206896552,1001
decode,mixed_data_event,fused,7,38,2829976,74473.05263157895,1001
decode,mixed_data_event,combined,8,55,2986098,54292.69090909091,1001
decode,mixed_data_event,baseline,8,29,2925052,100863.86206896552,1001
decode,mixed_data_event,core,8,32,2697634,84301.0625,1001
decode,mixed_data_event,simd,8,37,3033241,81979.48648648648,1001
decode,mixed_data_event,fused,8,38,2773311,72981.86842105263,1001
decode,mixed_data_event,fused,9,38,2803271,73770.28947368421,1001
decode,mixed_data_event,combined,9,55,2980272,54186.763636363634,1001
decode,mixed_data_event,simd,9,37,3001337,81117.21621621621,1001
decode,mixed_data_event,core,9,32,2733896,85434.25,1001
decode,mixed_data_event,baseline,9,29,2883155,99419.13793103448,1001
decode,mixed_data_event,combined,10,55,3000565,54555.72727272727,1001
decode,mixed_data_event,fused,10,38,2780034,73158.78947368421,1001
decode,mixed_data_event,baseline,10,29,2950709,101748.58620689655,1001
decode,mixed_data_event,core,10,32,2697476,84296.125,1001
decode,mixed_data_event,simd,10,37,3013227,81438.56756756757,1001
decode,mixed_data_event,core,11,32,2711630,84738.4375,1001
decode,mixed_data_event,fused,11,38,2802112,73739.78947368421,1001
decode,mixed_data_event,combined,11,55,2983160,54239.27272727273,1001
decode,mixed_data_event,simd,11,37,2978368,80496.43243243243,1001
decode,mixed_data_event,baseline,11,29,2851852,98339.72413793103,1001
decode,mixed_data_event,combined,12,55,2993838,54433.41818181818,1001
decode,mixed_data_event,baseline,12,29,2817021,97138.6551724138,1001
decode,mixed_data_event,core,12,32,2787913,87122.28125,1001
decode,mixed_data_event,simd,12,37,3076107,83138.02702702703,1001
decode,mixed_data_event,fused,12,38,2809422,73932.15789473684,1001
decode,mixed_data_event,core,13,32,2717944,84935.75,1001
decode,mixed_data_event,fused,13,38,2829500,74460.52631578948,1001
decode,mixed_data_event,baseline,13,29,2871607,99020.93103448275,1001
decode,mixed_data_event,simd,13,37,3001730,81127.83783783784,1001
decode,mixed_data_event,combined,13,55,2989731,54358.74545454545,1001
decode,mixed_data_event,combined,14,55,2975989,54108.89090909091,1001
decode,mixed_data_event,fused,14,38,2814823,74074.28947368421,1001
decode,mixed_data_event,core,14,32,2798473,87452.28125,1001
decode,mixed_data_event,baseline,14,29,2915880,100547.58620689655,1001
decode,mixed_data_event,simd,14,37,3029345,81874.18918918919,1001
decode,mixed_data_event,combined,15,55,3085372,56097.67272727273,1001
decode,mixed_data_event,core,15,32,2722971,85092.84375,1001
decode,mixed_data_event,simd,15,37,3010693,81370.08108108108,1001
decode,mixed_data_event,baseline,15,29,2824722,97404.20689655172,1001
decode,mixed_data_event,fused,15,38,2873596,75620.94736842105,1001
decode,mixed_data_event,baseline,16,29,2876247,99180.93103448275,1001
decode,mixed_data_event,simd,16,37,2980900,80564.86486486487,1001
decode,mixed_data_event,fused,16,38,2829540,74461.57894736843,1001
decode,mixed_data_event,combined,16,55,3013708,54794.69090909091,1001
decode,mixed_data_event,core,16,32,2735914,85497.3125,1001
decode,mixed_data_event,baseline,17,29,2873754,99094.96551724138,1001
decode,mixed_data_event,combined,17,55,3038939,55253.43636363636,1001
decode,mixed_data_event,simd,17,37,3017853,81563.5945945946,1001
decode,mixed_data_event,fused,17,38,2798817,73653.07894736843,1001
decode,mixed_data_event,core,17,32,2728387,85262.09375,1001
decode,mixed_data_event,simd,18,37,3002523,81149.27027027027,1001
decode,mixed_data_event,fused,18,38,2787407,73352.81578947368,1001
decode,mixed_data_event,combined,18,55,2994346,54442.65454545455,1001
decode,mixed_data_event,core,18,32,2735444,85482.625,1001
decode,mixed_data_event,baseline,18,29,2869973,98964.58620689655,1001
decode,mixed_data_event,core,19,32,2800959,87529.96875,1001
decode,mixed_data_event,baseline,19,29,2920369,100702.37931034483,1001
decode,mixed_data_event,fused,19,38,2845422,74879.52631578948,1001
decode,mixed_data_event,simd,19,37,3074393,83091.7027027027,1001
decode,mixed_data_event,combined,19,55,3018858,54888.32727272727,1001
decode,mixed_data_event,core,20,32,2749727,85928.96875,1001
decode,mixed_data_event,baseline,20,29,2869749,98956.86206896552,1001
decode,mixed_data_event,combined,20,55,2991443,54389.87272727273,1001
decode,mixed_data_event,fused,20,38,2790557,73435.71052631579,1001
decode,mixed_data_event,simd,20,37,2989190,80788.91891891892,1001
decode,mixed_data_event,simd,21,37,2968756,80236.64864864865,1001
decode,mixed_data_event,combined,21,55,2990743,54377.145454545454,1001
decode,mixed_data_event,baseline,21,29,2846277,98147.4827586207,1001
decode,mixed_data_event,fused,21,38,2797210,73610.78947368421,1001
decode,mixed_data_event,core,21,32,2846632,88957.25,1001
decode,mixed_data_event,simd,22,37,2970030,80271.08108108108,1001
decode,mixed_data_event,combined,22,55,2985517,54282.12727272727,1001
decode,mixed_data_event,core,22,32,2763912,86372.25,1001
decode,mixed_data_event,baseline,22,29,2852089,98347.89655172414,1001
decode,mixed_data_event,fused,22,38,2841297,74770.97368421052,1001
decode,mixed_data_event,combined,23,55,2979893,54179.87272727273,1001
decode,mixed_data_event,core,23,32,2732728,85397.75,1001
decode,mixed_data_event,baseline,23,29,2859005,98586.37931034483,1001
decode,mixed_data_event,simd,23,37,3064746,82830.97297297297,1001
decode,mixed_data_event,fused,23,38,2805958,73841,1001
decode,mixed_data_event,fused,24,38,2886127,75950.71052631579,1001
decode,mixed_data_event,core,24,32,2753608,86050.25,1001
decode,mixed_data_event,baseline,24,29,2846894,98168.75862068965,1001
decode,mixed_data_event,combined,24,55,2995818,54469.41818181818,1001
decode,mixed_data_event,simd,24,37,2973914,80376.05405405405,1001
decode,mixed_data_event,fused,25,38,2814579,74067.86842105263,1001
decode,mixed_data_event,combined,25,55,3011783,54759.69090909091,1001
decode,mixed_data_event,core,25,32,2714605,84831.40625,1001
decode,mixed_data_event,simd,25,37,2996434,80984.7027027027,1001
decode,mixed_data_event,baseline,25,29,2859409,98600.31034482758,1001
decode,mixed_data_event,baseline,26,29,2819730,97232.06896551725,1001
decode,mixed_data_event,simd,26,37,2981619,80584.2972972973,1001
decode,mixed_data_event,fused,26,38,2807744,73888,1001
decode,mixed_data_event,core,26,32,2705428,84544.625,1001
decode,mixed_data_event,combined,26,55,3001579,54574.163636363635,1001
decode,mixed_data_event,core,27,32,2720564,85017.625,1001
decode,mixed_data_event,fused,27,38,2852432,75064,1001
decode,mixed_data_event,baseline,27,29,2876600,99193.10344827586,1001
decode,mixed_data_event,combined,27,55,3003624,54611.34545454545,1001
decode,mixed_data_event,simd,27,37,2981005,80567.7027027027,1001
decode,mixed_data_event,fused,28,38,2813137,74029.92105263157,1001
decode,mixed_data_event,combined,28,55,2996358,54479.236363636366,1001
decode,mixed_data_event,simd,28,37,2973308,80359.67567567568,1001
decode,mixed_data_event,baseline,28,29,2845240,98111.72413793103,1001
decode,mixed_data_event,core,28,32,2698504,84328.25,1001
decode,mixed_data_event,simd,29,37,3013774,81453.35135135135,1001
decode,mixed_data_event,core,29,32,2712169,84755.28125,1001
decode,mixed_data_event,fused,29,38,2839818,74732.05263157895,1001
decode,mixed_data_event,combined,29,55,3032411,55134.74545454545,1001
decode,mixed_data_event,baseline,29,29,2939057,101346.79310344828,1001
decode,mixed_data_event,combined,30,55,3014557,54810.12727272727,1001
decode,mixed_data_event,core,30,32,4004780,125149.375,1001
decode,mixed_data_event,simd,30,37,3577511,96689.48648648648,1001
decode,mixed_data_event,fused,30,38,3692564,97172.73684210527,1001
decode,mixed_data_event,baseline,30,29,4161159,143488.24137931035,1001
decode_json,mixed_data_event,baseline,0,2,2993508,1496754,1001
decode_json,mixed_data_event,core,0,2,2566156,1283078,1001
decode_json,mixed_data_event,combined,0,2,2632728,1316364,1001
decode_json,mixed_data_event,fused,0,1,1422597,1422597,1001
decode_json,mixed_data_event,json_only,0,2,2952243,1476121.5,1001
decode_json,mixed_data_event,simd,0,2,3470059,1735029.5,1001
decode_json,mixed_data_event,combined,1,2,3195026,1597513,1001
decode_json,mixed_data_event,simd,1,2,3776099,1888049.5,1001
decode_json,mixed_data_event,baseline,1,2,3705386,1852693,1001
decode_json,mixed_data_event,json_only,1,2,3259526,1629763,1001
decode_json,mixed_data_event,core,1,2,3866193,1933096.5,1001
decode_json,mixed_data_event,fused,1,1,1831316,1831316,1001
decode_json,mixed_data_event,core,2,2,3329379,1664689.5,1001
decode_json,mixed_data_event,simd,2,2,3570115,1785057.5,1001
decode_json,mixed_data_event,combined,2,2,3173904,1586952,1001
decode_json,mixed_data_event,json_only,2,2,3334279,1667139.5,1001
decode_json,mixed_data_event,fused,2,1,1583389,1583389,1001
decode_json,mixed_data_event,baseline,2,2,3257671,1628835.5,1001
decode_json,mixed_data_event,baseline,3,2,3234425,1617212.5,1001
decode_json,mixed_data_event,json_only,3,2,2871865,1435932.5,1001
decode_json,mixed_data_event,combined,3,2,3305323,1652661.5,1001
decode_json,mixed_data_event,fused,3,1,1622463,1622463,1001
decode_json,mixed_data_event,core,3,2,3404827,1702413.5,1001
decode_json,mixed_data_event,simd,3,2,2967557,1483778.5,1001
decode_json,mixed_data_event,json_only,4,2,2841558,1420779,1001
decode_json,mixed_data_event,simd,4,2,3380572,1690286,1001
decode_json,mixed_data_event,fused,4,1,1695047,1695047,1001
decode_json,mixed_data_event,combined,4,2,2947683,1473841.5,1001
decode_json,mixed_data_event,core,4,2,2726468,1363234,1001
decode_json,mixed_data_event,baseline,4,2,2504300,1252150,1001
decode_json,mixed_data_event,simd,5,2,2354325,1177162.5,1001
decode_json,mixed_data_event,baseline,5,2,2329353,1164676.5,1001
decode_json,mixed_data_event,json_only,5,2,1990310,995155,1001
decode_json,mixed_data_event,core,5,2,2228259,1114129.5,1001
decode_json,mixed_data_event,fused,5,1,1082872,1082872,1001
decode_json,mixed_data_event,combined,5,2,2301881,1150940.5,1001
decode_json,mixed_data_event,baseline,6,2,2416030,1208015,1001
decode_json,mixed_data_event,json_only,6,2,2122637,1061318.5,1001
decode_json,mixed_data_event,simd,6,2,2704563,1352281.5,1001
decode_json,mixed_data_event,fused,6,1,1285718,1285718,1001
decode_json,mixed_data_event,core,6,2,2691032,1345516,1001
decode_json,mixed_data_event,combined,6,2,2492772,1246386,1001
decode_json,mixed_data_event,fused,7,1,1191716,1191716,1001
decode_json,mixed_data_event,combined,7,2,2315140,1157570,1001
decode_json,mixed_data_event,simd,7,2,2341057,1170528.5,1001
decode_json,mixed_data_event,json_only,7,2,2051785,1025892.5,1001
decode_json,mixed_data_event,baseline,7,2,2595225,1297612.5,1001
decode_json,mixed_data_event,core,7,2,2316813,1158406.5,1001
decode_json,mixed_data_event,baseline,8,2,2636421,1318210.5,1001
decode_json,mixed_data_event,core,8,2,2547354,1273677,1001
decode_json,mixed_data_event,combined,8,2,2564180,1282090,1001
decode_json,mixed_data_event,fused,8,1,1232741,1232741,1001
decode_json,mixed_data_event,simd,8,2,2626028,1313014,1001
decode_json,mixed_data_event,json_only,8,2,2441651,1220825.5,1001
decode_json,mixed_data_event,core,9,2,2546504,1273252,1001
decode_json,mixed_data_event,simd,9,2,2361456,1180728,1001
decode_json,mixed_data_event,baseline,9,2,2279240,1139620,1001
decode_json,mixed_data_event,combined,9,2,2029153,1014576.5,1001
decode_json,mixed_data_event,fused,9,1,1025365,1025365,1001
decode_json,mixed_data_event,json_only,9,2,1892362,946181,1001
decode_json,mixed_data_event,simd,10,2,2088311,1044155.5,1001
decode_json,mixed_data_event,baseline,10,2,2098659,1049329.5,1001
decode_json,mixed_data_event,combined,10,2,1970067,985033.5,1001
decode_json,mixed_data_event,json_only,10,2,1860329,930164.5,1001
decode_json,mixed_data_event,core,10,2,2125324,1062662,1001
decode_json,mixed_data_event,fused,10,1,1002826,1002826,1001
decode_json,mixed_data_event,combined,11,2,1923331,961665.5,1001
decode_json,mixed_data_event,fused,11,1,978889,978889,1001
decode_json,mixed_data_event,json_only,11,2,1861183,930591.5,1001
decode_json,mixed_data_event,baseline,11,2,2073421,1036710.5,1001
decode_json,mixed_data_event,simd,11,2,2012557,1006278.5,1001
decode_json,mixed_data_event,core,11,2,2102523,1051261.5,1001
decode_json,mixed_data_event,json_only,12,2,2074583,1037291.5,1001
decode_json,mixed_data_event,combined,12,2,1942844,971422,1001
decode_json,mixed_data_event,simd,12,2,2033591,1016795.5,1001
decode_json,mixed_data_event,core,12,2,2065837,1032918.5,1001
decode_json,mixed_data_event,baseline,12,2,2086324,1043162,1001
decode_json,mixed_data_event,fused,12,1,985493,985493,1001
decode_json,mixed_data_event,fused,13,1,981944,981944,1001
decode_json,mixed_data_event,baseline,13,2,2055808,1027904,1001
decode_json,mixed_data_event,simd,13,2,2080733,1040366.5,1001
decode_json,mixed_data_event,json_only,13,2,1861731,930865.5,1001
decode_json,mixed_data_event,core,13,2,2095349,1047674.5,1001
decode_json,mixed_data_event,combined,13,2,1907716,953858,1001
decode_json,mixed_data_event,fused,14,1,984259,984259,1001
decode_json,mixed_data_event,core,14,2,2062126,1031063,1001
decode_json,mixed_data_event,combined,14,2,1939674,969837,1001
decode_json,mixed_data_event,json_only,14,2,1830583,915291.5,1001
decode_json,mixed_data_event,baseline,14,2,2074230,1037115,1001
decode_json,mixed_data_event,simd,14,2,2060859,1030429.5,1001
decode_json,mixed_data_event,core,15,2,2066580,1033290,1001
decode_json,mixed_data_event,json_only,15,2,1824851,912425.5,1001
decode_json,mixed_data_event,fused,15,1,985863,985863,1001
decode_json,mixed_data_event,simd,15,2,2030995,1015497.5,1001
decode_json,mixed_data_event,combined,15,2,1913062,956531,1001
decode_json,mixed_data_event,baseline,15,2,2064291,1032145.5,1001
decode_json,mixed_data_event,baseline,16,2,2070697,1035348.5,1001
decode_json,mixed_data_event,combined,16,2,1909972,954986,1001
decode_json,mixed_data_event,core,16,2,2634645,1317322.5,1001
decode_json,mixed_data_event,fused,16,1,996404,996404,1001
decode_json,mixed_data_event,json_only,16,2,1833507,916753.5,1001
decode_json,mixed_data_event,simd,16,2,2028635,1014317.5,1001
decode_json,mixed_data_event,combined,17,2,1915042,957521,1001
decode_json,mixed_data_event,baseline,17,2,2054169,1027084.5,1001
decode_json,mixed_data_event,simd,17,2,2015479,1007739.5,1001
decode_json,mixed_data_event,fused,17,1,979147,979147,1001
decode_json,mixed_data_event,json_only,17,2,1816788,908394,1001
decode_json,mixed_data_event,core,17,2,2118633,1059316.5,1001
decode_json,mixed_data_event,baseline,18,2,2113927,1056963.5,1001
decode_json,mixed_data_event,combined,18,2,1951019,975509.5,1001
decode_json,mixed_data_event,fused,18,1,990758,990758,1001
decode_json,mixed_data_event,simd,18,2,2014010,1007005,1001
decode_json,mixed_data_event,core,18,2,2074852,1037426,1001
decode_json,mixed_data_event,json_only,18,2,1814292,907146,1001
decode_json,mixed_data_event,json_only,19,2,1817873,908936.5,1001
decode_json,mixed_data_event,core,19,2,2079207,1039603.5,1001
decode_json,mixed_data_event,baseline,19,2,2085917,1042958.5,1001
decode_json,mixed_data_event,combined,19,2,1964343,982171.5,1001
decode_json,mixed_data_event,simd,19,2,2018180,1009090,1001
decode_json,mixed_data_event,fused,19,1,983119,983119,1001
decode_json,mixed_data_event,baseline,20,2,2063848,1031924,1001
decode_json,mixed_data_event,core,20,2,2073482,1036741,1001
decode_json,mixed_data_event,json_only,20,2,1827678,913839,1001
decode_json,mixed_data_event,combined,20,2,1938475,969237.5,1001
decode_json,mixed_data_event,simd,20,2,2050642,1025321,1001
decode_json,mixed_data_event,fused,20,1,1274650,1274650,1001
decode_json,mixed_data_event,fused,21,1,984916,984916,1001
decode_json,mixed_data_event,combined,21,2,1929120,964560,1001
decode_json,mixed_data_event,core,21,2,2062262,1031131,1001
decode_json,mixed_data_event,json_only,21,2,1814160,907080,1001
decode_json,mixed_data_event,baseline,21,2,2072680,1036340,1001
decode_json,mixed_data_event,simd,21,2,2023322,1011661,1001
decode_json,mixed_data_event,json_only,22,2,1813743,906871.5,1001
decode_json,mixed_data_event,core,22,2,2095072,1047536,1001
decode_json,mixed_data_event,baseline,22,2,2110515,1055257.5,1001
decode_json,mixed_data_event,simd,22,2,2014909,1007454.5,1001
decode_json,mixed_data_event,fused,22,1,978102,978102,1001
decode_json,mixed_data_event,combined,22,2,1911703,955851.5,1001
decode_json,mixed_data_event,simd,23,2,2046936,1023468,1001
decode_json,mixed_data_event,core,23,2,2063759,1031879.5,1001
decode_json,mixed_data_event,fused,23,1,980508,980508,1001
decode_json,mixed_data_event,combined,23,2,1922552,961276,1001
decode_json,mixed_data_event,json_only,23,2,1823100,911550,1001
decode_json,mixed_data_event,baseline,23,2,2100690,1050345,1001
decode_json,mixed_data_event,fused,24,1,980040,980040,1001
decode_json,mixed_data_event,core,24,2,2091734,1045867,1001
decode_json,mixed_data_event,simd,24,2,2033584,1016792,1001
decode_json,mixed_data_event,json_only,24,2,1812197,906098.5,1001
decode_json,mixed_data_event,combined,24,2,1920356,960178,1001
decode_json,mixed_data_event,baseline,24,2,2051687,1025843.5,1001
decode_json,mixed_data_event,fused,25,1,980032,980032,1001
decode_json,mixed_data_event,core,25,2,2091697,1045848.5,1001
decode_json,mixed_data_event,simd,25,2,2274710,1137355,1001
decode_json,mixed_data_event,baseline,25,2,2243237,1121618.5,1001
decode_json,mixed_data_event,json_only,25,2,1821639,910819.5,1001
decode_json,mixed_data_event,combined,25,2,1926680,963340,1001
decode_json,mixed_data_event,core,26,2,2069185,1034592.5,1001
decode_json,mixed_data_event,combined,26,2,1906521,953260.5,1001
decode_json,mixed_data_event,baseline,26,2,2098497,1049248.5,1001
decode_json,mixed_data_event,fused,26,1,986807,986807,1001
decode_json,mixed_data_event,simd,26,2,2036571,1018285.5,1001
decode_json,mixed_data_event,json_only,26,2,1848787,924393.5,1001
decode_json,mixed_data_event,json_only,27,2,1812908,906454,1001
decode_json,mixed_data_event,core,27,2,2097260,1048630,1001
decode_json,mixed_data_event,combined,27,2,1905698,952849,1001
decode_json,mixed_data_event,baseline,27,2,2060001,1030000.5,1001
decode_json,mixed_data_event,simd,27,2,2039845,1019922.5,1001
decode_json,mixed_data_event,fused,27,1,980219,980219,1001
decode_json,mixed_data_event,fused,28,1,980424,980424,1001
decode_json,mixed_data_event,simd,28,2,2033438,1016719,1001
decode_json,mixed_data_event,json_only,28,2,1823935,911967.5,1001
decode_json,mixed_data_event,core,28,2,2110424,1055212,1001
decode_json,mixed_data_event,baseline,28,2,2071352,1035676,1001
decode_json,mixed_data_event,combined,28,2,1913332,956666,1001
decode_json,mixed_data_event,simd,29,2,2019113,1009556.5,1001
decode_json,mixed_data_event,json_only,29,2,1810831,905415.5,1001
decode_json,mixed_data_event,baseline,29,2,2061882,1030941,1001
decode_json,mixed_data_event,core,29,2,2102547,1051273.5,1001
decode_json,mixed_data_event,combined,29,2,1924508,962254,1001
decode_json,mixed_data_event,fused,29,1,1154223,1154223,1001
decode_json,mixed_data_event,combined,30,2,2038996,1019498,1001
decode_json,mixed_data_event,json_only,30,2,1820040,910020,1001
decode_json,mixed_data_event,baseline,30,2,2067266,1033633,1001
decode_json,mixed_data_event,simd,30,2,2023729,1011864.5,1001
decode_json,mixed_data_event,fused,30,1,979113,979113,1001
decode_json,mixed_data_event,core,30,2,2092643,1046321.5,1001
decode,mixed_data_1460,core,0,24,1995837,83159.875,1001
decode,mixed_data_1460,combined,0,62,2806937,45273.17741935484,1001
decode,mixed_data_1460,baseline,0,28,2825365,100905.89285714286,1001
decode,mixed_data_1460,fused,0,35,2670741,76306.88571428572,1001
decode,mixed_data_1460,simd,0,35,2852462,81498.91428571429,1001
decode,mixed_data_1460,core,1,24,1922618,80109.08333333333,1001
decode,mixed_data_1460,baseline,1,28,2763809,98707.46428571429,1001
decode,mixed_data_1460,simd,1,35,2747022,78486.34285714285,1001
decode,mixed_data_1460,fused,1,35,2851683,81476.65714285715,1001
decode,mixed_data_1460,combined,1,62,2803343,45215.209677419356,1001
decode,mixed_data_1460,core,2,24,1943999,80999.95833333333,1001
decode,mixed_data_1460,fused,2,35,2645144,75575.54285714286,1001
decode,mixed_data_1460,baseline,2,28,2851856,101852,1001
decode,mixed_data_1460,simd,2,35,2779718,79420.5142857143,1001
decode,mixed_data_1460,combined,2,62,2806625,45268.145161290326,1001
decode,mixed_data_1460,baseline,3,28,2856526,102018.78571428571,1001
decode,mixed_data_1460,fused,3,35,2657289,75922.54285714286,1001
decode,mixed_data_1460,combined,3,62,2788648,44978.1935483871,1001
decode,mixed_data_1460,core,3,24,1895709,78987.875,1001
decode,mixed_data_1460,simd,3,35,2803914,80111.82857142857,1001
decode,mixed_data_1460,baseline,4,28,2770869,98959.60714285714,1001
decode,mixed_data_1460,simd,4,35,2775659,79304.54285714286,1001
decode,mixed_data_1460,combined,4,62,2827215,45600.24193548387,1001
decode,mixed_data_1460,fused,4,35,2654494,75842.68571428572,1001
decode,mixed_data_1460,core,4,24,1883881,78495.04166666667,1001
decode,mixed_data_1460,simd,5,35,2761976,78913.6,1001
decode,mixed_data_1460,fused,5,35,2656638,75903.94285714286,1001
decode,mixed_data_1460,baseline,5,28,3106963,110962.96428571429,1001
decode,mixed_data_1460,combined,5,62,2781558,44863.83870967742,1001
decode,mixed_data_1460,core,5,24,1958914,81621.41666666667,1001
decode,mixed_data_1460,simd,6,35,2765272,79007.77142857143,1001
decode,mixed_data_1460,fused,6,35,2593294,74094.11428571428,1001
decode,mixed_data_1460,baseline,6,28,2801587,100056.67857142857,1001
decode,mixed_data_1460,core,6,24,1983566,82648.58333333333,1001
decode,mixed_data_1460,combined,6,62,2815157,45405.75806451613,1001
decode,mixed_data_1460,simd,7,35,2763449,78955.68571428572,1001
decode,mixed_data_1460,core,7,24,1904115,79338.125,1001
decode,mixed_data_1460,combined,7,62,2831064,45662.32258064516,1001
decode,mixed_data_1460,baseline,7,28,2878221,102793.60714285714,1001
decode,mixed_data_1460,fused,7,35,2658006,75943.02857142857,1001
decode,mixed_data_1460,combined,8,62,2790292,45004.709677419356,1001
decode,mixed_data_1460,baseline,8,28,2869652,102487.57142857143,1001
decode,mixed_data_1460,core,8,24,1989738,82905.75,1001
decode,mixed_data_1460,simd,8,35,2820898,80597.08571428571,1001
decode,mixed_data_1460,fused,8,35,2674492,76414.05714285714,1001
decode,mixed_data_1460,fused,9,35,2687739,76792.54285714286,1001
decode,mixed_data_1460,combined,9,62,2807078,45275.45161290323,1001
decode,mixed_data_1460,simd,9,35,2818462,80527.4857142857,1001
decode,mixed_data_1460,core,9,24,1904750,79364.58333333333,1001
decode,mixed_data_1460,baseline,9,28,2891634,103272.64285714286,1001
decode,mixed_data_1460,combined,10,62,2772241,44713.56451612903,1001
decode,mixed_data_1460,fused,10,35,2671067,76316.2,1001
decode,mixed_data_1460,baseline,10,28,2883989,102999.60714285714,1001
decode,mixed_data_1460,core,10,24,1990885,82953.54166666667,1001
decode,mixed_data_1460,simd,10,35,2837918,81083.37142857142,1001
decode,mixed_data_1460,core,11,24,1915891,79828.79166666667,1001
decode,mixed_data_1460,fused,11,35,2596478,74185.08571428571,1001
decode,mixed_data_1460,combined,11,62,2779263,44826.82258064516,1001
decode,mixed_data_1460,simd,11,35,2781221,79463.45714285714,1001
decode,mixed_data_1460,baseline,11,28,2782824,99386.57142857143,1001
decode,mixed_data_1460,combined,12,62,2802249,45197.56451612903,1001
decode,mixed_data_1460,baseline,12,28,2807748,100276.71428571429,1001
decode,mixed_data_1460,core,12,24,2022813,84283.875,1001
decode,mixed_data_1460,simd,12,35,2758810,78823.14285714286,1001
decode,mixed_data_1460,fused,12,35,2588954,73970.11428571428,1001
decode,mixed_data_1460,core,13,24,1987403,82808.45833333333,1001
decode,mixed_data_1460,fused,13,35,2695850,77024.28571428571,1001
decode,mixed_data_1460,baseline,13,28,2875019,102679.25,1001
decode,mixed_data_1460,simd,13,35,2771794,79194.11428571428,1001
decode,mixed_data_1460,combined,13,62,2788713,44979.24193548387,1001
decode,mixed_data_1460,combined,14,62,2766298,44617.709677419356,1001
decode,mixed_data_1460,fused,14,35,2681439,76612.54285714286,1001
decode,mixed_data_1460,core,14,24,1937533,80730.54166666667,1001
decode,mixed_data_1460,baseline,14,28,2858818,102100.64285714286,1001
decode,mixed_data_1460,simd,14,35,2798134,79946.68571428572,1001
decode,mixed_data_1460,combined,15,62,2777915,44805.08064516129,1001
decode,mixed_data_1460,core,15,24,1967944,81997.66666666667,1001
decode,mixed_data_1460,simd,15,35,2797050,79915.71428571429,1001
decode,mixed_data_1460,baseline,15,28,2834563,101234.39285714286,1001
decode,mixed_data_1460,fused,15,35,2721447,77755.62857142858,1001
decode,mixed_data_1460,baseline,16,28,2844999,101607.10714285714,1001
decode,mixed_data_1460,simd,16,35,2810603,80302.94285714286,1001
decode,mixed_data_1460,fused,16,35,2716840,77624,1001
decode,mixed_data_1460,combined,16,62,2776946,44789.45161290323,1001
decode,mixed_data_1460,core,16,24,1932930,80538.75,1001
decode,mixed_data_1460,baseline,17,28,2820300,100725,1001
decode,mixed_data_1460,combined,17,62,2875364,46376.83870967742,1001
decode,mixed_data_1460,simd,17,35,2753804,78680.11428571428,1001
decode,mixed_data_1460,fused,17,35,2692110,76917.42857142857,1001
decode,mixed_data_1460,core,17,24,1926375,80265.625,1001
decode,mixed_data_1460,simd,18,35,2799301,79980.02857142857,1001
decode,mixed_data_1460,fused,18,35,2662808,76080.22857142857,1001
decode,mixed_data_1460,combined,18,62,2788167,44970.43548387097,1001
decode,mixed_data_1460,core,18,24,1967758,81989.91666666667,1001
decode,mixed_data_1460,baseline,18,28,2860779,102170.67857142857,1001
decode,mixed_data_1460,core,19,24,1955228,81467.83333333333,1001
decode,mixed_data_1460,baseline,19,28,2831663,101130.82142857143,1001
decode,mixed_data_1460,fused,19,35,2694017,76971.91428571429,1001
decode,mixed_data_1460,simd,19,35,2807304,80208.68571428572,1001
decode,mixed_data_1460,combined,19,62,2783846,44900.74193548387,1001
decode,mixed_data_1460,core,20,24,1973357,82223.20833333333,1001
decode,mixed_data_1460,baseline,20,28,2815509,100553.89285714286,1001
decode,mixed_data_1460,combined,20,62,2788895,44982.17741935484,1001
decode,mixed_data_1460,fused,20,35,2692741,76935.45714285714,1001
decode,mixed_data_1460,simd,20,35,2842394,81211.25714285714,1001
decode,mixed_data_1460,simd,21,35,2860325,81723.57142857143,1001
decode,mixed_data_1460,combined,21,62,2812103,45356.5,1001
decode,mixed_data_1460,baseline,21,28,2862912,102246.85714285714,1001
decode,mixed_data_1460,fused,21,35,2655886,75882.45714285714,1001
decode,mixed_data_1460,core,21,24,1942429,80934.54166666667,1001
decode,mixed_data_1460,simd,22,35,2785868,79596.22857142857,1001
decode,mixed_data_1460,combined,22,62,2805036,45242.51612903226,1001
decode,mixed_data_1460,core,22,24,1982443,82601.79166666667,1001
decode,mixed_data_1460,baseline,22,28,2899979,103570.67857142857,1001
decode,mixed_data_1460,fused,22,35,2653279,75807.97142857143,1001
decode,mixed_data_1460,combined,23,62,2786887,44949.790322580644,1001
decode,mixed_data_1460,core,23,24,1922300,80095.83333333333,1001
decode,mixed_data_1460,baseline,23,28,2860775,102170.53571428571,1001
decode,mixed_data_1460,simd,23,35,2793162,79804.62857142858,1001
decode,mixed_data_1460,fused,23,35,2670923,76312.08571428571,1001
decode,mixed_data_1460,fused,24,35,2677364,76496.11428571428,1001
decode,mixed_data_1460,core,24,24,1888459,78685.79166666667,1001
decode,mixed_data_1460,baseline,24,28,2830467,101088.10714285714,1001
decode,mixed_data_1460,combined,24,62,2797146,45115.25806451613,1001
decode,mixed_data_1460,simd,24,35,2821909,80625.97142857143,1001
decode,mixed_data_1460,fused,25,35,2712229,77492.25714285714,1001
decode,mixed_data_1460,combined,25,62,2846929,45918.209677419356,1001
decode,mixed_data_1460,core,25,24,1960359,81681.625,1001
decode,mixed_data_1460,simd,25,35,2822820,80652,1001
decode,mixed_data_1460,baseline,25,28,2879657,102844.89285714286,1001
decode,mixed_data_1460,baseline,26,28,2879549,102841.03571428571,1001
decode,mixed_data_1460,simd,26,35,2751850,78624.28571428571,1001
decode,mixed_data_1460,fused,26,35,2707735,77363.85714285714,1001
decode,mixed_data_1460,core,26,24,1920408,80017,1001
decode,mixed_data_1460,combined,26,62,2851464,45991.354838709674,1001
decode,mixed_data_1460,core,27,24,1906935,79455.625,1001
decode,mixed_data_1460,fused,27,35,2676099,76459.97142857143,1001
decode,mixed_data_1460,baseline,27,28,2825434,100908.35714285714,1001
decode,mixed_data_1460,combined,27,62,2788474,44975.3870967742,1001
decode,mixed_data_1460,simd,27,35,2775037,79286.77142857143,1001
decode,mixed_data_1460,fused,28,35,2705372,77296.34285714285,1001
decode,mixed_data_1460,combined,28,62,2784116,44905.096774193546,1001
decode,mixed_data_1460,simd,28,35,2765910,79026,1001
decode,mixed_data_1460,baseline,28,28,2892692,103310.42857142857,1001
decode,mixed_data_1460,core,28,24,1936841,80701.70833333333,1001
decode,mixed_data_1460,simd,29,35,2761371,78896.31428571428,1001
decode,mixed_data_1460,core,29,24,1872747,78031.125,1001
decode,mixed_data_1460,fused,29,35,2717018,77629.08571428571,1001
decode,mixed_data_1460,combined,29,62,2788611,44977.596774193546,1001
decode,mixed_data_1460,baseline,29,28,2804055,100144.82142857143,1001
decode,mixed_data_1460,combined,30,62,2782882,44885.1935483871,1001
decode,mixed_data_1460,core,30,24,1932138,80505.75,1001
decode,mixed_data_1460,simd,30,35,2853792,81536.91428571429,1001
decode,mixed_data_1460,fused,30,35,2678134,76518.11428571428,1001
decode,mixed_data_1460,baseline,30,28,2807654,100273.35714285714,1001
decode_json,mixed_data_1460,baseline,0,2,2114668,1057334,1001
decode_json,mixed_data_1460,core,0,2,2057975,1028987.5,1001
decode_json,mixed_data_1460,combined,0,3,2920787,973595.6666666666,1001
decode_json,mixed_data_1460,fused,0,2,2041128,1020564,1001
decode_json,mixed_data_1460,json_only,0,3,2730685,910228.3333333334,1001
decode_json,mixed_data_1460,simd,0,2,2094965,1047482.5,1001
decode_json,mixed_data_1460,combined,1,3,2903122,967707.3333333334,1001
decode_json,mixed_data_1460,simd,1,2,2089874,1044937,1001
decode_json,mixed_data_1460,baseline,1,2,2115024,1057512,1001
decode_json,mixed_data_1460,json_only,1,3,2729357,909785.6666666666,1001
decode_json,mixed_data_1460,core,1,2,2114654,1057327,1001
decode_json,mixed_data_1460,fused,1,2,2008939,1004469.5,1001
decode_json,mixed_data_1460,core,2,2,2084101,1042050.5,1001
decode_json,mixed_data_1460,simd,2,2,2077031,1038515.5,1001
decode_json,mixed_data_1460,combined,2,3,2901958,967319.3333333334,1001
decode_json,mixed_data_1460,json_only,2,3,2728218,909406,1001
decode_json,mixed_data_1460,fused,2,2,2036989,1018494.5,1001
decode_json,mixed_data_1460,baseline,2,2,2134810,1067405,1001
decode_json,mixed_data_1460,baseline,3,2,2111667,1055833.5,1001
decode_json,mixed_data_1460,json_only,3,3,2721585,907195,1001
decode_json,mixed_data_1460,combined,3,3,2970384,990128,1001
decode_json,mixed_data_1460,fused,3,2,2009050,1004525,1001
decode_json,mixed_data_1460,core,3,2,2090105,1045052.5,1001
decode_json,mixed_data_1460,simd,3,2,2068528,1034264,1001
decode_json,mixed_data_1460,json_only,4,3,2757399,919133,1001
decode_json,mixed_data_1460,simd,4,2,2099642,1049821,1001
decode_json,mixed_data_1460,fused,4,2,2021285,1010642.5,1001
decode_json,mixed_data_1460,combined,4,3,2924442,974814,1001
decode_json,mixed_data_1460,core,4,2,2068764,1034382,1001
decode_json,mixed_data_1460,baseline,4,2,2117509,1058754.5,1001
decode_json,mixed_data_1460,simd,5,2,2079453,1039726.5,1001
decode_json,mixed_data_1460,baseline,5,2,2123693,1061846.5,1001
decode_json,mixed_data_1460,json_only,5,3,2725007,908335.6666666666,1001
decode_json,mixed_data_1460,core,5,2,2085353,1042676.5,1001
decode_json,mixed_data_1460,fused,5,2,2041864,1020932,1001
decode_json,mixed_data_1460,combined,5,3,2901657,967219,1001
decode_json,mixed_data_1460,baseline,6,2,2101315,1050657.5,1001
decode_json,mixed_data_1460,json_only,6,3,2728694,909564.6666666666,1001
decode_json,mixed_data_1460,simd,6,2,2132785,1066392.5,1001
decode_json,mixed_data_1460,fused,6,2,2012790,1006395,1001
decode_json,mixed_data_1460,core,6,2,2096851,1048425.5,1001
decode_json,mixed_data_1460,combined,6,3,2895581,965193.6666666666,1001
decode_json,mixed_data_1460,fused,7,2,2037750,1018875,1001
decode_json,mixed_data_1460,combined,7,3,2890770,963590,1001
decode_json,mixed_data_1460,simd,7,2,2093003,1046501.5,1001
decode_json,mixed_data_1460,json_only,7,3,2744187,914729,1001
decode_json,mixed_data_1460,baseline,7,2,2108263,1054131.5,1001
decode_json,mixed_data_1460,core,7,2,2060094,1030047,1001
decode_json,mixed_data_1460,baseline,8,2,2329826,1164913,1001
decode_json,mixed_data_1460,core,8,2,2206250,1103125,1001
decode_json,mixed_data_1460,combined,8,3,2960347,986782.3333333334,1001
decode_json,mixed_data_1460,fused,8,2,2340703,1170351.5,1001
decode_json,mixed_data_1460,simd,8,2,2770095,1385047.5,1001
decode_json,mixed_data_1460,json_only,8,3,3531808,1177269.3333333333,1001
decode_json,mixed_data_1460,core,9,2,2583466,1291733,1001
decode_json,mixed_data_1460,simd,9,2,3073982,1536991,1001
decode_json,mixed_data_1460,baseline,9,2,2876499,1438249.5,1001
decode_json,mixed_data_1460,combined,9,3,4791122,1597040.6666666667,1001
decode_json,mixed_data_1460,fused,9,2,2871963,1435981.5,1001
decode_json,mixed_data_1460,json_only,9,3,3971307,1323769,1001
decode_json,mixed_data_1460,simd,10,2,3108359,1554179.5,1001
decode_json,mixed_data_1460,baseline,10,2,3104983,1552491.5,1001
decode_json,mixed_data_1460,combined,10,3,3979541,1326513.6666666667,1001
decode_json,mixed_data_1460,json_only,10,3,3428140,1142713.3333333333,1001
decode_json,mixed_data_1460,core,10,2,2804274,1402137,1001
decode_json,mixed_data_1460,fused,10,2,3111982,1555991,1001
decode_json,mixed_data_1460,combined,11,3,4068795,1356265,1001
decode_json,mixed_data_1460,fused,11,2,3726440,1863220,1001
decode_json,mixed_data_1460,json_only,11,3,5716014,1905338,1001
decode_json,mixed_data_1460,baseline,11,2,3990751,1995375.5,1001
decode_json,mixed_data_1460,simd,11,2,3772114,1886057,1001
decode_json,mixed_data_1460,core,11,2,3311085,1655542.5,1001
decode_json,mixed_data_1460,json_only,12,3,4636938,1545646,1001
decode_json,mixed_data_1460,combined,12,3,5008453,1669484.3333333333,1001
decode_json,mixed_data_1460,simd,12,2,3393180,1696590,1001
decode_json,mixed_data_1460,core,12,2,3561249,1780624.5,1001
decode_json,mixed_data_1460,baseline,12,2,3086608,1543304,1001
decode_json,mixed_data_1460,fused,12,2,3538388,1769194,1001
decode_json,mixed_data_1460,fused,13,2,3250949,1625474.5,1001
decode_json,mixed_data_1460,baseline,13,2,3088931,1544465.5,1001
decode_json,mixed_data_1460,simd,13,2,3640599,1820299.5,1001
decode_json,mixed_data_1460,json_only,13,3,4626260,1542086.6666666667,1001
decode_json,mixed_data_1460,core,13,2,3564941,1782470.5,1001
decode_json,mixed_data_1460,combined,13,3,5051297,1683765.6666666667,1001
decode_json,mixed_data_1460,fused,14,2,3149619,1574809.5,1001
decode_json,mixed_data_1460,core,14,2,2775950,1387975,1001
decode_json,mixed_data_1460,combined,14,3,3984079,1328026.3333333333,1001
decode_json,mixed_data_1460,json_only,14,3,3250857,1083619,1001
decode_json,mixed_data_1460,baseline,14,2,2434800,1217400,1001
decode_json,mixed_data_1460,simd,14,2,2301372,1150686,1001
decode_json,mixed_data_1460,core,15,2,2274793,1137396.5,1001
decode_json,mixed_data_1460,json_only,15,3,2852086,950695.3333333334,1001
decode_json,mixed_data_1460,fused,15,2,2502021,1251010.5,1001
decode_json,mixed_data_1460,simd,15,2,2210069,1105034.5,1001
decode_json,mixed_data_1460,combined,15,3,3314893,1104964.3333333333,1001
decode_json,mixed_data_1460,baseline,15,2,2480301,1240150.5,1001
decode_json,mixed_data_1460,baseline,16,2,2487515,1243757.5,1001
decode_json,mixed_data_1460,combined,16,3,3330792,1110264,1001
decode_json,mixed_data_1460,core,16,2,2441636,1220818,1001
decode_json,mixed_data_1460,fused,16,2,2368900,1184450,1001
decode_json,mixed_data_1460,json_only,16,3,3629041,1209680.3333333333,1001
decode_json,mixed_data_1460,simd,16,2,2593852,1296926,1001
decode_json,mixed_data_1460,combined,17,3,3387024,1129008,1001
decode_json,mixed_data_1460,baseline,17,2,2702289,1351144.5,1001
decode_json,mixed_data_1460,simd,17,2,2609665,1304832.5,1001
decode_json,mixed_data_1460,fused,17,2,2430596,1215298,1001
decode_json,mixed_data_1460,json_only,17,3,3319522,1106507.3333333333,1001
decode_json,mixed_data_1460,core,17,2,2500162,1250081,1001
decode_json,mixed_data_1460,baseline,18,2,2741322,1370661,1001
decode_json,mixed_data_1460,combined,18,3,3424883,1141627.6666666667,1001
decode_json,mixed_data_1460,fused,18,2,2533777,1266888.5,1001
decode_json,mixed_data_1460,simd,18,2,2489901,1244950.5,1001
decode_json,mixed_data_1460,core,18,2,2378564,1189282,1001
decode_json,mixed_data_1460,json_only,18,3,2989006,996335.3333333334,1001
decode_json,mixed_data_1460,json_only,19,3,2940340,980113.3333333334,1001
decode_json,mixed_data_1460,core,19,2,2174278,1087139,1001
decode_json,mixed_data_1460,baseline,19,2,2195255,1097627.5,1001
decode_json,mixed_data_1460,combined,19,3,2979082,993027.3333333334,1001
decode_json,mixed_data_1460,simd,19,2,2092586,1046293,1001
decode_json,mixed_data_1460,fused,19,2,2046555,1023277.5,1001
decode_json,mixed_data_1460,baseline,20,2,2111647,1055823.5,1001
decode_json,mixed_data_1460,core,20,2,2109990,1054995,1001
decode_json,mixed_data_1460,json_only,20,3,2734714,911571.3333333334,1001
decode_json,mixed_data_1460,combined,20,3,2964678,988226,1001
decode_json,mixed_data_1460,simd,20,2,2150346,1075173,1001
decode_json,mixed_data_1460,fused,20,2,2070888,1035444,1001
decode_json,mixed_data_1460,fused,21,2,2019075,1009537.5,1001
decode_json,mixed_data_1460,combined,21,3,2929721,976573.6666666666,1001
decode_json,mixed_data_1460,core,21,2,2087332,1043666,1001
decode_json,mixed_data_1460,json_only,21,3,2748718,916239.3333333334,1001
decode_json,mixed_data_1460,baseline,21,2,2160955,1080477.5,1001
decode_json,mixed_data_1460,simd,21,2,2074080,1037040,1001
decode_json,mixed_data_1460,json_only,22,3,2797529,932509.6666666666,1001
decode_json,mixed_data_1460,core,22,2,2133567,1066783.5,1001
decode_json,mixed_data_1460,baseline,22,2,2229748,1114874,1001
decode_json,mixed_data_1460,simd,22,2,2251118,1125559,1001
decode_json,mixed_data_1460,fused,22,2,2135211,1067605.5,1001
decode_json,mixed_data_1460,combined,22,3,3028036,1009345.3333333334,1001
decode_json,mixed_data_1460,simd,23,2,2062016,1031008,1001
decode_json,mixed_data_1460,core,23,2,2076566,1038283,1001
decode_json,mixed_data_1460,fused,23,2,2004776,1002388,1001
decode_json,mixed_data_1460,combined,23,3,2926235,975411.6666666666,1001
decode_json,mixed_data_1460,json_only,23,3,2759595,919865,1001
decode_json,mixed_data_1460,baseline,23,2,2138840,1069420,1001
decode_json,mixed_data_1460,fused,24,2,2006087,1003043.5,1001
decode_json,mixed_data_1460,core,24,2,2088907,1044453.5,1001
decode_json,mixed_data_1460,simd,24,2,2081433,1040716.5,1001
decode_json,mixed_data_1460,json_only,24,3,2731689,910563,1001
decode_json,mixed_data_1460,combined,24,3,2908881,969627,1001
decode_json,mixed_data_1460,baseline,24,2,2130082,1065041,1001
decode_json,mixed_data_1460,fused,25,2,2048062,1024031,1001
decode_json,mixed_data_1460,core,25,2,2063239,1031619.5,1001
decode_json,mixed_data_1460,simd,25,2,2101731,1050865.5,1001
decode_json,mixed_data_1460,baseline,25,2,2101824,1050912,1001
decode_json,mixed_data_1460,json_only,25,3,2735715,911905,1001
decode_json,mixed_data_1460,combined,25,3,2907540,969180,1001
decode_json,mixed_data_1460,core,26,2,2084449,1042224.5,1001
decode_json,mixed_data_1460,combined,26,3,2912320,970773.3333333334,1001
decode_json,mixed_data_1460,baseline,26,2,2096453,1048226.5,1001
decode_json,mixed_data_1460,fused,26,2,2042364,1021182,1001
decode_json,mixed_data_1460,simd,26,2,2078944,1039472,1001
decode_json,mixed_data_1460,json_only,26,3,2738347,912782.3333333334,1001
decode_json,mixed_data_1460,json_only,27,3,2726075,908691.6666666666,1001
decode_json,mixed_data_1460,core,27,2,2099299,1049649.5,1001
decode_json,mixed_data_1460,combined,27,3,2912884,970961.3333333334,1001
decode_json,mixed_data_1460,baseline,27,2,2134335,1067167.5,1001
decode_json,mixed_data_1460,simd,27,2,2063543,1031771.5,1001
decode_json,mixed_data_1460,fused,27,2,2005696,1002848,1001
decode_json,mixed_data_1460,fused,28,2,2024566,1012283,1001
decode_json,mixed_data_1460,simd,28,2,2090670,1045335,1001
decode_json,mixed_data_1460,json_only,28,3,2767432,922477.3333333334,1001
decode_json,mixed_data_1460,core,28,2,2069733,1034866.5,1001
decode_json,mixed_data_1460,baseline,28,2,2095760,1047880,1001
decode_json,mixed_data_1460,combined,28,3,2915786,971928.6666666666,1001
decode_json,mixed_data_1460,simd,29,2,2065967,1032983.5,1001
decode_json,mixed_data_1460,json_only,29,3,2730663,910221,1001
decode_json,mixed_data_1460,baseline,29,2,2130111,1065055.5,1001
decode_json,mixed_data_1460,core,29,2,2068642,1034321,1001
decode_json,mixed_data_1460,combined,29,3,2927944,975981.3333333334,1001
decode_json,mixed_data_1460,fused,29,2,2024624,1012312,1001
decode_json,mixed_data_1460,combined,30,3,2906973,968991,1001
decode_json,mixed_data_1460,json_only,30,3,2740815,913605,1001
decode_json,mixed_data_1460,baseline,30,2,2141186,1070593,1001
decode_json,mixed_data_1460,simd,30,2,2065094,1032547,1001
decode_json,mixed_data_1460,fused,30,2,2018051,1009025.5,1001
decode_json,mixed_data_1460,core,30,2,2089665,1044832.5,1001
decode,mixed_id_after_event,core,0,23,2937673,127724.91304347826,1001
decode,mixed_id_after_event,combined,0,39,2939009,75359.20512820513,1001
decode,mixed_id_after_event,baseline,0,21,2791417,132924.61904761905,1001
decode,mixed_id_after_event,fused,0,21,2781040,132430.47619047618,1001
decode,mixed_id_after_event,simd,0,25,2980766,119230.64,1001
decode,mixed_id_after_event,core,1,23,2951773,128337.95652173914,1001
decode,mixed_id_after_event,baseline,1,21,2842924,135377.33333333334,1001
decode,mixed_id_after_event,simd,1,25,2955986,118239.44,1001
decode,mixed_id_after_event,fused,1,21,2791327,132920.33333333334,1001
decode,mixed_id_after_event,combined,1,39,2968962,76127.23076923077,1001
decode,mixed_id_after_event,core,2,23,2957771,128598.73913043478,1001
decode,mixed_id_after_event,fused,2,21,2783751,132559.57142857142,1001
decode,mixed_id_after_event,baseline,2,21,2823435,134449.2857142857,1001
decode,mixed_id_after_event,simd,2,25,2951188,118047.52,1001
decode,mixed_id_after_event,combined,2,39,2932552,75193.64102564103,1001
decode,mixed_id_after_event,baseline,3,21,2852498,135833.2380952381,1001
decode,mixed_id_after_event,fused,3,21,2792803,132990.61904761905,1001
decode,mixed_id_after_event,combined,3,39,2942077,75437.8717948718,1001
decode,mixed_id_after_event,core,3,23,4201102,182656.60869565216,1001
decode,mixed_id_after_event,simd,3,25,3273919,130956.76,1001
decode,mixed_id_after_event,baseline,4,21,2890050,137621.42857142858,1001
decode,mixed_id_after_event,simd,4,25,2939844,117593.76,1001
decode,mixed_id_after_event,combined,4,39,2943449,75473.05128205128,1001
decode,mixed_id_after_event,fused,4,21,2878681,137080.04761904763,1001
decode,mixed_id_after_event,core,4,23,2988428,129931.65217391304,1001
decode,mixed_id_after_event,simd,5,25,2957516,118300.64,1001
decode,mixed_id_after_event,fused,5,21,2774189,132104.2380952381,1001
decode,mixed_id_after_event,baseline,5,21,2804758,133559.90476190476,1001
decode,mixed_id_after_event,combined,5,39,2958697,75864.02564102564,1001
decode,mixed_id_after_event,core,5,23,2965642,128940.95652173914,1001
decode,mixed_id_after_event,simd,6,25,2932861,117314.44,1001
decode,mixed_id_after_event,fused,6,21,2786801,132704.80952380953,1001
decode,mixed_id_after_event,baseline,6,21,2828038,134668.47619047618,1001
decode,mixed_id_after_event,core,6,23,2951212,128313.56521739131,1001
decode,mixed_id_after_event,combined,6,39,2924148,74978.15384615384,1001
decode,mixed_id_after_event,simd,7,25,2930791,117231.64,1001
decode,mixed_id_after_event,core,7,23,2972450,129236.95652173914,1001
decode,mixed_id_after_event,combined,7,39,2927431,75062.33333333333,1001
decode,mixed_id_after_event,baseline,7,21,2843515,135405.47619047618,1001
decode,mixed_id_after_event,fused,7,21,2810509,133833.7619047619,1001
decode,mixed_id_after_event,combined,8,39,2919621,74862.07692307692,1001
decode,mixed_id_after_event,baseline,8,21,2819618,134267.52380952382,1001
decode,mixed_id_after_event,core,8,23,2975841,129384.39130434782,1001
decode,mixed_id_after_event,simd,8,25,2973293,118931.72,1001
decode,mixed_id_after_event,fused,8,21,2830880,134803.80952380953,1001
decode,mixed_id_after_event,fused,9,21,2792513,132976.80952380953,1001
decode,mixed_id_after_event,combined,9,39,2947560,75578.46153846153,1001
decode,mixed_id_after_event,simd,9,25,2977113,119084.52,1001
decode,mixed_id_after_event,core,9,23,2974978,129346.86956521739,1001
decode,mixed_id_after_event,baseline,9,21,2809461,133783.85714285713,1001
decode,mixed_id_after_event,combined,10,39,2929327,75110.94871794872,1001
decode,mixed_id_after_event,fused,10,21,2787233,132725.38095238095,1001
decode,mixed_id_after_event,baseline,10,21,2768841,131849.57142857142,1001
decode,mixed_id_after_event,core,10,23,2965273,128924.91304347826,1001
decode,mixed_id_after_event,simd,10,25,2931004,117240.16,1001
decode,mixed_id_after_event,core,11,23,2974365,129320.21739130435,1001
decode,mixed_id_after_event,fused,11,21,2797551,133216.7142857143,1001
decode,mixed_id_after_event,combined,11,39,2938099,75335.8717948718,1001
decode,mixed_id_after_event,simd,11,25,2931909,117276.36,1001
decode,mixed_id_after_event,baseline,11,21,2808675,133746.42857142858,1001
decode,mixed_id_after_event,combined,12,39,2928132,75080.30769230769,1001
decode,mixed_id_after_event,baseline,12,21,2811144,133864,1001
decode,mixed_id_after_event,core,12,23,2961343,128754.04347826086,1001
decode,mixed_id_after_event,simd,12,25,2974300,118972,1001
decode,mixed_id_after_event,fused,12,21,2791795,132942.61904761905,1001
decode,mixed_id_after_event,core,13,23,2943193,127964.91304347826,1001
decode,mixed_id_after_event,fused,13,21,2784685,132604.04761904763,1001
decode,mixed_id_after_event,baseline,13,21,2823969,134474.7142857143,1001
decode,mixed_id_after_event,simd,13,25,2970939,118837.56,1001
decode,mixed_id_after_event,combined,13,39,2933984,75230.35897435897,1001
decode,mixed_id_after_event,combined,14,39,2962778,75968.66666666667,1001
decode,mixed_id_after_event,fused,14,21,2787975,132760.7142857143,1001
decode,mixed_id_after_event,core,14,23,2963987,128869,1001
decode,mixed_id_after_event,baseline,14,21,2806984,133665.90476190476,1001
decode,mixed_id_after_event,simd,14,25,2938421,117536.84,1001
decode,mixed_id_after_event,combined,15,39,2934141,75234.38461538461,1001
decode,mixed_id_after_event,core,15,23,2931380,127451.30434782608,1001
decode,mixed_id_after_event,simd,15,25,2932604,117304.16,1001
decode,mixed_id_after_event,baseline,15,21,2779579,132360.90476190476,1001
decode,mixed_id_after_event,fused,15,21,2788749,132797.57142857142,1001
decode,mixed_id_after_event,baseline,16,21,2791719,132939,1001
decode,mixed_id_after_event,simd,16,25,2957871,118314.84,1001
decode,mixed_id_after_event,fused,16,21,2766928,131758.47619047618,1001
decode,mixed_id_after_event,combined,16,39,2950568,75655.58974358975,1001
decode,mixed_id_after_event,core,16,23,2986783,129860.13043478261,1001
decode,mixed_id_after_event,baseline,17,21,2848392,135637.7142857143,1001
decode,mixed_id_after_event,combined,17,39,2930362,75137.48717948717,1001
decode,mixed_id_after_event,simd,17,25,2966790,118671.6,1001
decode,mixed_id_after_event,fused,17,21,2806596,133647.42857142858,1001
decode,mixed_id_after_event,core,17,23,2967067,129002.91304347826,1001
decode,mixed_id_after_event,simd,18,25,2977266,119090.64,1001
decode,mixed_id_after_event,fused,18,21,2801643,133411.57142857142,1001
decode,mixed_id_after_event,combined,18,39,2950153,75644.94871794872,1001
decode,mixed_id_after_event,core,18,23,2972893,129256.21739130435,1001
decode,mixed_id_after_event,baseline,18,21,2805879,133613.2857142857,1001
decode,mixed_id_after_event,core,19,23,2968069,129046.47826086957,1001
decode,mixed_id_after_event,baseline,19,21,2832807,134895.57142857142,1001
decode,mixed_id_after_event,fused,19,21,2844095,135433.09523809524,1001
decode,mixed_id_after_event,simd,19,25,2978301,119132.04,1001
decode,mixed_id_after_event,combined,19,39,2949149,75619.20512820513,1001
decode,mixed_id_after_event,core,20,23,2968599,129069.52173913043,1001
decode,mixed_id_after_event,baseline,20,21,2783666,132555.52380952382,1001
decode,mixed_id_after_event,combined,20,39,2949378,75625.07692307692,1001
decode,mixed_id_after_event,fused,20,21,2772051,132002.42857142858,1001
decode,mixed_id_after_event,simd,20,25,2953199,118127.96,1001
decode,mixed_id_after_event,simd,21,25,3063242,122529.68,1001
decode,mixed_id_after_event,combined,21,39,2962322,75956.97435897436,1001
decode,mixed_id_after_event,baseline,21,21,2784664,132603.04761904763,1001
decode,mixed_id_after_event,fused,21,21,2776743,132225.85714285713,1001
decode,mixed_id_after_event,core,21,23,3018714,131248.4347826087,1001
decode,mixed_id_after_event,simd,22,25,2914279,116571.16,1001
decode,mixed_id_after_event,combined,22,39,2935473,75268.53846153847,1001
decode,mixed_id_after_event,core,22,23,2978487,129499.43478260869,1001
decode,mixed_id_after_event,baseline,22,21,2797378,133208.47619047618,1001
decode,mixed_id_after_event,fused,22,21,2789845,132849.7619047619,1001
decode,mixed_id_after_event,combined,23,39,2939285,75366.28205128205,1001
decode,mixed_id_after_event,core,23,23,2959943,128693.17391304347,1001
decode,mixed_id_after_event,baseline,23,21,2746568,130788.95238095238,1001
decode,mixed_id_after_event,simd,23,25,3018982,120759.28,1001
decode,mixed_id_after_event,fused,23,21,2796941,133187.66666666666,1001
decode,mixed_id_after_event,fused,24,21,2774309,132109.95238095237,1001
decode,mixed_id_after_event,core,24,23,2966198,128965.13043478261,1001
decode,mixed_id_after_event,baseline,24,21,2795828,133134.66666666666,1001
decode,mixed_id_after_event,combined,24,39,2932940,75203.58974358975,1001
decode,mixed_id_after_event,simd,24,25,2959774,118390.96,1001
decode,mixed_id_after_event,fused,25,21,2779013,132333.95238095237,1001
decode,mixed_id_after_event,combined,25,39,2941623,75426.23076923077,1001
decode,mixed_id_after_event,core,25,23,2964706,128900.26086956522,1001
decode,mixed_id_after_event,simd,25,25,2964356,118574.24,1001
decode,mixed_id_after_event,baseline,25,21,2748406,130876.47619047618,1001
decode,mixed_id_after_event,baseline,26,21,2785312,132633.90476190476,1001
decode,mixed_id_after_event,simd,26,25,2944201,117768.04,1001
decode,mixed_id_after_event,fused,26,21,2786812,132705.33333333334,1001
decode,mixed_id_after_event,core,26,23,2993806,130165.47826086957,1001
decode,mixed_id_after_event,combined,26,39,3007687,77120.17948717948,1001
decode,mixed_id_after_event,core,27,23,2972128,129222.95652173914,1001
decode,mixed_id_after_event,fused,27,21,2851183,135770.61904761905,1001
decode,mixed_id_after_event,baseline,27,21,2785369,132636.61904761905,1001
decode,mixed_id_after_event,combined,27,39,2959204,75877.02564102564,1001
decode,mixed_id_after_event,simd,27,25,2982415,119296.6,1001
decode,mixed_id_after_event,fused,28,21,2845851,135516.7142857143,1001
decode,mixed_id_after_event,combined,28,39,2931647,75170.43589743589,1001
decode,mixed_id_after_event,simd,28,25,2963875,118555,1001
decode,mixed_id_after_event,baseline,28,21,2748551,130883.38095238095,1001
decode,mixed_id_after_event,core,28,23,2980079,129568.65217391304,1001
decode,mixed_id_after_event,simd,29,25,2958001,118320.04,1001
decode,mixed_id_after_event,core,29,23,2931642,127462.69565217392,1001
decode,mixed_id_after_event,fused,29,21,2788918,132805.61904761905,1001
decode,mixed_id_after_event,combined,29,39,2935721,75274.89743589744,1001
decode,mixed_id_after_event,baseline,29,21,2847247,135583.19047619047,1001
decode,mixed_id_after_event,combined,30,39,2918019,74821,1001
decode,mixed_id_after_event,core,30,23,2936411,127670.04347826086,1001
decode,mixed_id_after_event,simd,30,25,2963577,118543.08,1001
decode,mixed_id_after_event,fused,30,21,2839833,135230.14285714287,1001
decode,mixed_id_after_event,baseline,30,21,2772132,132006.2857142857,1001
decode_json,mixed_id_after_event,baseline,0,2,2144367,1072183.5,1001
decode_json,mixed_id_after_event,core,0,2,2207517,1103758.5,1001
decode_json,mixed_id_after_event,combined,0,3,2981170,993723.3333333334,1001
decode_json,mixed_id_after_event,fused,0,2,2165857,1082928.5,1001
decode_json,mixed_id_after_event,json_only,0,3,2729115,909705,1001
decode_json,mixed_id_after_event,simd,0,2,2117549,1058774.5,1001
decode_json,mixed_id_after_event,combined,1,3,2993741,997913.6666666666,1001
decode_json,mixed_id_after_event,simd,1,2,2115976,1057988,1001
decode_json,mixed_id_after_event,baseline,1,2,2171174,1085587,1001
decode_json,mixed_id_after_event,json_only,1,3,2791994,930664.6666666666,1001
decode_json,mixed_id_after_event,core,1,2,2183134,1091567,1001
decode_json,mixed_id_after_event,fused,1,2,2161379,1080689.5,1001
decode_json,mixed_id_after_event,core,2,2,2179513,1089756.5,1001
decode_json,mixed_id_after_event,simd,2,2,2114060,1057030,1001
decode_json,mixed_id_after_event,combined,2,3,2985909,995303,1001
decode_json,mixed_id_after_event,json_only,2,3,2747057,915685.6666666666,1001
decode_json,mixed_id_after_event,fused,2,2,2219062,1109531,1001
decode_json,mixed_id_after_event,baseline,2,2,2150769,1075384.5,1001
decode_json,mixed_id_after_event,baseline,3,2,2180438,1090219,1001
decode_json,mixed_id_after_event,json_only,3,3,2734199,911399.6666666666,1001
decode_json,mixed_id_after_event,combined,3,3,3002338,1000779.3333333334,1001
decode_json,mixed_id_after_event,fused,3,2,2187683,1093841.5,1001
decode_json,mixed_id_after_event,core,3,2,2143610,1071805,1001
decode_json,mixed_id_after_event,simd,3,2,2118919,1059459.5,1001
decode_json,mixed_id_after_event,json_only,4,3,2719195,906398.3333333334,1001
decode_json,mixed_id_after_event,simd,4,2,2127469,1063734.5,1001
decode_json,mixed_id_after_event,fused,4,2,2150138,1075069,1001
decode_json,mixed_id_after_event,combined,4,3,3026408,1008802.6666666666,1001
decode_json,mixed_id_after_event,core,4,2,2179393,1089696.5,1001
decode_json,mixed_id_after_event,baseline,4,2,2184831,1092415.5,1001
decode_json,mixed_id_after_event,simd,5,2,2122410,1061205,1001
decode_json,mixed_id_after_event,baseline,5,2,2152409,1076204.5,1001
decode_json,mixed_id_after_event,json_only,5,3,2734175,911391.6666666666,1001
decode_json,mixed_id_after_event,core,5,2,2160508,1080254,1001
decode_json,mixed_id_after_event,fused,5,2,2167269,1083634.5,1001
decode_json,mixed_id_after_event,combined,5,3,3045577,1015192.3333333334,1001
decode_json,mixed_id_after_event,baseline,6,2,2140882,1070441,1001
decode_json,mixed_id_after_event,json_only,6,3,2716597,905532.3333333334,1001
decode_json,mixed_id_after_event,simd,6,2,2182599,1091299.5,1001
decode_json,mixed_id_after_event,fused,6,2,2174071,1087035.5,1001
decode_json,mixed_id_after_event,core,6,2,2178102,1089051,1001
decode_json,mixed_id_after_event,combined,6,3,2994188,998062.6666666666,1001
decode_json,mixed_id_after_event,fused,7,2,2211592,1105796,1001
decode_json,mixed_id_after_event,combined,7,3,3006247,1002082.3333333334,1001
decode_json,mixed_id_after_event,simd,7,2,2141371,1070685.5,1001
decode_json,mixed_id_after_event,json_only,7,3,2726457,908819,1001
decode_json,mixed_id_after_event,baseline,7,2,2150085,1075042.5,1001
decode_json,mixed_id_after_event,core,7,2,2147477,1073738.5,1001
decode_json,mixed_id_after_event,baseline,8,2,2168156,1084078,1001
decode_json,mixed_id_after_event,core,8,2,2151903,1075951.5,1001
decode_json,mixed_id_after_event,combined,8,3,3037579,1012526.3333333334,1001
decode_json,mixed_id_after_event,fused,8,2,2164233,1082116.5,1001
decode_json,mixed_id_after_event,simd,8,2,2219812,1109906,1001
decode_json,mixed_id_after_event,json_only,8,3,2803188,934396,1001
decode_json,mixed_id_after_event,core,9,2,2569252,1284626,1001
decode_json,mixed_id_after_event,simd,9,2,2758760,1379380,1001
decode_json,mixed_id_after_event,baseline,9,2,2796757,1398378.5,1001
decode_json,mixed_id_after_event,combined,9,3,4187022,1395674,1001
decode_json,mixed_id_after_event,fused,9,2,3109855,1554927.5,1001
decode_json,mixed_id_after_event,json_only,9,3,3801631,1267210.3333333333,1001
decode_json,mixed_id_after_event,simd,10,2,3098618,1549309,1001
decode_json,mixed_id_after_event,baseline,10,2,3001940,1500970,1001
decode_json,mixed_id_after_event,combined,10,3,4662390,1554130,1001
decode_json,mixed_id_after_event,json_only,10,3,3665956,1221985.3333333333,1001
decode_json,mixed_id_after_event,core,10,2,2999633,1499816.5,1001
decode_json,mixed_id_after_event,fused,10,2,3078227,1539113.5,1001
decode_json,mixed_id_after_event,combined,11,3,3812067,1270689,1001
decode_json,mixed_id_after_event,fused,11,2,3102668,1551334,1001
decode_json,mixed_id_after_event,json_only,11,3,3741771,1247257,1001
decode_json,mixed_id_after_event,baseline,11,2,2945593,1472796.5,1001
decode_json,mixed_id_after_event,simd,11,2,2815509,1407754.5,1001
decode_json,mixed_id_after_event,core,11,2,3439039,1719519.5,1001
decode_json,mixed_id_after_event,json_only,12,3,4428335,1476111.6666666667,1001
decode_json,mixed_id_after_event,combined,12,3,5123549,1707849.6666666667,1001
decode_json,mixed_id_after_event,simd,12,2,3459227,1729613.5,1001
decode_json,mixed_id_after_event,core,12,2,3344237,1672118.5,1001
decode_json,mixed_id_after_event,baseline,12,2,3354213,1677106.5,1001
decode_json,mixed_id_after_event,fused,12,2,3778083,1889041.5,1001
decode_json,mixed_id_after_event,fused,13,2,3347611,1673805.5,1001
decode_json,mixed_id_after_event,baseline,13,2,3673978,1836989,1001
decode_json,mixed_id_after_event,simd,13,2,3011303,1505651.5,1001
decode_json,mixed_id_after_event,json_only,13,3,4513539,1504513,1001
decode_json,mixed_id_after_event,core,13,2,3263290,1631645,1001
decode_json,mixed_id_after_event,combined,13,3,4863058,1621019.3333333333,1001
decode_json,mixed_id_after_event,fused,14,2,3511297,1755648.5,1001
decode_json,mixed_id_after_event,core,14,2,3457993,1728996.5,1001
decode_json,mixed_id_after_event,combined,14,3,4588972,1529657.3333333333,1001
decode_json,mixed_id_after_event,json_only,14,3,4113561,1371187,1001
decode_json,mixed_id_after_event,baseline,14,2,3383763,1691881.5,1001
decode_json,mixed_id_after_event,simd,14,2,3556706,1778353,1001
decode_json,mixed_id_after_event,core,15,2,3518331,1759165.5,1001
decode_json,mixed_id_after_event,json_only,15,3,3422276,1140758.6666666667,1001
decode_json,mixed_id_after_event,fused,15,2,2517783,1258891.5,1001
decode_json,mixed_id_after_event,simd,15,2,2327110,1163555,1001
decode_json,mixed_id_after_event,combined,15,3,3308829,1102943,1001
decode_json,mixed_id_after_event,baseline,15,2,2515974,1257987,1001
decode_json,mixed_id_after_event,baseline,16,2,2341427,1170713.5,1001
decode_json,mixed_id_after_event,combined,16,3,3370287,1123429,1001
decode_json,mixed_id_after_event,core,16,2,2762899,1381449.5,1001
decode_json,mixed_id_after_event,fused,16,2,3333797,1666898.5,1001
decode_json,mixed_id_after_event,json_only,16,3,3788152,1262717.3333333333,1001
decode_json,mixed_id_after_event,simd,16,2,2809318,1404659,1001
decode_json,mixed_id_after_event,combined,17,3,3490884,1163628,1001
decode_json,mixed_id_after_event,baseline,17,2,2376903,1188451.5,1001
decode_json,mixed_id_after_event,simd,17,2,2409616,1204808,1001
decode_json,mixed_id_after_event,fused,17,2,2468441,1234220.5,1001
decode_json,mixed_id_after_event,json_only,17,3,3161345,1053781.6666666667,1001
decode_json,mixed_id_after_event,core,17,2,2958572,1479286,1001
decode_json,mixed_id_after_event,baseline,18,2,2507936,1253968,1001
decode_json,mixed_id_after_event,combined,18,3,3813547,1271182.3333333333,1001
decode_json,mixed_id_after_event,fused,18,2,2683361,1341680.5,1001
decode_json,mixed_id_after_event,simd,18,2,2460300,1230150,1001
decode_json,mixed_id_after_event,core,18,2,2357780,1178890,1001
decode_json,mixed_id_after_event,json_only,18,3,2877843,959281,1001
decode_json,mixed_id_after_event,json_only,19,3,2835861,945287,1001
decode_json,mixed_id_after_event,core,19,2,2227157,1113578.5,1001
decode_json,mixed_id_after_event,baseline,19,2,2161629,1080814.5,1001
decode_json,mixed_id_after_event,combined,19,3,3155579,1051859.6666666667,1001
decode_json,mixed_id_after_event,simd,19,2,2279992,1139996,1001
decode_json,mixed_id_after_event,fused,19,2,2298329,1149164.5,1001
decode_json,mixed_id_after_event,baseline,20,2,2240985,1120492.5,1001
decode_json,mixed_id_after_event,core,20,2,2181835,1090917.5,1001
decode_json,mixed_id_after_event,json_only,20,3,2732551,910850.3333333334,1001
decode_json,mixed_id_after_event,combined,20,3,3033122,1011040.6666666666,1001
decode_json,mixed_id_after_event,simd,20,2,2126948,1063474,1001
decode_json,mixed_id_after_event,fused,20,2,2158714,1079357,1001
decode_json,mixed_id_after_event,fused,21,2,2152473,1076236.5,1001
decode_json,mixed_id_after_event,combined,21,3,3018272,1006090.6666666666,1001
decode_json,mixed_id_after_event,core,21,2,2144475,1072237.5,1001
decode_json,mixed_id_after_event,json_only,21,3,2734896,911632,1001
decode_json,mixed_id_after_event,baseline,21,2,2223377,1111688.5,1001
decode_json,mixed_id_after_event,simd,21,2,2127658,1063829,1001
decode_json,mixed_id_after_event,json_only,22,3,2724449,908149.6666666666,1001
decode_json,mixed_id_after_event,core,22,2,2178798,1089399,1001
decode_json,mixed_id_after_event,baseline,22,2,2137066,1068533,1001
decode_json,mixed_id_after_event,simd,22,2,2111122,1055561,1001
decode_json,mixed_id_after_event,fused,22,2,2163297,1081648.5,1001
decode_json,mixed_id_after_event,combined,22,3,3036200,1012066.6666666666,1001
decode_json,mixed_id_after_event,simd,23,2,2115414,1057707,1001
decode_json,mixed_id_after_event,core,23,2,2182297,1091148.5,1001
decode_json,mixed_id_after_event,fused,23,2,2171235,1085617.5,1001
decode_json,mixed_id_after_event,combined,23,3,3004491,1001497,1001
decode_json,mixed_id_after_event,json_only,23,3,2736792,912264,1001
decode_json,mixed_id_after_event,baseline,23,2,2167362,1083681,1001
decode_json,mixed_id_after_event,fused,24,2,2184399,1092199.5,1001
decode_json,mixed_id_after_event,core,24,2,2208243,1104121.5,1001
decode_json,mixed_id_after_event,simd,24,2,2143760,1071880,1001
decode_json,mixed_id_after_event,json_only,24,3,2730973,910324.3333333334,1001
decode_json,mixed_id_after_event,combined,24,3,3010435,1003478.3333333334,1001
decode_json,mixed_id_after_event,baseline,24,2,2160260,1080130,1001
decode_json,mixed_id_after_event,fused,25,2,2161332,1080666,1001
decode_json,mixed_id_after_event,core,25,2,2180653,1090326.5,1001
decode_json,mixed_id_after_event,simd,25,2,2112811,1056405.5,1001
decode_json,mixed_id_after_event,baseline,25,2,2145059,1072529.5,1001
decode_json,mixed_id_after_event,json_only,25,3,2732931,910977,1001
decode_json,mixed_id_after_event,combined,25,3,3025592,1008530.6666666666,1001
decode_json,mixed_id_after_event,core,26,2,2147707,1073853.5,1001
decode_json,mixed_id_after_event,combined,26,3,3005128,1001709.3333333334,1001
decode_json,mixed_id_after_event,baseline,26,2,2176418,1088209,1001
decode_json,mixed_id_after_event,fused,26,2,2191516,1095758,1001
decode_json,mixed_id_after_event,simd,26,2,2119061,1059530.5,1001
decode_json,mixed_id_after_event,json_only,26,3,2729825,909941.6666666666,1001
decode_json,mixed_id_after_event,json_only,27,3,2733724,911241.3333333334,1001
decode_json,mixed_id_after_event,core,27,2,2171253,1085626.5,1001
decode_json,mixed_id_after_event,combined,27,3,2985129,995043,1001
decode_json,mixed_id_after_event,baseline,27,2,2185182,1092591,1001
decode_json,mixed_id_after_event,simd,27,2,2128778,1064389,1001
decode_json,mixed_id_after_event,fused,27,2,2170177,1085088.5,1001
decode_json,mixed_id_after_event,fused,28,2,2145274,1072637,1001
decode_json,mixed_id_after_event,simd,28,2,2125025,1062512.5,1001
decode_json,mixed_id_after_event,json_only,28,3,2715021,905007,1001
decode_json,mixed_id_after_event,core,28,2,2210392,1105196,1001
decode_json,mixed_id_after_event,baseline,28,2,2178751,1089375.5,1001
decode_json,mixed_id_after_event,combined,28,3,3000729,1000243,1001
decode_json,mixed_id_after_event,simd,29,2,2110180,1055090,1001
decode_json,mixed_id_after_event,json_only,29,3,2730570,910190,1001
decode_json,mixed_id_after_event,baseline,29,2,2165396,1082698,1001
decode_json,mixed_id_after_event,core,29,2,2173668,1086834,1001
decode_json,mixed_id_after_event,combined,29,3,2994495,998165,1001
decode_json,mixed_id_after_event,fused,29,2,2196061,1098030.5,1001
decode_json,mixed_id_after_event,combined,30,3,2984570,994856.6666666666,1001
decode_json,mixed_id_after_event,json_only,30,3,2727148,909049.3333333334,1001
decode_json,mixed_id_after_event,baseline,30,2,2153265,1076632.5,1001
decode_json,mixed_id_after_event,simd,30,2,2105796,1052898,1001
decode_json,mixed_id_after_event,fused,30,2,2166989,1083494.5,1001
decode_json,mixed_id_after_event,core,30,2,2231738,1115869,1001
decode,mixed_id_after_1460,core,0,24,2871868,119661.16666666667,1001
decode,mixed_id_after_1460,combined,0,38,2963342,77982.68421052632,1001
decode,mixed_id_after_1460,baseline,0,21,2778783,132323,1001
decode,mixed_id_after_1460,fused,0,22,2917316,132605.27272727274,1001
decode,mixed_id_after_1460,simd,0,25,2921376,116855.04,1001
decode,mixed_id_after_1460,core,1,24,2891275,120469.79166666667,1001
decode,mixed_id_after_1460,baseline,1,21,2748261,130869.57142857143,1001
decode,mixed_id_after_1460,simd,1,25,2952767,118110.68,1001
decode,mixed_id_after_1460,fused,1,22,2908731,132215.04545454544,1001
decode,mixed_id_after_1460,combined,1,38,2945054,77501.42105263157,1001
decode,mixed_id_after_1460,core,2,24,2810574,117107.25,1001
decode,mixed_id_after_1460,fused,2,22,2920409,132745.86363636365,1001
decode,mixed_id_after_1460,baseline,2,21,2797508,133214.66666666666,1001
decode,mixed_id_after_1460,simd,2,25,2898113,115924.52,1001
decode,mixed_id_after_1460,combined,2,38,2919617,76832.02631578948,1001
decode,mixed_id_after_1460,baseline,3,21,2825932,134568.19047619047,1001
decode,mixed_id_after_1460,fused,3,22,2916083,132549.22727272726,1001
decode,mixed_id_after_1460,combined,3,38,2932071,77159.76315789473,1001
decode,mixed_id_after_1460,core,3,24,2853094,118878.91666666667,1001
decode,mixed_id_after_1460,simd,3,25,3993798,159751.92,1001
decode,mixed_id_after_1460,baseline,4,21,3109168,148055.61904761905,1001
decode,mixed_id_after_1460,simd,4,25,2910831,116433.24,1001
decode,mixed_id_after_1460,combined,4,38,2932751,77177.65789473684,1001
decode,mixed_id_after_1460,fused,4,22,2965854,134811.54545454544,1001
decode,mixed_id_after_1460,core,4,24,2821604,117566.83333333333,1001
decode,mixed_id_after_1460,simd,5,25,2932238,117289.52,1001
decode,mixed_id_after_1460,fused,5,22,2938575,133571.5909090909,1001
decode,mixed_id_after_1460,baseline,5,21,2767029,131763.2857142857,1001
decode,mixed_id_after_1460,combined,5,38,2936429,77274.44736842105,1001
decode,mixed_id_after_1460,core,5,24,2831065,117961.04166666667,1001
decode,mixed_id_after_1460,simd,6,25,2916442,116657.68,1001
decode,mixed_id_after_1460,fused,6,22,2894285,131558.4090909091,1001
decode,mixed_id_after_1460,baseline,6,21,2770280,131918.09523809524,1001
decode,mixed_id_after_1460,core,6,24,2809500,117062.5,1001
decode,mixed_id_after_1460,combined,6,38,2921196,76873.57894736843,1001
decode,mixed_id_after_1460,simd,7,25,2953234,118129.36,1001
decode,mixed_id_after_1460,core,7,24,2790982,116290.91666666667,1001
decode,mixed_id_after_1460,combined,7,38,2930883,77128.5,1001
decode,mixed_id_after_1460,baseline,7,21,2755902,131233.42857142858,1001
decode,mixed_id_after_1460,fused,7,22,2918441,132656.4090909091,1001
decode,mixed_id_after_1460,combined,8,38,3043588,80094.42105263157,1001
decode,mixed_id_after_1460,baseline,8,21,2926805,139371.66666666666,1001
decode,mixed_id_after_1460,core,8,24,2938266,122427.75,1001
decode,mixed_id_after_1460,simd,8,25,2953863,118154.52,1001
decode,mixed_id_after_1460,fused,8,22,2907791,132172.31818181818,1001
decode,mixed_id_after_1460,fused,9,22,2917066,132593.9090909091,1001
decode,mixed_id_after_1460,combined,9,38,2927469,77038.65789473684,1001
decode,mixed_id_after_1460,simd,9,25,2909762,116390.48,1001
decode,mixed_id_after_1460,core,9,24,2836873,118203.04166666667,1001
decode,mixed_id_after_1460,baseline,9,21,2874836,136896.95238095237,1001
decode,mixed_id_after_1460,combined,10,38,2939128,77345.47368421052,1001
decode,mixed_id_after_1460,fused,10,22,2968318,134923.54545454544,1001
decode,mixed_id_after_1460,baseline,10,21,2822158,134388.47619047618,1001
decode,mixed_id_after_1460,core,10,24,2820110,117504.58333333333,1001
decode,mixed_id_after_1460,simd,10,25,2955810,118232.4,1001
decode,mixed_id_after_1460,core,11,24,2848008,118667,1001
decode,mixed_id_after_1460,fused,11,22,2993401,136063.68181818182,1001
decode,mixed_id_after_1460,combined,11,38,3012651,79280.28947368421,1001
decode,mixed_id_after_1460,simd,11,25,2903468,116138.72,1001
decode,mixed_id_after_1460,baseline,11,21,2820041,134287.66666666666,1001
decode,mixed_id_after_1460,combined,12,38,2964969,78025.5,1001
decode,mixed_id_after_1460,baseline,12,21,2738053,130383.47619047618,1001
decode,mixed_id_after_1460,core,12,24,2862748,119281.16666666667,1001
decode,mixed_id_after_1460,simd,12,25,3022536,120901.44,1001
decode,mixed_id_after_1460,fused,12,22,2945034,133865.18181818182,1001
decode,mixed_id_after_1460,core,13,24,2853096,118879,1001
decode,mixed_id_after_1460,fused,13,22,2907535,132160.68181818182,1001
decode,mixed_id_after_1460,baseline,13,21,2753765,131131.66666666666,1001
decode,mixed_id_after_1460,simd,13,25,2928214,117128.56,1001
decode,mixed_id_after_1460,combined,13,38,2929059,77080.5,1001
decode,mixed_id_after_1460,combined,14,38,2932864,77180.63157894737,1001
decode,mixed_id_after_1460,fused,14,22,2904877,132039.86363636365,1001
decode,mixed_id_after_1460,core,14,24,2846598,118608.25,1001
decode,mixed_id_after_1460,baseline,14,21,2777417,132257.95238095237,1001
decode,mixed_id_after_1460,simd,14,25,2918949,116757.96,1001
decode,mixed_id_after_1460,combined,15,38,2911811,76626.6052631579,1001
decode,mixed_id_after_1460,core,15,24,2847222,118634.25,1001
decode,mixed_id_after_1460,simd,15,25,2911848,116473.92,1001
decode,mixed_id_after_1460,baseline,15,21,2812082,133908.66666666666,1001
decode,mixed_id_after_1460,fused,15,22,2909158,132234.45454545456,1001
decode,mixed_id_after_1460,baseline,16,21,2812670,133936.66666666666,1001
decode,mixed_id_after_1460,simd,16,25,2922097,116883.88,1001
decode,mixed_id_after_1460,fused,16,22,2966299,134831.77272727274,1001
decode,mixed_id_after_1460,combined,16,38,3000009,78947.6052631579,1001
decode,mixed_id_after_1460,core,16,24,2843918,118496.58333333333,1001
decode,mixed_id_after_1460,baseline,17,21,2836537,135073.19047619047,1001
decode,mixed_id_after_1460,combined,17,38,2901106,76344.8947368421,1001
decode,mixed_id_after_1460,simd,17,25,2907386,116295.44,1001
decode,mixed_id_after_1460,fused,17,22,2939796,133627.0909090909,1001
decode,mixed_id_after_1460,core,17,24,2818467,117436.125,1001
decode,mixed_id_after_1460,simd,18,25,2923177,116927.08,1001
decode,mixed_id_after_1460,fused,18,22,2975955,135270.68181818182,1001
decode,mixed_id_after_1460,combined,18,38,2961928,77945.47368421052,1001
decode,mixed_id_after_1460,core,18,24,2820285,117511.875,1001
decode,mixed_id_after_1460,baseline,18,21,2785511,132643.38095238095,1001
decode,mixed_id_after_1460,core,19,24,2855705,118987.70833333333,1001
decode,mixed_id_after_1460,baseline,19,21,2758870,131374.7619047619,1001
decode,mixed_id_after_1460,fused,19,22,2925815,132991.5909090909,1001
decode,mixed_id_after_1460,simd,19,25,2903672,116146.88,1001
decode,mixed_id_after_1460,combined,19,38,2931312,77139.78947368421,1001
decode,mixed_id_after_1460,core,20,24,2874891,119787.125,1001
decode,mixed_id_after_1460,baseline,20,21,2785693,132652.04761904763,1001
decode,mixed_id_after_1460,combined,20,38,2917848,76785.47368421052,1001
decode,mixed_id_after_1460,fused,20,22,2975089,135231.31818181818,1001
decode,mixed_id_after_1460,simd,20,25,2914141,116565.64,1001
decode,mixed_id_after_1460,simd,21,25,2928759,117150.36,1001
decode,mixed_id_after_1460,combined,21,38,2920059,76843.65789473684,1001
decode,mixed_id_after_1460,baseline,21,21,2828123,134672.52380952382,1001
decode,mixed_id_after_1460,fused,21,22,2892098,131459,1001
decode,mixed_id_after_1460,core,21,24,2919055,121627.29166666667,1001
decode,mixed_id_after_1460,simd,22,25,2925570,117022.8,1001
decode,mixed_id_after_1460,combined,22,38,2980360,78430.52631578948,1001
decode,mixed_id_after_1460,core,22,24,2862791,119282.95833333333,1001
decode,mixed_id_after_1460,baseline,22,21,2746949,130807.09523809524,1001
decode,mixed_id_after_1460,fused,22,22,2935425,133428.4090909091,1001
decode,mixed_id_after_1460,combined,23,38,3028992,79710.31578947368,1001
decode,mixed_id_after_1460,core,23,24,2829740,117905.83333333333,1001
decode,mixed_id_after_1460,baseline,23,21,2793345,133016.42857142858,1001
decode,mixed_id_after_1460,simd,23,25,2972141,118885.64,1001
decode,mixed_id_after_1460,fused,23,22,2904034,132001.54545454544,1001
decode,mixed_id_after_1460,fused,24,22,2894149,131552.22727272726,1001
decode,mixed_id_after_1460,core,24,24,2821368,117557,1001
decode,mixed_id_after_1460,baseline,24,21,2775193,132152.04761904763,1001
decode,mixed_id_after_1460,combined,24,38,2921562,76883.21052631579,1001
decode,mixed_id_after_1460,simd,24,25,2909734,116389.36,1001
decode,mixed_id_after_1460,fused,25,22,2923150,132870.45454545456,1001
decode,mixed_id_after_1460,combined,25,38,2951827,77679.65789473684,1001
decode,mixed_id_after_1460,core,25,24,2829168,117882,1001
decode,mixed_id_after_1460,simd,25,25,2926026,117041.04,1001
decode,mixed_id_after_1460,baseline,25,21,2797660,133221.90476190476,1001
decode,mixed_id_after_1460,baseline,26,21,2724640,129744.76190476191,1001
decode,mixed_id_after_1460,simd,26,25,2962992,118519.68,1001
decode,mixed_id_after_1460,fused,26,22,3026565,137571.13636363635,1001
decode,mixed_id_after_1460,core,26,24,2896726,120696.91666666667,1001
decode,mixed_id_after_1460,combined,26,38,2926271,77007.13157894737,1001
decode,mixed_id_after_1460,core,27,24,2898521,120771.70833333333,1001
decode,mixed_id_after_1460,fused,27,22,2994155,136097.95454545456,1001
decode,mixed_id_after_1460,baseline,27,21,2814141,134006.7142857143,1001
decode,mixed_id_after_1460,combined,27,38,2988201,78636.86842105263,1001
decode,mixed_id_after_1460,simd,27,25,2907770,116310.8,1001
decode,mixed_id_after_1460,fused,28,22,2946738,133942.63636363635,1001
decode,mixed_id_after_1460,combined,28,38,3000762,78967.42105263157,1001
decode,mixed_id_after_1460,simd,28,25,2935504,117420.16,1001
decode,mixed_id_after_1460,baseline,28,21,2836755,135083.57142857142,1001
decode,mixed_id_after_1460,core,28,24,2860504,119187.66666666667,1001
decode,mixed_id_after_1460,simd,29,25,2940378,117615.12,1001
decode,mixed_id_after_1460,core,29,24,2925539,121897.45833333333,1001
decode,mixed_id_after_1460,fused,29,22,2945965,133907.5,1001
decode,mixed_id_after_1460,combined,29,38,2920251,76848.71052631579,1001
decode,mixed_id_after_1460,baseline,29,21,2845811,135514.80952380953,1001
decode,mixed_id_after_1460,combined,30,38,2913055,76659.34210526316,1001
decode,mixed_id_after_1460,core,30,24,2850304,118762.66666666667,1001
decode,mixed_id_after_1460,simd,30,25,2965400,118616,1001
decode,mixed_id_after_1460,fused,30,22,2960038,134547.18181818182,1001
decode,mixed_id_after_1460,baseline,30,21,2828012,134667.2380952381,1001
decode_json,mixed_id_after_1460,baseline,0,2,2185154,1092577,1001
decode_json,mixed_id_after_1460,core,0,2,2127687,1063843.5,1001
decode_json,mixed_id_after_1460,combined,0,2,2227656,1113828,1001
decode_json,mixed_id_after_1460,fused,0,2,2227024,1113512,1001
decode_json,mixed_id_after_1460,json_only,0,3,2735316,911772,1001
decode_json,mixed_id_after_1460,simd,0,2,2175239,1087619.5,1001
decode_json,mixed_id_after_1460,combined,1,2,2022957,1011478.5,1001
decode_json,mixed_id_after_1460,simd,1,2,2149369,1074684.5,1001
decode_json,mixed_id_after_1460,baseline,1,2,2169992,1084996,1001
decode_json,mixed_id_after_1460,json_only,1,3,2727708,909236,1001
decode_json,mixed_id_after_1460,core,1,2,2189019,1094509.5,1001
decode_json,mixed_id_after_1460,fused,1,2,2182680,1091340,1001
decode_json,mixed_id_after_1460,core,2,2,2161476,1080738,1001
decode_json,mixed_id_after_1460,simd,2,2,2134098,1067049,1001
decode_json,mixed_id_after_1460,combined,2,2,2023081,1011540.5,1001
decode_json,mixed_id_after_1460,json_only,2,3,2738996,912998.6666666666,1001
decode_json,mixed_id_after_1460,fused,2,2,2223145,1111572.5,1001
decode_json,mixed_id_after_1460,baseline,2,2,2203966,1101983,1001
decode_json,mixed_id_after_1460,baseline,3,2,2172686,1086343,1001
decode_json,mixed_id_after_1460,json_only,3,3,2730337,910112.3333333334,1001
decode_json,mixed_id_after_1460,combined,3,2,2047708,1023854,1001
decode_json,mixed_id_after_1460,fused,3,2,2190568,1095284,1001
decode_json,mixed_id_after_1460,core,3,2,2201358,1100679,1001
decode_json,mixed_id_after_1460,simd,3,2,2158846,1079423,1001
decode_json,mixed_id_after_1460,json_only,4,3,2733299,911099.6666666666,1001
decode_json,mixed_id_after_1460,simd,4,2,2196295,1098147.5,1001
decode_json,mixed_id_after_1460,fused,4,2,2169946,1084973,1001
decode_json,mixed_id_after_1460,combined,4,2,2031234,1015617,1001
decode_json,mixed_id_after_1460,core,4,2,2133582,1066791,1001
decode_json,mixed_id_after_1460,baseline,4,2,2189087,1094543.5,1001
decode_json,mixed_id_after_1460,simd,5,2,2141752,1070876,1001
decode_json,mixed_id_after_1460,baseline,5,2,2204000,1102000,1001
decode_json,mixed_id_after_1460,json_only,5,3,2761299,920433,1001
decode_json,mixed_id_after_1460,core,5,2,2169003,1084501.5,1001
decode_json,mixed_id_after_1460,fused,5,2,2180459,1090229.5,1001
decode_json,mixed_id_after_1460,combined,5,2,2068473,1034236.5,1001
decode_json,mixed_id_after_1460,baseline,6,2,2167082,1083541,1001
decode_json,mixed_id_after_1460,json_only,6,3,2731464,910488,1001
decode_json,mixed_id_after_1460,simd,6,2,2164109,1082054.5,1001
decode_json,mixed_id_after_1460,fused,6,2,2217817,1108908.5,1001
decode_json,mixed_id_after_1460,core,6,2,2149189,1074594.5,1001
decode_json,mixed_id_after_1460,combined,6,2,2033986,1016993,1001
decode_json,mixed_id_after_1460,fused,7,2,2213773,1106886.5,1001
decode_json,mixed_id_after_1460,combined,7,2,2023806,1011903,1001
decode_json,mixed_id_after_1460,simd,7,2,2130735,1065367.5,1001
decode_json,mixed_id_after_1460,json_only,7,3,2738858,912952.6666666666,1001
decode_json,mixed_id_after_1460,baseline,7,2,2198391,1099195.5,1001
decode_json,mixed_id_after_1460,core,7,2,2165730,1082865,1001
decode_json,mixed_id_after_1460,baseline,8,2,2180501,1090250.5,1001
decode_json,mixed_id_after_1460,core,8,2,2130511,1065255.5,1001
decode_json,mixed_id_after_1460,combined,8,2,2036202,1018101,1001
decode_json,mixed_id_after_1460,fused,8,2,2178794,1089397,1001
decode_json,mixed_id_after_1460,simd,8,2,2133931,1066965.5,1001
decode_json,mixed_id_after_1460,json_only,8,3,2741041,913680.3333333334,1001
decode_json,mixed_id_after_1460,core,9,2,2204887,1102443.5,1001
decode_json,mixed_id_after_1460,simd,9,2,2148123,1074061.5,1001
decode_json,mixed_id_after_1460,baseline,9,2,2189970,1094985,1001
decode_json,mixed_id_after_1460,combined,9,2,2073122,1036561,1001
decode_json,mixed_id_after_1460,fused,9,2,2238125,1119062.5,1001
decode_json,mixed_id_after_1460,json_only,9,3,2912914,970971.3333333334,1001
decode_json,mixed_id_after_1460,simd,10,2,2893149,1446574.5,1001
decode_json,mixed_id_after_1460,baseline,10,2,2751930,1375965,1001
decode_json,mixed_id_after_1460,combined,10,2,2619026,1309513,1001
decode_json,mixed_id_after_1460,json_only,10,3,3648796,1216265.3333333333,1001
decode_json,mixed_id_after_1460,core,10,2,3057437,1528718.5,1001
decode_json,mixed_id_after_1460,fused,10,2,2779701,1389850.5,1001
decode_json,mixed_id_after_1460,combined,11,2,2892492,1446246,1001
decode_json,mixed_id_after_1460,fused,11,2,3118132,1559066,1001
decode_json,mixed_id_after_1460,json_only,11,3,3787380,1262460,1001
decode_json,mixed_id_after_1460,baseline,11,2,2750377,1375188.5,1001
decode_json,mixed_id_after_1460,simd,11,2,2849262,1424631,1001
decode_json,mixed_id_after_1460,core,11,2,2720976,1360488,1001
decode_json,mixed_id_after_1460,json_only,12,3,3363872,1121290.6666666667,1001
decode_json,mixed_id_after_1460,combined,12,2,3100766,1550383,1001
decode_json,mixed_id_after_1460,simd,12,2,3008148,1504074,1001
decode_json,mixed_id_after_1460,core,12,2,3024863,1512431.5,1001
decode_json,mixed_id_after_1460,baseline,12,2,2816582,1408291,1001
decode_json,mixed_id_after_1460,fused,12,2,3068088,1534044,1001
decode_json,mixed_id_after_1460,fused,13,2,3160177,1580088.5,1001
decode_json,mixed_id_after_1460,baseline,13,2,3061877,1530938.5,1001
decode_json,mixed_id_after_1460,simd,13,2,3132116,1566058,1001
decode_json,mixed_id_after_1460,json_only,13,3,4664548,1554849.3333333333,1001
decode_json,mixed_id_after_1460,core,13,2,4129531,2064765.5,1001
decode_json,mixed_id_after_1460,combined,13,2,3476035,1738017.5,1001
decode_json,mixed_id_after_1460,fused,14,2,3529371,1764685.5,1001
decode_json,mixed_id_after_1460,core,14,2,3779039,1889519.5,1001
decode_json,mixed_id_after_1460,combined,14,2,3486428,1743214,1001
decode_json,mixed_id_after_1460,json_only,14,3,4356618,1452206,1001
decode_json,mixed_id_after_1460,baseline,14,2,3501214,1750607,1001
decode_json,mixed_id_after_1460,simd,14,2,3387835,1693917.5,1001
decode_json,mixed_id_after_1460,core,15,2,3215862,1607931,1001
decode_json,mixed_id_after_1460,json_only,15,3,4056658,1352219.3333333333,1001
decode_json,mixed_id_after_1460,fused,15,2,3918553,1959276.5,1001
decode_json,mixed_id_after_1460,simd,15,2,3384084,1692042,1001
decode_json,mixed_id_after_1460,combined,15,2,3027282,1513641,1001
decode_json,mixed_id_after_1460,baseline,15,2,3158937,1579468.5,1001
decode_json,mixed_id_after_1460,baseline,16,2,3399765,1699882.5,1001
decode_json,mixed_id_after_1460,combined,16,2,2528310,1264155,1001
decode_json,mixed_id_after_1460,core,16,2,2595230,1297615,1001
decode_json,mixed_id_after_1460,fused,16,2,2527134,1263567,1001
decode_json,mixed_id_after_1460,json_only,16,3,3049998,1016666,1001
decode_json,mixed_id_after_1460,simd,16,2,2349284,1174642,1001
decode_json,mixed_id_after_1460,combined,17,2,2124601,1062300.5,1001
decode_json,mixed_id_after_1460,baseline,17,2,2314764,1157382,1001
decode_json,mixed_id_after_1460,simd,17,2,2276248,1138124,1001
decode_json,mixed_id_after_1460,fused,17,2,2385999,1192999.5,1001
decode_json,mixed_id_after_1460,json_only,17,3,3047821,1015940.3333333334,1001
decode_json,mixed_id_after_1460,core,17,2,2455169,1227584.5,1001
decode_json,mixed_id_after_1460,baseline,18,2,2536431,1268215.5,1001
decode_json,mixed_id_after_1460,combined,18,2,2779161,1389580.5,1001
decode_json,mixed_id_after_1460,fused,18,2,2629482,1314741,1001
decode_json,mixed_id_after_1460,simd,18,2,2575297,1287648.5,1001
decode_json,mixed_id_after_1460,core,18,2,2615803,1307901.5,1001
decode_json,mixed_id_after_1460,json_only,18,3,3264656,1088218.6666666667,1001
decode_json,mixed_id_after_1460,json_only,19,3,3227266,1075755.3333333333,1001
decode_json,mixed_id_after_1460,core,19,2,2613120,1306560,1001
decode_json,mixed_id_after_1460,baseline,19,2,2540428,1270214,1001
decode_json,mixed_id_after_1460,combined,19,2,2354687,1177343.5,1001
decode_json,mixed_id_after_1460,simd,19,2,2505267,1252633.5,1001
decode_json,mixed_id_after_1460,fused,19,2,2767880,1383940,1001
decode_json,mixed_id_after_1460,baseline,20,2,2569585,1284792.5,1001
decode_json,mixed_id_after_1460,core,20,2,2739904,1369952,1001
decode_json,mixed_id_after_1460,json_only,20,3,3104653,1034884.3333333334,1001
decode_json,mixed_id_after_1460,combined,20,2,2201152,1100576,1001
decode_json,mixed_id_after_1460,simd,20,2,2224793,1112396.5,1001
decode_json,mixed_id_after_1460,fused,20,2,2222480,1111240,1001
decode_json,mixed_id_after_1460,fused,21,2,2226017,1113008.5,1001
decode_json,mixed_id_after_1460,combined,21,2,2058174,1029087,1001
decode_json,mixed_id_after_1460,core,21,2,2257618,1128809,1001
decode_json,mixed_id_after_1460,json_only,21,3,2938197,979399,1001
decode_json,mixed_id_after_1460,baseline,21,2,2325068,1162534,1001
decode_json,mixed_id_after_1460,simd,21,2,2213289,1106644.5,1001
decode_json,mixed_id_after_1460,json_only,22,3,2783589,927863,1001
decode_json,mixed_id_after_1460,core,22,2,2142872,1071436,1001
decode_json,mixed_id_after_1460,baseline,22,2,2183984,1091992,1001
decode_json,mixed_id_after_1460,simd,22,2,2148866,1074433,1001
decode_json,mixed_id_after_1460,fused,22,2,2207766,1103883,1001
decode_json,mixed_id_after_1460,combined,22,2,2039694,1019847,1001
decode_json,mixed_id_after_1460,simd,23,2,2135730,1067865,1001
decode_json,mixed_id_after_1460,core,23,2,2161077,1080538.5,1001
decode_json,mixed_id_after_1460,fused,23,2,2183103,1091551.5,1001
decode_json,mixed_id_after_1460,combined,23,2,2070656,1035328,1001
decode_json,mixed_id_after_1460,json_only,23,3,2745813,915271,1001
decode_json,mixed_id_after_1460,baseline,23,2,2193736,1096868,1001
decode_json,mixed_id_after_1460,fused,24,2,2203728,1101864,1001
decode_json,mixed_id_after_1460,core,24,2,2173105,1086552.5,1001
decode_json,mixed_id_after_1460,simd,24,2,2165757,1082878.5,1001
decode_json,mixed_id_after_1460,json_only,24,3,2757951,919317,1001
decode_json,mixed_id_after_1460,combined,24,2,2051245,1025622.5,1001
decode_json,mixed_id_after_1460,baseline,24,2,2179205,1089602.5,1001
decode_json,mixed_id_after_1460,fused,25,2,2206119,1103059.5,1001
decode_json,mixed_id_after_1460,core,25,2,2163842,1081921,1001
decode_json,mixed_id_after_1460,simd,25,2,2153814,1076907,1001
decode_json,mixed_id_after_1460,baseline,25,2,2187439,1093719.5,1001
decode_json,mixed_id_after_1460,json_only,25,3,2721334,907111.3333333334,1001
decode_json,mixed_id_after_1460,combined,25,2,2071696,1035848,1001
decode_json,mixed_id_after_1460,core,26,2,2142773,1071386.5,1001
decode_json,mixed_id_after_1460,combined,26,2,2026878,1013439,1001
decode_json,mixed_id_after_1460,baseline,26,2,2224139,1112069.5,1001
decode_json,mixed_id_after_1460,fused,26,2,2201204,1100602,1001
decode_json,mixed_id_after_1460,simd,26,2,2135875,1067937.5,1001
decode_json,mixed_id_after_1460,json_only,26,3,2757975,919325,1001
decode_json,mixed_id_after_1460,json_only,27,3,2735866,911955.3333333334,1001
decode_json,mixed_id_after_1460,core,27,2,2148166,1074083,1001
decode_json,mixed_id_after_1460,combined,27,2,2029456,1014728,1001
decode_json,mixed_id_after_1460,baseline,27,2,2206712,1103356,1001
decode_json,mixed_id_after_1460,simd,27,2,2152942,1076471,1001
decode_json,mixed_id_after_1460,fused,27,2,2168693,1084346.5,1001
decode_json,mixed_id_after_1460,fused,28,2,2174786,1087393,1001
decode_json,mixed_id_after_1460,simd,28,2,2171988,1085994,1001
decode_json,mixed_id_after_1460,json_only,28,3,2751833,917277.6666666666,1001
decode_json,mixed_id_after_1460,core,28,2,2166554,1083277,1001
decode_json,mixed_id_after_1460,baseline,28,2,2203143,1101571.5,1001
decode_json,mixed_id_after_1460,combined,28,2,2054303,1027151.5,1001
decode_json,mixed_id_after_1460,simd,29,2,2161244,1080622,1001
decode_json,mixed_id_after_1460,json_only,29,3,2752893,917631,1001
decode_json,mixed_id_after_1460,baseline,29,2,2186317,1093158.5,1001
decode_json,mixed_id_after_1460,core,29,2,2137316,1068658,1001
decode_json,mixed_id_after_1460,combined,29,2,2026726,1013363,1001
decode_json,mixed_id_after_1460,fused,29,2,2231367,1115683.5,1001
decode_json,mixed_id_after_1460,combined,30,2,2113581,1056790.5,1001
decode_json,mixed_id_after_1460,json_only,30,3,2727636,909212,1001
decode_json,mixed_id_after_1460,baseline,30,2,2174317,1087158.5,1001
decode_json,mixed_id_after_1460,simd,30,2,2132013,1066006.5,1001
decode_json,mixed_id_after_1460,fused,30,2,2168558,1084279,1001
decode_json,mixed_id_after_1460,core,30,2,2133599,1066799.5,1001
encode,mixed_id_after_1460,direct,0,8,2653445,331680.625,1001
encode,mixed_id_after_1460,baseline,0,6,2759650,459941.6666666667,1001
encode,mixed_id_after_1460,reserved,0,8,2985404,373175.5,1001
encode,mixed_id_after_1460,reserved,1,8,2945146,368143.25,1001
encode,mixed_id_after_1460,direct,1,8,2858621,357327.625,1001
encode,mixed_id_after_1460,baseline,1,6,2719333,453222.1666666667,1001
encode,mixed_id_after_1460,reserved,2,8,3008136,376017,1001
encode,mixed_id_after_1460,direct,2,8,2724443,340555.375,1001
encode,mixed_id_after_1460,baseline,2,6,2743096,457182.6666666667,1001
encode,mixed_id_after_1460,direct,3,8,2707557,338444.625,1001
encode,mixed_id_after_1460,baseline,3,6,2713524,452254,1001
encode,mixed_id_after_1460,reserved,3,8,2912327,364040.875,1001
encode,mixed_id_after_1460,direct,4,8,2688075,336009.375,1001
encode,mixed_id_after_1460,reserved,4,8,2908719,363589.875,1001
encode,mixed_id_after_1460,baseline,4,6,2766770,461128.3333333333,1001
encode,mixed_id_after_1460,reserved,5,8,2884242,360530.25,1001
encode,mixed_id_after_1460,direct,5,8,2674704,334338,1001
encode,mixed_id_after_1460,baseline,5,6,2748210,458035,1001
encode,mixed_id_after_1460,baseline,6,6,2736618,456103,1001
encode,mixed_id_after_1460,reserved,6,8,2889259,361157.375,1001
encode,mixed_id_after_1460,direct,6,8,2812911,351613.875,1001
encode,mixed_id_after_1460,baseline,7,6,2700943,450157.1666666667,1001
encode,mixed_id_after_1460,direct,7,8,2698816,337352,1001
encode,mixed_id_after_1460,reserved,7,8,2873129,359141.125,1001
encode,mixed_id_after_1460,reserved,8,8,2838853,354856.625,1001
encode,mixed_id_after_1460,baseline,8,6,2728106,454684.3333333333,1001
encode,mixed_id_after_1460,direct,8,8,2679108,334888.5,1001
encode,mixed_id_after_1460,baseline,9,6,2732850,455475,1001
encode,mixed_id_after_1460,reserved,9,8,2952743,369092.875,1001
encode,mixed_id_after_1460,direct,9,8,2736101,342012.625,1001
encode,mixed_id_after_1460,direct,10,8,2728286,341035.75,1001
encode,mixed_id_after_1460,reserved,10,8,2914015,364251.875,1001
encode,mixed_id_after_1460,baseline,10,6,2704841,450806.8333333333,1001
encode,mixed_id_after_1460,reserved,11,8,2967416,370927,1001
encode,mixed_id_after_1460,direct,11,8,3110102,388762.75,1001
encode,mixed_id_after_1460,baseline,11,6,3823272,637212,1001
encode,mixed_id_after_1460,baseline,12,6,2718479,453079.8333333333,1001
encode,mixed_id_after_1460,reserved,12,8,2832527,354065.875,1001
encode,mixed_id_after_1460,direct,12,8,2662397,332799.625,1001
encode,mixed_id_after_1460,reserved,13,8,2826239,353279.875,1001
encode,mixed_id_after_1460,direct,13,8,2668809,333601.125,1001
encode,mixed_id_after_1460,baseline,13,6,2693619,448936.5,1001
encode,mixed_id_after_1460,reserved,14,8,2952157,369019.625,1001
encode,mixed_id_after_1460,baseline,14,6,2717204,452867.3333333333,1001
encode,mixed_id_after_1460,direct,14,8,2750261,343782.625,1001
encode,mixed_id_after_1460,reserved,15,8,2981065,372633.125,1001
encode,mixed_id_after_1460,direct,15,8,2676526,334565.75,1001
encode,mixed_id_after_1460,baseline,15,6,2730184,455030.6666666667,1001
encode,mixed_id_after_1460,direct,16,8,2845416,355677,1001
encode,mixed_id_after_1460,reserved,16,8,2964811,370601.375,1001
encode,mixed_id_after_1460,baseline,16,6,2709551,451591.8333333333,1001
encode,mixed_id_after_1460,reserved,17,8,2894245,361780.625,1001
encode,mixed_id_after_1460,baseline,17,6,2735210,455868.3333333333,1001
encode,mixed_id_after_1460,direct,17,8,2710743,338842.875,1001
encode,mixed_id_after_1460,reserved,18,8,2875494,359436.75,1001
encode,mixed_id_after_1460,direct,18,8,2731271,341408.875,1001
encode,mixed_id_after_1460,baseline,18,6,2743687,457281.1666666667,1001
encode,mixed_id_after_1460,direct,19,8,2665246,333155.75,1001
encode,mixed_id_after_1460,baseline,19,6,2757863,459643.8333333333,1001
encode,mixed_id_after_1460,reserved,19,8,2850871,356358.875,1001
encode,mixed_id_after_1460,baseline,20,6,2679907,446651.1666666667,1001
encode,mixed_id_after_1460,reserved,20,8,2965744,370718,1001
encode,mixed_id_after_1460,direct,20,8,2750864,343858,1001
encode,mixed_id_after_1460,reserved,21,8,2988753,373594.125,1001
encode,mixed_id_after_1460,direct,21,8,2743453,342931.625,1001
encode,mixed_id_after_1460,baseline,21,6,2715148,452524.6666666667,1001
encode,mixed_id_after_1460,direct,22,8,2706626,338328.25,1001
encode,mixed_id_after_1460,reserved,22,8,2862379,357797.375,1001
encode,mixed_id_after_1460,baseline,22,6,2754663,459110.5,1001
encode,mixed_id_after_1460,baseline,23,6,2744103,457350.5,1001
encode,mixed_id_after_1460,direct,23,8,2735808,341976,1001
encode,mixed_id_after_1460,reserved,23,8,2987112,373389,1001
encode,mixed_id_after_1460,direct,24,8,2701788,337723.5,1001
encode,mixed_id_after_1460,reserved,24,8,2871923,358990.375,1001
encode,mixed_id_after_1460,baseline,24,6,2788374,464729,1001
encode,mixed_id_after_1460,reserved,25,8,3031371,378921.375,1001
encode,mixed_id_after_1460,baseline,25,6,2721800,453633.3333333333,1001
encode,mixed_id_after_1460,direct,25,8,2734018,341752.25,1001
encode,mixed_id_after_1460,direct,26,8,2703200,337900,1001
encode,mixed_id_after_1460,reserved,26,8,2858480,357310,1001
encode,mixed_id_after_1460,baseline,26,6,2720720,453453.3333333333,1001
encode,mixed_id_after_1460,reserved,27,8,2810110,351263.75,1001
encode,mixed_id_after_1460,direct,27,8,2696191,337023.875,1001
encode,mixed_id_after_1460,baseline,27,6,2713905,452317.5,1001
encode,mixed_id_after_1460,reserved,28,8,2966123,370765.375,1001
encode,mixed_id_after_1460,baseline,28,6,2689388,448231.3333333333,1001
encode,mixed_id_after_1460,direct,28,8,2685736,335717,1001
encode,mixed_id_after_1460,baseline,29,6,2722885,453814.1666666667,1001
encode,mixed_id_after_1460,direct,29,8,2676481,334560.125,1001
encode,mixed_id_after_1460,reserved,29,8,2996250,374531.25,1001
encode,mixed_id_after_1460,reserved,30,8,2963356,370419.5,1001
encode,mixed_id_after_1460,baseline,30,6,2694231,449038.5,1001
encode,mixed_id_after_1460,direct,30,8,2703885,337985.625,1001
decode,mixed_meta_before_event,core,0,19,2869616,151032.42105263157,1001
decode,mixed_meta_before_event,combined,0,30,2877587,95919.56666666667,1001
decode,mixed_meta_before_event,baseline,0,19,2938204,154642.31578947368,1001
decode,mixed_meta_before_event,fused,0,19,2958842,155728.52631578947,1001
decode,mixed_meta_before_event,simd,0,21,2944148,140197.52380952382,1001
decode,mixed_meta_before_event,core,1,19,2922823,153832.7894736842,1001
decode,mixed_meta_before_event,baseline,1,19,2999090,157846.84210526315,1001
decode,mixed_meta_before_event,simd,1,21,2951602,140552.47619047618,1001
decode,mixed_meta_before_event,fused,1,19,2911101,153215.84210526315,1001
decode,mixed_meta_before_event,combined,1,30,2898983,96632.76666666666,1001
decode,mixed_meta_before_event,core,2,19,2894110,152321.57894736843,1001
decode,mixed_meta_before_event,fused,2,19,2921944,153786.52631578947,1001
decode,mixed_meta_before_event,baseline,2,19,3007652,158297.47368421053,1001
decode,mixed_meta_before_event,simd,2,21,3031591,144361.47619047618,1001
decode,mixed_meta_before_event,combined,2,30,2881944,96064.8,1001
decode,mixed_meta_before_event,baseline,3,19,2966331,156122.68421052632,1001
decode,mixed_meta_before_event,fused,3,19,2904599,152873.63157894736,1001
decode,mixed_meta_before_event,combined,3,30,2883831,96127.7,1001
decode,mixed_meta_before_event,core,3,19,2916780,153514.73684210525,1001
decode,mixed_meta_before_event,simd,3,21,2964577,141170.33333333334,1001
decode,mixed_meta_before_event,baseline,4,19,2933095,154373.42105263157,1001
decode,mixed_meta_before_event,simd,4,21,3001472,142927.2380952381,1001
decode,mixed_meta_before_event,combined,4,30,2880514,96017.13333333333,1001
decode,mixed_meta_before_event,fused,4,19,2920511,153711.1052631579,1001
decode,mixed_meta_before_event,core,4,19,2907445,153023.42105263157,1001
decode,mixed_meta_before_event,simd,5,21,2973451,141592.90476190476,1001
decode,mixed_meta_before_event,fused,5,19,2896755,152460.7894736842,1001
decode,mixed_meta_before_event,baseline,5,19,3082916,162258.73684210525,1001
decode,mixed_meta_before_event,combined,5,30,2858312,95277.06666666667,1001
decode,mixed_meta_before_event,core,5,19,2906288,152962.52631578947,1001
decode,mixed_meta_before_event,simd,6,21,2977952,141807.2380952381,1001
decode,mixed_meta_before_event,fused,6,19,2938153,154639.63157894736,1001
decode,mixed_meta_before_event,baseline,6,19,2975780,156620,1001
decode,mixed_meta_before_event,core,6,19,2924554,153923.8947368421,1001
decode,mixed_meta_before_event,combined,6,30,2867232,95574.4,1001
decode,mixed_meta_before_event,simd,7,21,2959639,140935.19047619047,1001
decode,mixed_meta_before_event,core,7,19,2853858,150203.05263157896,1001
decode,mixed_meta_before_event,combined,7,30,2890755,96358.5,1001
decode,mixed_meta_before_event,baseline,7,19,3020016,158948.2105263158,1001
decode,mixed_meta_before_event,fused,7,19,2876564,151398.1052631579,1001
decode,mixed_meta_before_event,combined,8,30,2904513,96817.1,1001
decode,mixed_meta_before_event,baseline,8,19,3082785,162251.84210526315,1001
decode,mixed_meta_before_event,core,8,19,2864022,150738,1001
decode,mixed_meta_before_event,simd,8,21,2962976,141094.09523809524,1001
decode,mixed_meta_before_event,fused,8,19,2941872,154835.36842105264,1001
decode,mixed_meta_before_event,fused,9,19,2961153,155850.15789473685,1001
decode,mixed_meta_before_event,combined,9,30,2866254,95541.8,1001
decode,mixed_meta_before_event,simd,9,21,2972674,141555.90476190476,1001
decode,mixed_meta_before_event,core,9,19,2899471,152603.73684210525,1001
decode,mixed_meta_before_event,baseline,9,19,2964297,156015.63157894736,1001
decode,mixed_meta_before_event,combined,10,30,2924636,97487.86666666667,1001
decode,mixed_meta_before_event,fused,10,19,2973528,156501.47368421053,1001
decode,mixed_meta_before_event,baseline,10,19,3017242,158802.2105263158,1001
decode,mixed_meta_before_event,core,10,19,2921189,153746.7894736842,1001
decode,mixed_meta_before_event,simd,10,21,2976920,141758.09523809524,1001
decode,mixed_meta_before_event,core,11,19,2909723,153143.31578947368,1001
decode,mixed_meta_before_event,fused,11,19,3026948,159313.05263157896,1001
decode,mixed_meta_before_event,combined,11,30,2897533,96584.43333333333,1001
decode,mixed_meta_before_event,simd,11,21,2962582,141075.33333333334,1001
decode,mixed_meta_before_event,baseline,11,19,2952092,155373.26315789475,1001
decode,mixed_meta_before_event,combined,12,30,2876488,95882.93333333333,1001
decode,mixed_meta_before_event,baseline,12,19,2926394,154020.73684210525,1001
decode,mixed_meta_before_event,core,12,19,2880574,151609.15789473685,1001
decode,mixed_meta_before_event,simd,12,21,3029511,144262.42857142858,1001
decode,mixed_meta_before_event,fused,12,19,2905505,152921.31578947368,1001
decode,mixed_meta_before_event,core,13,19,2855594,150294.42105263157,1001
decode,mixed_meta_before_event,fused,13,19,2870114,151058.63157894736,1001
decode,mixed_meta_before_event,baseline,13,19,2938491,154657.42105263157,1001
decode,mixed_meta_before_event,simd,13,21,2967381,141303.85714285713,1001
decode,mixed_meta_before_event,combined,13,30,2933137,97771.23333333334,1001
decode,mixed_meta_before_event,combined,14,30,2868392,95613.06666666667,1001
decode,mixed_meta_before_event,fused,14,19,2855294,150278.63157894736,1001
decode,mixed_meta_before_event,core,14,19,2871649,151139.42105263157,1001
decode,mixed_meta_before_event,baseline,14,19,2921674,153772.31578947368,1001
decode,mixed_meta_before_event,simd,14,21,2936544,139835.42857142858,1001
decode,mixed_meta_before_event,combined,15,30,2943034,98101.13333333333,1001
decode,mixed_meta_before_event,core,15,19,2882887,151730.8947368421,1001
decode,mixed_meta_before_event,simd,15,21,2928476,139451.2380952381,1001
decode,mixed_meta_before_event,baseline,15,19,2934172,154430.1052631579,1001
decode,mixed_meta_before_event,fused,15,19,2878566,151503.47368421053,1001
decode,mixed_meta_before_event,baseline,16,19,2899608,152610.94736842104,1001
decode,mixed_meta_before_event,simd,16,21,2981670,141984.2857142857,1001
decode,mixed_meta_before_event,fused,16,19,2957557,155660.8947368421,1001
decode,mixed_meta_before_event,combined,16,30,2903704,96790.13333333333,1001
decode,mixed_meta_before_event,core,16,19,2914465,153392.8947368421,1001
decode,mixed_meta_before_event,baseline,17,19,2973067,156477.2105263158,1001
decode,mixed_meta_before_event,combined,17,30,2884188,96139.6,1001
decode,mixed_meta_before_event,simd,17,21,2955806,140752.66666666666,1001
decode,mixed_meta_before_event,fused,17,19,3286685,172983.42105263157,1001
decode,mixed_meta_before_event,core,17,19,3061421,161127.42105263157,1001
decode,mixed_meta_before_event,simd,18,21,3051372,145303.42857142858,1001
decode,mixed_meta_before_event,fused,18,19,3018510,158868.94736842104,1001
decode,mixed_meta_before_event,combined,18,30,2914610,97153.66666666667,1001
decode,mixed_meta_before_event,core,18,19,2938954,154681.7894736842,1001
decode,mixed_meta_before_event,baseline,18,19,2987177,157219.84210526315,1001
decode,mixed_meta_before_event,core,19,19,2943340,154912.63157894736,1001
decode,mixed_meta_before_event,baseline,19,19,2930657,154245.1052631579,1001
decode,mixed_meta_before_event,fused,19,19,2900736,152670.31578947368,1001
decode,mixed_meta_before_event,simd,19,21,2948151,140388.14285714287,1001
decode,mixed_meta_before_event,combined,19,30,2903297,96776.56666666667,1001
decode,mixed_meta_before_event,core,20,19,2906324,152964.42105263157,1001
decode,mixed_meta_before_event,baseline,20,19,2971419,156390.47368421053,1001
decode,mixed_meta_before_event,combined,20,30,2876705,95890.16666666667,1001
decode,mixed_meta_before_event,fused,20,19,2887300,151963.15789473685,1001
decode,mixed_meta_before_event,simd,20,21,2967724,141320.19047619047,1001
decode,mixed_meta_before_event,simd,21,21,2953533,140644.42857142858,1001
decode,mixed_meta_before_event,combined,21,30,2874605,95820.16666666667,1001
decode,mixed_meta_before_event,baseline,21,19,3658677,192561.94736842104,1001
decode,mixed_meta_before_event,fused,21,19,3201997,168526.15789473685,1001
decode,mixed_meta_before_event,core,21,19,2875475,151340.7894736842,1001
decode,mixed_meta_before_event,simd,22,21,2942022,140096.2857142857,1001
decode,mixed_meta_before_event,combined,22,30,2876594,95886.46666666666,1001
decode,mixed_meta_before_event,core,22,19,2882055,151687.1052631579,1001
decode,mixed_meta_before_event,baseline,22,19,2971395,156389.2105263158,1001
decode,mixed_meta_before_event,fused,22,19,2943494,154920.73684210525,1001
decode,mixed_meta_before_event,combined,23,30,2868132,95604.4,1001
decode,mixed_meta_before_event,core,23,19,2862137,150638.7894736842,1001
decode,mixed_meta_before_event,baseline,23,19,2968037,156212.47368421053,1001
decode,mixed_meta_before_event,simd,23,21,3032941,144425.7619047619,1001
decode,mixed_meta_before_event,fused,23,19,2910753,153197.52631578947,1001
decode,mixed_meta_before_event,fused,24,19,2907250,153013.15789473685,1001
decode,mixed_meta_before_event,core,24,19,2913169,153324.68421052632,1001
decode,mixed_meta_before_event,baseline,24,19,2933766,154408.73684210525,1001
decode,mixed_meta_before_event,combined,24,30,2896286,96542.86666666667,1001
decode,mixed_meta_before_event,simd,24,21,2932305,139633.57142857142,1001
decode,mixed_meta_before_event,fused,25,19,3280437,172654.57894736843,1001
decode,mixed_meta_before_event,combined,25,30,2975169,99172.3,1001
decode,mixed_meta_before_event,core,25,19,3469667,182614.05263157896,1001
decode,mixed_meta_before_event,simd,25,21,3398162,161817.2380952381,1001
decode,mixed_meta_before_event,baseline,25,19,3818471,200972.15789473685,1001
decode,mixed_meta_before_event,baseline,26,19,3790878,199519.8947368421,1001
decode,mixed_meta_before_event,simd,26,21,3711614,176743.52380952382,1001
decode,mixed_meta_before_event,fused,26,19,3526775,185619.73684210525,1001
decode,mixed_meta_before_event,core,26,19,3899508,205237.26315789475,1001
decode,mixed_meta_before_event,combined,26,30,3700269,123342.3,1001
decode,mixed_meta_before_event,core,27,19,3947951,207786.8947368421,1001
decode,mixed_meta_before_event,fused,27,19,3918184,206220.2105263158,1001
decode,mixed_meta_before_event,baseline,27,19,4228976,222577.68421052632,1001
decode,mixed_meta_before_event,combined,27,30,3517862,117262.06666666667,1001
decode,mixed_meta_before_event,simd,27,21,3721238,177201.80952380953,1001
decode,mixed_meta_before_event,fused,28,19,4133236,217538.73684210525,1001
decode,mixed_meta_before_event,combined,28,30,3826661,127555.36666666667,1001
decode,mixed_meta_before_event,simd,28,21,5556457,264593.1904761905,1001
decode,mixed_meta_before_event,baseline,28,19,5027599,264610.4736842105,1001
decode,mixed_meta_before_event,core,28,19,5040742,265302.2105263158,1001
decode,mixed_meta_before_event,simd,29,21,4671115,222434.04761904763,1001
decode,mixed_meta_before_event,core,29,19,4524727,238143.52631578947,1001
decode,mixed_meta_before_event,fused,29,19,4714239,248117.84210526315,1001
decode,mixed_meta_before_event,combined,29,30,4480644,149354.8,1001
decode,mixed_meta_before_event,baseline,29,19,4494853,236571.2105263158,1001
decode,mixed_meta_before_event,combined,30,30,4136709,137890.3,1001
decode,mixed_meta_before_event,core,30,19,4947496,260394.52631578947,1001
decode,mixed_meta_before_event,simd,30,21,4759427,226639.38095238095,1001
decode,mixed_meta_before_event,fused,30,19,5066254,266644.94736842107,1001
decode,mixed_meta_before_event,baseline,30,19,5077440,267233.6842105263,1001
decode_json,mixed_meta_before_event,baseline,0,1,1278583,1278583,1001
decode_json,mixed_meta_before_event,core,0,2,2455659,1227829.5,1001
decode_json,mixed_meta_before_event,combined,0,2,2173337,1086668.5,1001
decode_json,mixed_meta_before_event,fused,0,2,2450949,1225474.5,1001
decode_json,mixed_meta_before_event,json_only,0,2,2105815,1052907.5,1001
decode_json,mixed_meta_before_event,simd,0,2,3016000,1508000,1001
decode_json,mixed_meta_before_event,combined,1,2,2710409,1355204.5,1001
decode_json,mixed_meta_before_event,simd,1,2,2972092,1486046,1001
decode_json,mixed_meta_before_event,baseline,1,1,1471409,1471409,1001
decode_json,mixed_meta_before_event,json_only,1,2,2395255,1197627.5,1001
decode_json,mixed_meta_before_event,core,1,2,2807976,1403988,1001
decode_json,mixed_meta_before_event,fused,1,2,2639247,1319623.5,1001
decode_json,mixed_meta_before_event,core,2,2,2645821,1322910.5,1001
decode_json,mixed_meta_before_event,simd,2,2,2468462,1234231,1001
decode_json,mixed_meta_before_event,combined,2,2,2801545,1400772.5,1001
decode_json,mixed_meta_before_event,json_only,2,2,2046179,1023089.5,1001
decode_json,mixed_meta_before_event,fused,2,2,2975478,1487739,1001
decode_json,mixed_meta_before_event,baseline,2,1,1271145,1271145,1001
decode_json,mixed_meta_before_event,baseline,3,1,1225237,1225237,1001
decode_json,mixed_meta_before_event,json_only,3,2,2015927,1007963.5,1001
decode_json,mixed_meta_before_event,combined,3,2,2271649,1135824.5,1001
decode_json,mixed_meta_before_event,fused,3,2,2328399,1164199.5,1001
decode_json,mixed_meta_before_event,core,3,2,2300712,1150356,1001
decode_json,mixed_meta_before_event,simd,3,2,2217295,1108647.5,1001
decode_json,mixed_meta_before_event,json_only,4,2,1858379,929189.5,1001
decode_json,mixed_meta_before_event,simd,4,2,2331308,1165654,1001
decode_json,mixed_meta_before_event,fused,4,2,2351714,1175857,1001
decode_json,mixed_meta_before_event,combined,4,2,2308785,1154392.5,1001
decode_json,mixed_meta_before_event,core,4,2,2328670,1164335,1001
decode_json,mixed_meta_before_event,baseline,4,1,1143152,1143152,1001
decode_json,mixed_meta_before_event,simd,5,2,2184621,1092310.5,1001
decode_json,mixed_meta_before_event,baseline,5,1,1138101,1138101,1001
decode_json,mixed_meta_before_event,json_only,5,2,1821080,910540,1001
decode_json,mixed_meta_before_event,core,5,2,2239436,1119718,1001
decode_json,mixed_meta_before_event,fused,5,2,2219507,1109753.5,1001
decode_json,mixed_meta_before_event,combined,5,2,2176389,1088194.5,1001
decode_json,mixed_meta_before_event,baseline,6,1,1154770,1154770,1001
decode_json,mixed_meta_before_event,json_only,6,2,1853993,926996.5,1001
decode_json,mixed_meta_before_event,simd,6,2,2271164,1135582,1001
decode_json,mixed_meta_before_event,fused,6,2,2280653,1140326.5,1001
decode_json,mixed_meta_before_event,core,6,2,2523662,1261831,1001
decode_json,mixed_meta_before_event,combined,6,2,2131649,1065824.5,1001
decode_json,mixed_meta_before_event,fused,7,2,2336037,1168018.5,1001
decode_json,mixed_meta_before_event,combined,7,2,2120437,1060218.5,1001
decode_json,mixed_meta_before_event,simd,7,2,2192256,1096128,1001
decode_json,mixed_meta_before_event,json_only,7,2,1838285,919142.5,1001
decode_json,mixed_meta_before_event,baseline,7,1,1105925,1105925,1001
decode_json,mixed_meta_before_event,core,7,2,2214337,1107168.5,1001
decode_json,mixed_meta_before_event,baseline,8,1,1106953,1106953,1001
decode_json,mixed_meta_before_event,core,8,2,2235659,1117829.5,1001
decode_json,mixed_meta_before_event,combined,8,2,2076503,1038251.5,1001
decode_json,mixed_meta_before_event,fused,8,2,2423315,1211657.5,1001
decode_json,mixed_meta_before_event,simd,8,2,2277426,1138713,1001
decode_json,mixed_meta_before_event,json_only,8,2,1882684,941342,1001
decode_json,mixed_meta_before_event,core,9,2,2373539,1186769.5,1001
decode_json,mixed_meta_before_event,simd,9,2,2300964,1150482,1001
decode_json,mixed_meta_before_event,baseline,9,1,1169073,1169073,1001
decode_json,mixed_meta_before_event,combined,9,2,2120094,1060047,1001
decode_json,mixed_meta_before_event,fused,9,2,2318487,1159243.5,1001
decode_json,mixed_meta_before_event,json_only,9,2,1823548,911774,1001
decode_json,mixed_meta_before_event,simd,10,2,2234553,1117276.5,1001
decode_json,mixed_meta_before_event,baseline,10,1,1117097,1117097,1001
decode_json,mixed_meta_before_event,combined,10,2,2058296,1029148,1001
decode_json,mixed_meta_before_event,json_only,10,2,2038772,1019386,1001
decode_json,mixed_meta_before_event,core,10,2,2257522,1128761,1001
decode_json,mixed_meta_before_event,fused,10,2,2206940,1103470,1001
decode_json,mixed_meta_before_event,combined,11,2,2139831,1069915.5,1001
decode_json,mixed_meta_before_event,fused,11,2,2224515,1112257.5,1001
decode_json,mixed_meta_before_event,json_only,11,2,1846736,923368,1001
decode_json,mixed_meta_before_event,baseline,11,1,1115503,1115503,1001
decode_json,mixed_meta_before_event,simd,11,2,2193345,1096672.5,1001
decode_json,mixed_meta_before_event,core,11,2,2191845,1095922.5,1001
decode_json,mixed_meta_before_event,json_only,12,2,1838378,919189,1001
decode_json,mixed_meta_before_event,combined,12,2,2066596,1033298,1001
decode_json,mixed_meta_before_event,simd,12,2,2318136,1159068,1001
decode_json,mixed_meta_before_event,core,12,2,2316861,1158430.5,1001
decode_json,mixed_meta_before_event,baseline,12,1,1108325,1108325,1001
decode_json,mixed_meta_before_event,fused,12,2,2283001,1141500.5,1001
decode_json,mixed_meta_before_event,fused,13,2,2252606,1126303,1001
decode_json,mixed_meta_before_event,baseline,13,1,1102458,1102458,1001
decode_json,mixed_meta_before_event,simd,13,2,2178945,1089472.5,1001
decode_json,mixed_meta_before_event,json_only,13,2,1819269,909634.5,1001
decode_json,mixed_meta_before_event,core,13,2,2227795,1113897.5,1001
decode_json,mixed_meta_before_event,combined,13,2,2086410,1043205,1001
decode_json,mixed_meta_before_event,fused,14,2,2248331,1124165.5,1001
decode_json,mixed_meta_before_event,core,14,2,2247615,1123807.5,1001
decode_json,mixed_meta_before_event,combined,14,2,2234312,1117156,1001
decode_json,mixed_meta_before_event,json_only,14,2,1870132,935066,1001
decode_json,mixed_meta_before_event,baseline,14,1,1128407,1128407,1001
decode_json,mixed_meta_before_event,simd,14,2,2222855,1111427.5,1001
decode_json,mixed_meta_before_event,core,15,2,2226712,1113356,1001
decode_json,mixed_meta_before_event,json_only,15,2,1850460,925230,1001
decode_json,mixed_meta_before_event,fused,15,2,2253253,1126626.5,1001
decode_json,mixed_meta_before_event,simd,15,2,2164838,1082419,1001
decode_json,mixed_meta_before_event,combined,15,2,2097449,1048724.5,1001
decode_json,mixed_meta_before_event,baseline,15,1,1127301,1127301,1001
decode_json,mixed_meta_before_event,baseline,16,1,1108417,1108417,1001
decode_json,mixed_meta_before_event,combined,16,2,2037487,1018743.5,1001
decode_json,mixed_meta_before_event,core,16,2,2381172,1190586,1001
decode_json,mixed_meta_before_event,fused,16,2,2302594,1151297,1001
decode_json,mixed_meta_before_event,json_only,16,2,1843604,921802,1001
decode_json,mixed_meta_before_event,simd,16,2,2216377,1108188.5,1001
decode_json,mixed_meta_before_event,combined,17,2,2079397,1039698.5,1001
decode_json,mixed_meta_before_event,baseline,17,1,1129135,1129135,1001
decode_json,mixed_meta_before_event,simd,17,2,2193678,1096839,1001
decode_json,mixed_meta_before_event,fused,17,2,2220733,1110366.5,1001
decode_json,mixed_meta_before_event,json_only,17,2,1823383,911691.5,1001
decode_json,mixed_meta_before_event,core,17,2,2227352,1113676,1001
decode_json,mixed_meta_before_event,baseline,18,1,1123284,1123284,1001
decode_json,mixed_meta_before_event,combined,18,2,2159316,1079658,1001
decode_json,mixed_meta_before_event,fused,18,2,2224680,1112340,1001
decode_json,mixed_meta_before_event,simd,18,2,2200887,1100443.5,1001
decode_json,mixed_meta_before_event,core,18,2,2202360,1101180,1001
decode_json,mixed_meta_before_event,json_only,18,2,1833680,916840,1001
decode_json,mixed_meta_before_event,json_only,19,2,1814215,907107.5,1001
decode_json,mixed_meta_before_event,core,19,2,2232459,1116229.5,1001
decode_json,mixed_meta_before_event,baseline,19,1,1105786,1105786,1001
decode_json,mixed_meta_before_event,combined,19,2,2077967,1038983.5,1001
decode_json,mixed_meta_before_event,simd,19,2,2440493,1220246.5,1001
decode_json,mixed_meta_before_event,fused,19,2,2225616,1112808,1001
decode_json,mixed_meta_before_event,baseline,20,1,1110469,1110469,1001
decode_json,mixed_meta_before_event,core,20,2,2273774,1136887,1001
decode_json,mixed_meta_before_event,json_only,20,2,1821391,910695.5,1001
decode_json,mixed_meta_before_event,combined,20,2,2085160,1042580,1001
decode_json,mixed_meta_before_event,simd,20,2,2172683,1086341.5,1001
decode_json,mixed_meta_before_event,fused,20,2,2247647,1123823.5,1001
decode_json,mixed_meta_before_event,fused,21,2,2219392,1109696,1001
decode_json,mixed_meta_before_event,combined,21,2,2080537,1040268.5,1001
decode_json,mixed_meta_before_event,core,21,2,2242415,1121207.5,1001
decode_json,mixed_meta_before_event,json_only,21,2,1973701,986850.5,1001
decode_json,mixed_meta_before_event,baseline,21,1,1178345,1178345,1001
decode_json,mixed_meta_before_event,simd,21,2,2199406,1099703,1001
decode_json,mixed_meta_before_event,json_only,22,2,1860839,930419.5,1001
decode_json,mixed_meta_before_event,core,22,2,2243380,1121690,1001
decode_json,mixed_meta_before_event,baseline,22,1,1110252,1110252,1001
decode_json,mixed_meta_before_event,simd,22,2,2198532,1099266,1001
decode_json,mixed_meta_before_event,fused,22,2,2263422,1131711,1001
decode_json,mixed_meta_before_event,combined,22,2,2089839,1044919.5,1001
decode_json,mixed_meta_before_event,simd,23,2,2179514,1089757,1001
decode_json,mixed_meta_before_event,core,23,2,2234717,1117358.5,1001
decode_json,mixed_meta_before_event,fused,23,2,2229206,1114603,1001
decode_json,mixed_meta_before_event,combined,23,2,2299678,1149839,1001
decode_json,mixed_meta_before_event,json_only,23,2,1865921,932960.5,1001
decode_json,mixed_meta_before_event,baseline,23,1,1110799,1110799,1001
decode_json,mixed_meta_before_event,fused,24,2,2274457,1137228.5,1001
decode_json,mixed_meta_before_event,core,24,2,2957599,1478799.5,1001
decode_json,mixed_meta_before_event,simd,24,2,3064281,1532140.5,1001
decode_json,mixed_meta_before_event,json_only,24,2,1828816,914408,1001
decode_json,mixed_meta_before_event,combined,24,2,2079858,1039929,1001
decode_json,mixed_meta_before_event,baseline,24,1,1120533,1120533,1001
decode_json,mixed_meta_before_event,fused,25,2,2247324,1123662,1001
decode_json,mixed_meta_before_event,core,25,2,2204449,1102224.5,1001
decode_json,mixed_meta_before_event,simd,25,2,2370866,1185433,1001
decode_json,mixed_meta_before_event,baseline,25,1,1135859,1135859,1001
decode_json,mixed_meta_before_event,json_only,25,2,1821171,910585.5,1001
decode_json,mixed_meta_before_event,combined,25,2,2074479,1037239.5,1001
decode_json,mixed_meta_before_event,core,26,2,2228295,1114147.5,1001
decode_json,mixed_meta_before_event,combined,26,2,2073292,1036646,1001
decode_json,mixed_meta_before_event,baseline,26,1,1130020,1130020,1001
decode_json,mixed_meta_before_event,fused,26,2,2209931,1104965.5,1001
decode_json,mixed_meta_before_event,simd,26,2,2173920,1086960,1001
decode_json,mixed_meta_before_event,json_only,26,2,1858585,929292.5,1001
decode_json,mixed_meta_before_event,json_only,27,2,1812791,906395.5,1001
decode_json,mixed_meta_before_event,core,27,2,2231874,1115937,1001
decode_json,mixed_meta_before_event,combined,27,2,2194998,1097499,1001
decode_json,mixed_meta_before_event,baseline,27,1,1155462,1155462,1001
decode_json,mixed_meta_before_event,simd,27,2,2188907,1094453.5,1001
decode_json,mixed_meta_before_event,fused,27,2,2292531,1146265.5,1001
decode_json,mixed_meta_before_event,fused,28,2,2229502,1114751,1001
decode_json,mixed_meta_before_event,simd,28,2,2210341,1105170.5,1001
decode_json,mixed_meta_before_event,json_only,28,2,1819234,909617,1001
decode_json,mixed_meta_before_event,core,28,2,2212909,1106454.5,1001
decode_json,mixed_meta_before_event,baseline,28,1,1124686,1124686,1001
decode_json,mixed_meta_before_event,combined,28,2,2087642,1043821,1001
decode_json,mixed_meta_before_event,simd,29,2,2181423,1090711.5,1001
decode_json,mixed_meta_before_event,json_only,29,2,1846628,923314,1001
decode_json,mixed_meta_before_event,baseline,29,1,1158911,1158911,1001
decode_json,mixed_meta_before_event,core,29,2,2409237,1204618.5,1001
decode_json,mixed_meta_before_event,combined,29,2,2062134,1031067,1001
decode_json,mixed_meta_before_event,fused,29,2,2264267,1132133.5,1001
decode_json,mixed_meta_before_event,combined,30,2,2066155,1033077.5,1001
decode_json,mixed_meta_before_event,json_only,30,2,1825577,912788.5,1001
decode_json,mixed_meta_before_event,baseline,30,1,1109617,1109617,1001
decode_json,mixed_meta_before_event,simd,30,2,2190582,1095291,1001
decode_json,mixed_meta_before_event,fused,30,2,2247698,1123849,1001
decode_json,mixed_meta_before_event,core,30,2,2228703,1114351.5,1001
decode,mixed_meta_before_1460,core,0,20,2900411,145020.55,1001
decode,mixed_meta_before_1460,combined,0,26,2568739,98797.65384615384,1001
decode,mixed_meta_before_1460,baseline,0,18,2911832,161768.44444444444,1001
decode,mixed_meta_before_1460,fused,0,18,2835168,157509.33333333334,1001
decode,mixed_meta_before_1460,simd,0,15,2354862,156990.8,1001
decode,mixed_meta_before_1460,core,1,20,2916416,145820.8,1001
decode,mixed_meta_before_1460,baseline,1,18,2912119,161784.38888888888,1001
decode,mixed_meta_before_1460,simd,1,15,2162917,144194.46666666667,1001
decode,mixed_meta_before_1460,fused,1,18,2903474,161304.11111111112,1001
decode,mixed_meta_before_1460,combined,1,26,2601539,100059.19230769231,1001
decode,mixed_meta_before_1460,core,2,20,2900553,145027.65,1001
decode,mixed_meta_before_1460,fused,2,18,2886692,160371.77777777778,1001
decode,mixed_meta_before_1460,baseline,2,18,2893079,160726.61111111112,1001
decode,mixed_meta_before_1460,simd,2,15,2222504,148166.93333333332,1001
decode,mixed_meta_before_1460,combined,2,26,2595116,99812.15384615384,1001
decode,mixed_meta_before_1460,baseline,3,18,2888763,160486.83333333334,1001
decode,mixed_meta_before_1460,fused,3,18,2873304,159628,1001
decode,mixed_meta_before_1460,combined,3,26,2561518,98519.92307692308,1001
decode,mixed_meta_before_1460,core,3,20,2916214,145810.7,1001
decode,mixed_meta_before_1460,simd,3,15,2155482,143698.8,1001
decode,mixed_meta_before_1460,baseline,4,18,2895779,160876.61111111112,1001
decode,mixed_meta_before_1460,simd,4,15,2150766,143384.4,1001
decode,mixed_meta_before_1460,combined,4,26,2578787,99184.11538461539,1001
decode,mixed_meta_before_1460,fused,4,18,2866885,159271.38888888888,1001
decode,mixed_meta_before_1460,core,4,20,2925719,146285.95,1001
decode,mixed_meta_before_1460,simd,5,15,2160210,144014,1001
decode,mixed_meta_before_1460,fused,5,18,2887823,160434.61111111112,1001
decode,mixed_meta_before_1460,baseline,5,18,2891004,160611.33333333334,1001
decode,mixed_meta_before_1460,combined,5,26,2585857,99456.03846153847,1001
decode,mixed_meta_before_1460,core,5,20,2924191,146209.55,1001
decode,mixed_meta_before_1460,simd,6,15,2178775,145251.66666666666,1001
decode,mixed_meta_before_1460,fused,6,18,2891565,160642.5,1001
decode,mixed_meta_before_1460,baseline,6,18,2872919,159606.61111111112,1001
decode,mixed_meta_before_1460,core,6,20,2855957,142797.85,1001
decode,mixed_meta_before_1460,combined,6,26,2624389,100938.03846153847,1001
decode,mixed_meta_before_1460,simd,7,15,2160848,144056.53333333333,1001
decode,mixed_meta_before_1460,core,7,20,2921884,146094.2,1001
decode,mixed_meta_before_1460,combined,7,26,2570788,98876.46153846153,1001
decode,mixed_meta_before_1460,baseline,7,18,2879538,159974.33333333334,1001
decode,mixed_meta_before_1460,fused,7,18,2911223,161734.61111111112,1001
decode,mixed_meta_before_1460,combined,8,26,2613068,100502.61538461539,1001
decode,mixed_meta_before_1460,baseline,8,18,2970856,165047.55555555556,1001
decode,mixed_meta_before_1460,core,8,20,2976902,148845.1,1001
decode,mixed_meta_before_1460,simd,8,15,2174020,144934.66666666666,1001
decode,mixed_meta_before_1460,fused,8,18,2875821,159767.83333333334,1001
decode,mixed_meta_before_1460,fused,9,18,2865442,159191.22222222222,1001
decode,mixed_meta_before_1460,combined,9,26,2580928,99266.46153846153,1001
decode,mixed_meta_before_1460,simd,9,15,2160598,144039.86666666667,1001
decode,mixed_meta_before_1460,core,9,20,2943246,147162.3,1001
decode,mixed_meta_before_1460,baseline,9,18,2892943,160719.05555555556,1001
decode,mixed_meta_before_1460,combined,10,26,2596811,99877.34615384616,1001
decode,mixed_meta_before_1460,fused,10,18,2900538,161141,1001
decode,mixed_meta_before_1460,baseline,10,18,2831316,157295.33333333334,1001
decode,mixed_meta_before_1460,core,10,20,2859833,142991.65,1001
decode,mixed_meta_before_1460,simd,10,15,2149156,143277.06666666668,1001
decode,mixed_meta_before_1460,core,11,20,2867829,143391.45,1001
decode,mixed_meta_before_1460,fused,11,18,2814589,156366.05555555556,1001
decode,mixed_meta_before_1460,combined,11,26,2581540,99290,1001
decode,mixed_meta_before_1460,simd,11,15,2169537,144635.8,1001
decode,mixed_meta_before_1460,baseline,11,18,2845222,158067.88888888888,1001
decode,mixed_meta_before_1460,combined,12,26,2575104,99042.46153846153,1001
decode,mixed_meta_before_1460,baseline,12,18,2905903,161439.05555555556,1001
decode,mixed_meta_before_1460,core,12,20,2854442,142722.1,1001
decode,mixed_meta_before_1460,simd,12,15,2163947,144263.13333333333,1001
decode,mixed_meta_before_1460,fused,12,18,2880049,160002.72222222222,1001
decode,mixed_meta_before_1460,core,13,20,2846680,142334,1001
decode,mixed_meta_before_1460,fused,13,18,2825162,156953.44444444444,1001
decode,mixed_meta_before_1460,baseline,13,18,2898591,161032.83333333334,1001
decode,mixed_meta_before_1460,simd,13,15,2193761,146250.73333333334,1001
decode,mixed_meta_before_1460,combined,13,26,2616050,100617.30769230769,1001
decode,mixed_meta_before_1460,combined,14,26,2562758,98567.61538461539,1001
decode,mixed_meta_before_1460,fused,14,18,2865607,159200.38888888888,1001
decode,mixed_meta_before_1460,core,14,20,2884400,144220,1001
decode,mixed_meta_before_1460,baseline,14,18,2852802,158489,1001
decode,mixed_meta_before_1460,simd,14,15,2164805,144320.33333333334,1001
decode,mixed_meta_before_1460,combined,15,26,2596472,99864.30769230769,1001
decode,mixed_meta_before_1460,core,15,20,2866304,143315.2,1001
decode,mixed_meta_before_1460,simd,15,15,2152757,143517.13333333333,1001
decode,mixed_meta_before_1460,baseline,15,18,2848916,158273.11111111112,1001
decode,mixed_meta_before_1460,fused,15,18,2890250,160569.44444444444,1001
decode,mixed_meta_before_1460,baseline,16,18,2956940,164274.44444444444,1001
decode,mixed_meta_before_1460,simd,16,15,2153664,143577.6,1001
decode,mixed_meta_before_1460,fused,16,18,2881501,160083.38888888888,1001
decode,mixed_meta_before_1460,combined,16,26,2579651,99217.34615384616,1001
decode,mixed_meta_before_1460,core,16,20,3035491,151774.55,1001
decode,mixed_meta_before_1460,baseline,17,18,2971136,165063.11111111112,1001
decode,mixed_meta_before_1460,combined,17,26,2585255,99432.88461538461,1001
decode,mixed_meta_before_1460,simd,17,15,2184694,145646.26666666666,1001
decode,mixed_meta_before_1460,fused,17,18,2942289,163460.5,1001
decode,mixed_meta_before_1460,core,17,20,2924690,146234.5,1001
decode,mixed_meta_before_1460,simd,18,15,2195599,146373.26666666666,1001
decode,mixed_meta_before_1460,fused,18,18,2916141,162007.83333333334,1001
decode,mixed_meta_before_1460,combined,18,26,2618503,100711.65384615384,1001
decode,mixed_meta_before_1460,core,18,20,2860759,143037.95,1001
decode,mixed_meta_before_1460,baseline,18,18,2837042,157613.44444444444,1001
decode,mixed_meta_before_1460,core,19,20,2864964,143248.2,1001
decode,mixed_meta_before_1460,baseline,19,18,2863019,159056.61111111112,1001
decode,mixed_meta_before_1460,fused,19,18,2883854,160214.11111111112,1001
decode,mixed_meta_before_1460,simd,19,15,2153390,143559.33333333334,1001
decode,mixed_meta_before_1460,combined,19,26,2563706,98604.07692307692,1001
decode,mixed_meta_before_1460,core,20,20,2935495,146774.75,1001
decode,mixed_meta_before_1460,baseline,20,18,2956786,164265.88888888888,1001
decode,mixed_meta_before_1460,combined,20,26,2563188,98584.15384615384,1001
decode,mixed_meta_before_1460,fused,20,18,2890265,160570.27777777778,1001
decode,mixed_meta_before_1460,simd,20,15,2166394,144426.26666666666,1001
decode,mixed_meta_before_1460,simd,21,15,2157456,143830.4,1001
decode,mixed_meta_before_1460,combined,21,26,2577011,99115.80769230769,1001
decode,mixed_meta_before_1460,baseline,21,18,2939259,163292.16666666666,1001
decode,mixed_meta_before_1460,fused,21,18,2891135,160618.61111111112,1001
decode,mixed_meta_before_1460,core,21,20,2962260,148113,1001
decode,mixed_meta_before_1460,simd,22,15,2154708,143647.2,1001
decode,mixed_meta_before_1460,combined,22,26,2568305,98780.96153846153,1001
decode,mixed_meta_before_1460,core,22,20,2937899,146894.95,1001
decode,mixed_meta_before_1460,baseline,22,18,2921291,162293.94444444444,1001
decode,mixed_meta_before_1460,fused,22,18,2875781,159765.61111111112,1001
decode,mixed_meta_before_1460,combined,23,26,2565674,98679.76923076923,1001
decode,mixed_meta_before_1460,core,23,20,2961238,148061.9,1001
decode,mixed_meta_before_1460,baseline,23,18,2847322,158184.55555555556,1001
decode,mixed_meta_before_1460,simd,23,15,2163683,144245.53333333333,1001
decode,mixed_meta_before_1460,fused,23,18,2828278,157126.55555555556,1001
decode,mixed_meta_before_1460,fused,24,18,2829675,157204.16666666666,1001
decode,mixed_meta_before_1460,core,24,20,2893466,144673.3,1001
decode,mixed_meta_before_1460,baseline,24,18,2868617,159367.61111111112,1001
decode,mixed_meta_before_1460,combined,24,26,2567805,98761.73076923077,1001
decode,mixed_meta_before_1460,simd,24,15,2153150,143543.33333333334,1001
decode,mixed_meta_before_1460,fused,25,18,2827967,157109.27777777778,1001
decode,mixed_meta_before_1460,combined,25,26,2611384,100437.84615384616,1001
decode,mixed_meta_before_1460,core,25,20,2872849,143642.45,1001
decode,mixed_meta_before_1460,simd,25,15,2171475,144765,1001
decode,mixed_meta_before_1460,baseline,25,18,2910184,161676.88888888888,1001
decode,mixed_meta_before_1460,baseline,26,18,2867765,159320.27777777778,1001
decode,mixed_meta_before_1460,simd,26,15,2141418,142761.2,1001
decode,mixed_meta_before_1460,fused,26,18,2911317,161739.83333333334,1001
decode,mixed_meta_before_1460,core,26,20,2887666,144383.3,1001
decode,mixed_meta_before_1460,combined,26,26,2590725,99643.26923076923,1001
decode,mixed_meta_before_1460,core,27,20,2911563,145578.15,1001
decode,mixed_meta_before_1460,fused,27,18,2842857,157936.5,1001
decode,mixed_meta_before_1460,baseline,27,18,2894355,160797.5,1001
decode,mixed_meta_before_1460,combined,27,26,2574842,99032.38461538461,1001
decode,mixed_meta_before_1460,simd,27,15,2184644,145642.93333333332,1001
decode,mixed_meta_before_1460,fused,28,18,2887262,160403.44444444444,1001
decode,mixed_meta_before_1460,combined,28,26,2584731,99412.73076923077,1001
decode,mixed_meta_before_1460,simd,28,15,2167432,144495.46666666667,1001
decode,mixed_meta_before_1460,baseline,28,18,2878655,159925.27777777778,1001
decode,mixed_meta_before_1460,core,28,20,2885700,144285,1001
decode,mixed_meta_before_1460,simd,29,15,2173101,144873.4,1001
decode,mixed_meta_before_1460,core,29,20,2876264,143813.2,1001
decode,mixed_meta_before_1460,fused,29,18,2857341,158741.16666666666,1001
decode,mixed_meta_before_1460,combined,29,26,2576502,99096.23076923077,1001
decode,mixed_meta_before_1460,baseline,29,18,3196895,177605.27777777778,1001
decode,mixed_meta_before_1460,combined,30,26,3322369,127783.42307692308,1001
decode,mixed_meta_before_1460,core,30,20,2945097,147254.85,1001
decode,mixed_meta_before_1460,simd,30,15,2163797,144253.13333333333,1001
decode,mixed_meta_before_1460,fused,30,18,2941500,163416.66666666666,1001
decode,mixed_meta_before_1460,baseline,30,18,2937574,163198.55555555556,1001
decode_json,mixed_meta_before_1460,baseline,0,2,2298817,1149408.5,1001
decode_json,mixed_meta_before_1460,core,0,2,2181999,1090999.5,1001
decode_json,mixed_meta_before_1460,combined,0,2,2194270,1097135,1001
decode_json,mixed_meta_before_1460,fused,0,2,2406608,1203304,1001
decode_json,mixed_meta_before_1460,json_only,0,3,2778331,926110.3333333334,1001
decode_json,mixed_meta_before_1460,simd,0,2,2767083,1383541.5,1001
decode_json,mixed_meta_before_1460,combined,1,2,3183142,1591571,1001
decode_json,mixed_meta_before_1460,simd,1,2,3297913,1648956.5,1001
decode_json,mixed_meta_before_1460,baseline,1,2,3116414,1558207,1001
decode_json,mixed_meta_before_1460,json_only,1,3,3787222,1262407.3333333333,1001
decode_json,mixed_meta_before_1460,core,1,2,3417039,1708519.5,1001
decode_json,mixed_meta_before_1460,fused,1,2,2818447,1409223.5,1001
decode_json,mixed_meta_before_1460,core,2,2,2951788,1475894,1001
decode_json,mixed_meta_before_1460,simd,2,2,2933345,1466672.5,1001
decode_json,mixed_meta_before_1460,combined,2,2,2514190,1257095,1001
decode_json,mixed_meta_before_1460,json_only,2,3,3704790,1234930,1001
decode_json,mixed_meta_before_1460,fused,2,2,2958564,1479282,1001
decode_json,mixed_meta_before_1460,baseline,2,2,3643959,1821979.5,1001
decode_json,mixed_meta_before_1460,baseline,3,2,4809441,2404720.5,1001
decode_json,mixed_meta_before_1460,json_only,3,3,5695111,1898370.3333333333,1001
decode_json,mixed_meta_before_1460,combined,3,2,3654250,1827125,1001
decode_json,mixed_meta_before_1460,fused,3,2,3752276,1876138,1001
decode_json,mixed_meta_before_1460,core,3,2,3788503,1894251.5,1001
decode_json,mixed_meta_before_1460,simd,3,2,4411697,2205848.5,1001
decode_json,mixed_meta_before_1460,json_only,4,3,4992837,1664279,1001
decode_json,mixed_meta_before_1460,simd,4,2,4014489,2007244.5,1001
decode_json,mixed_meta_before_1460,fused,4,2,3709756,1854878,1001
decode_json,mixed_meta_before_1460,combined,4,2,3509977,1754988.5,1001
decode_json,mixed_meta_before_1460,core,4,2,3858345,1929172.5,1001
decode_json,mixed_meta_before_1460,baseline,4,2,4282870,2141435,1001
decode_json,mixed_meta_before_1460,simd,5,2,3826995,1913497.5,1001
decode_json,mixed_meta_before_1460,baseline,5,2,3799391,1899695.5,1001
decode_json,mixed_meta_before_1460,json_only,5,3,4581231,1527077,1001
decode_json,mixed_meta_before_1460,core,5,2,3674336,1837168,1001
decode_json,mixed_meta_before_1460,fused,5,2,3831667,1915833.5,1001
decode_json,mixed_meta_before_1460,combined,5,2,3481909,1740954.5,1001
decode_json,mixed_meta_before_1460,baseline,6,2,3489770,1744885,1001
decode_json,mixed_meta_before_1460,json_only,6,3,4530738,1510246,1001
decode_json,mixed_meta_before_1460,simd,6,2,3779820,1889910,1001
decode_json,mixed_meta_before_1460,fused,6,2,3380885,1690442.5,1001
decode_json,mixed_meta_before_1460,core,6,2,3011494,1505747,1001
decode_json,mixed_meta_before_1460,combined,6,2,2567520,1283760,1001
decode_json,mixed_meta_before_1460,fused,7,2,2717781,1358890.5,1001
decode_json,mixed_meta_before_1460,combined,7,2,2325440,1162720,1001
decode_json,mixed_meta_before_1460,simd,7,2,2539921,1269960.5,1001
decode_json,mixed_meta_before_1460,json_only,7,3,2771270,923756.6666666666,1001
decode_json,mixed_meta_before_1460,baseline,7,2,2463633,1231816.5,1001
decode_json,mixed_meta_before_1460,core,7,2,2483499,1241749.5,1001
decode_json,mixed_meta_before_1460,baseline,8,2,2554623,1277311.5,1001
decode_json,mixed_meta_before_1460,core,8,2,2498959,1249479.5,1001
decode_json,mixed_meta_before_1460,combined,8,2,2387125,1193562.5,1001
decode_json,mixed_meta_before_1460,fused,8,2,2560649,1280324.5,1001
decode_json,mixed_meta_before_1460,simd,8,2,2535557,1267778.5,1001
decode_json,mixed_meta_before_1460,json_only,8,3,3419800,1139933.3333333333,1001
decode_json,mixed_meta_before_1460,core,9,2,2990070,1495035,1001
decode_json,mixed_meta_before_1460,simd,9,2,3044001,1522000.5,1001
decode_json,mixed_meta_before_1460,baseline,9,2,2879376,1439688,1001
decode_json,mixed_meta_before_1460,combined,9,2,2663445,1331722.5,1001
decode_json,mixed_meta_before_1460,fused,9,2,2831280,1415640,1001
decode_json,mixed_meta_before_1460,json_only,9,3,3384745,1128248.3333333333,1001
decode_json,mixed_meta_before_1460,simd,10,2,2598093,1299046.5,1001
decode_json,mixed_meta_before_1460,baseline,10,2,2789975,1394987.5,1001
decode_json,mixed_meta_before_1460,combined,10,2,2938176,1469088,1001
decode_json,mixed_meta_before_1460,json_only,10,3,3079370,1026456.6666666666,1001
decode_json,mixed_meta_before_1460,core,10,2,2668411,1334205.5,1001
decode_json,mixed_meta_before_1460,fused,10,2,2678216,1339108,1001
decode_json,mixed_meta_before_1460,combined,11,2,2338508,1169254,1001
decode_json,mixed_meta_before_1460,fused,11,2,2423376,1211688,1001
decode_json,mixed_meta_before_1460,json_only,11,3,2837923,945974.3333333334,1001
decode_json,mixed_meta_before_1460,baseline,11,2,2337751,1168875.5,1001
decode_json,mixed_meta_before_1460,simd,11,2,2212464,1106232,1001
decode_json,mixed_meta_before_1460,core,11,2,2214500,1107250,1001
decode_json,mixed_meta_before_1460,json_only,12,3,2782945,927648.3333333334,1001
decode_json,mixed_meta_before_1460,combined,12,2,2181443,1090721.5,1001
decode_json,mixed_meta_before_1460,simd,12,2,2325718,1162859,1001
decode_json,mixed_meta_before_1460,core,12,2,2270942,1135471,1001
decode_json,mixed_meta_before_1460,baseline,12,2,2249999,1124999.5,1001
decode_json,mixed_meta_before_1460,fused,12,2,2283333,1141666.5,1001
decode_json,mixed_meta_before_1460,fused,13,2,2251651,1125825.5,1001
decode_json,mixed_meta_before_1460,baseline,13,2,2277357,1138678.5,1001
decode_json,mixed_meta_before_1460,simd,13,2,2205567,1102783.5,1001
decode_json,mixed_meta_before_1460,json_only,13,3,2782108,927369.3333333334,1001
decode_json,mixed_meta_before_1460,core,13,2,2222014,1111007,1001
decode_json,mixed_meta_before_1460,combined,13,2,2189581,1094790.5,1001
decode_json,mixed_meta_before_1460,fused,14,2,2342956,1171478,1001
decode_json,mixed_meta_before_1460,core,14,2,2277090,1138545,1001
decode_json,mixed_meta_before_1460,combined,14,2,2112957,1056478.5,1001
decode_json,mixed_meta_before_1460,json_only,14,3,2726603,908867.6666666666,1001
decode_json,mixed_meta_before_1460,baseline,14,2,2292665,1146332.5,1001
decode_json,mixed_meta_before_1460,simd,14,2,2215928,1107964,1001
decode_json,mixed_meta_before_1460,core,15,2,2198732,1099366,1001
decode_json,mixed_meta_before_1460,json_only,15,3,2734939,911646.3333333334,1001
decode_json,mixed_meta_before_1460,fused,15,2,2269559,1134779.5,1001
decode_json,mixed_meta_before_1460,simd,15,2,2283078,1141539,1001
decode_json,mixed_meta_before_1460,combined,15,2,2178232,1089116,1001
decode_json,mixed_meta_before_1460,baseline,15,2,2348762,1174381,1001
decode_json,mixed_meta_before_1460,baseline,16,2,2255796,1127898,1001
decode_json,mixed_meta_before_1460,combined,16,2,2081012,1040506,1001
decode_json,mixed_meta_before_1460,core,16,2,2206087,1103043.5,1001
decode_json,mixed_meta_before_1460,fused,16,2,2297086,1148543,1001
decode_json,mixed_meta_before_1460,json_only,16,3,2734582,911527.3333333334,1001
decode_json,mixed_meta_before_1460,simd,16,2,2243421,1121710.5,1001
decode_json,mixed_meta_before_1460,combined,17,2,2081719,1040859.5,1001
decode_json,mixed_meta_before_1460,baseline,17,2,2291034,1145517,1001
decode_json,mixed_meta_before_1460,simd,17,2,2218769,1109384.5,1001
decode_json,mixed_meta_before_1460,fused,17,2,2278761,1139380.5,1001
decode_json,mixed_meta_before_1460,json_only,17,3,2746364,915454.6666666666,1001
decode_json,mixed_meta_before_1460,core,17,2,2194725,1097362.5,1001
decode_json,mixed_meta_before_1460,baseline,18,2,2245895,1122947.5,1001
decode_json,mixed_meta_before_1460,combined,18,2,2099615,1049807.5,1001
decode_json,mixed_meta_before_1460,fused,18,2,2279212,1139606,1001
decode_json,mixed_meta_before_1460,simd,18,2,2230336,1115168,1001
decode_json,mixed_meta_before_1460,core,18,2,2175887,1087943.5,1001
decode_json,mixed_meta_before_1460,json_only,18,3,2731492,910497.3333333334,1001
decode_json,mixed_meta_before_1460,json_only,19,3,2731288,910429.3333333334,1001
decode_json,mixed_meta_before_1460,core,19,2,2200342,1100171,1001
decode_json,mixed_meta_before_1460,baseline,19,2,2242788,1121394,1001
decode_json,mixed_meta_before_1460,combined,19,2,2188650,1094325,1001
decode_json,mixed_meta_before_1460,simd,19,2,2237216,1118608,1001
decode_json,mixed_meta_before_1460,fused,19,2,2279141,1139570.5,1001
decode_json,mixed_meta_before_1460,baseline,20,2,2250922,1125461,1001
decode_json,mixed_meta_before_1460,core,20,2,2195642,1097821,1001
decode_json,mixed_meta_before_1460,json_only,20,3,2729858,909952.6666666666,1001
decode_json,mixed_meta_before_1460,combined,20,2,2119452,1059726,1001
decode_json,mixed_meta_before_1460,simd,20,2,2264318,1132159,1001
decode_json,mixed_meta_before_1460,fused,20,2,2287589,1143794.5,1001
decode_json,mixed_meta_before_1460,fused,21,2,2253365,1126682.5,1001
decode_json,mixed_meta_before_1460,combined,21,2,2110130,1055065,1001
decode_json,mixed_meta_before_1460,core,21,2,2260542,1130271,1001
decode_json,mixed_meta_before_1460,json_only,21,3,2741856,913952,1001
decode_json,mixed_meta_before_1460,baseline,21,2,2337670,1168835,1001
decode_json,mixed_meta_before_1460,simd,21,2,2246673,1123336.5,1001
decode_json,mixed_meta_before_1460,json_only,22,3,2771748,923916,1001
decode_json,mixed_meta_before_1460,core,22,2,2625191,1312595.5,1001
decode_json,mixed_meta_before_1460,baseline,22,2,2262393,1131196.5,1001
decode_json,mixed_meta_before_1460,simd,22,2,2252108,1126054,1001
decode_json,mixed_meta_before_1460,fused,22,2,2266839,1133419.5,1001
decode_json,mixed_meta_before_1460,combined,22,2,2112104,1056052,1001
decode_json,mixed_meta_before_1460,simd,23,2,2206423,1103211.5,1001
decode_json,mixed_meta_before_1460,core,23,2,2208126,1104063,1001
decode_json,mixed_meta_before_1460,fused,23,2,2282296,1141148,1001
decode_json,mixed_meta_before_1460,combined,23,2,2134518,1067259,1001
decode_json,mixed_meta_before_1460,json_only,23,3,2781882,927294,1001
decode_json,mixed_meta_before_1460,baseline,23,2,2323281,1161640.5,1001
decode_json,mixed_meta_before_1460,fused,24,2,2295294,1147647,1001
decode_json,mixed_meta_before_1460,core,24,2,2222285,1111142.5,1001
decode_json,mixed_meta_before_1460,simd,24,2,2293973,1146986.5,1001
decode_json,mixed_meta_before_1460,json_only,24,3,2779811,926603.6666666666,1001
decode_json,mixed_meta_before_1460,combined,24,2,2119431,1059715.5,1001
decode_json,mixed_meta_before_1460,baseline,24,2,2265535,1132767.5,1001
decode_json,mixed_meta_before_1460,fused,25,2,2330037,1165018.5,1001
decode_json,mixed_meta_before_1460,core,25,2,2199844,1099922,1001
decode_json,mixed_meta_before_1460,simd,25,2,2310611,1155305.5,1001
decode_json,mixed_meta_before_1460,baseline,25,2,2375390,1187695,1001
decode_json,mixed_meta_before_1460,json_only,25,3,2779184,926394.6666666666,1001
decode_json,mixed_meta_before_1460,combined,25,2,2106519,1053259.5,1001
decode_json,mixed_meta_before_1460,core,26,2,2180696,1090348,1001
decode_json,mixed_meta_before_1460,combined,26,2,2095842,1047921,1001
decode_json,mixed_meta_before_1460,baseline,26,2,2248891,1124445.5,1001
decode_json,mixed_meta_before_1460,fused,26,2,2333971,1166985.5,1001
decode_json,mixed_meta_before_1460,simd,26,2,2258523,1129261.5,1001
decode_json,mixed_meta_before_1460,json_only,26,3,2725660,908553.3333333334,1001
decode_json,mixed_meta_before_1460,json_only,27,3,2729928,909976,1001
decode_json,mixed_meta_before_1460,core,27,2,2182871,1091435.5,1001
decode_json,mixed_meta_before_1460,combined,27,2,2124643,1062321.5,1001
decode_json,mixed_meta_before_1460,baseline,27,2,2252036,1126018,1001
decode_json,mixed_meta_before_1460,simd,27,2,2245135,1122567.5,1001
decode_json,mixed_meta_before_1460,fused,27,2,2285033,1142516.5,1001
decode_json,mixed_meta_before_1460,fused,28,2,2283543,1141771.5,1001
decode_json,mixed_meta_before_1460,simd,28,2,3349352,1674676,1001
decode_json,mixed_meta_before_1460,json_only,28,3,3286407,1095469,1001
decode_json,mixed_meta_before_1460,core,28,2,2185980,1092990,1001
decode_json,mixed_meta_before_1460,baseline,28,2,2275608,1137804,1001
decode_json,mixed_meta_before_1460,combined,28,2,2086675,1043337.5,1001
decode_json,mixed_meta_before_1460,simd,29,2,2258120,1129060,1001
decode_json,mixed_meta_before_1460,json_only,29,3,2739931,913310.3333333334,1001
decode_json,mixed_meta_before_1460,baseline,29,2,2273610,1136805,1001
decode_json,mixed_meta_before_1460,core,29,2,2202209,1101104.5,1001
decode_json,mixed_meta_before_1460,combined,29,2,2133358,1066679,1001
decode_json,mixed_meta_before_1460,fused,29,2,2301905,1150952.5,1001
decode_json,mixed_meta_before_1460,combined,30,2,2091172,1045586,1001
decode_json,mixed_meta_before_1460,json_only,30,3,2746465,915488.3333333334,1001
decode_json,mixed_meta_before_1460,baseline,30,2,2288897,1144448.5,1001
decode_json,mixed_meta_before_1460,simd,30,2,2213697,1106848.5,1001
decode_json,mixed_meta_before_1460,fused,30,2,2278720,1139360,1001
decode_json,mixed_meta_before_1460,core,30,2,2186452,1093226,1001
